,AUROC,AUPRC,accuracy,f1,recall,mcc,gmean
0,0.7083128381701919,0.700466605453683,0.6435643564356436,0.6288659793814433,0.5700934579439252,0.2987699357526973,0.6434810641971718
1,0.6959870486656201,0.6936191850684097,0.6584158415841584,0.684931506849315,0.7211538461538461,0.3159020389951657,0.6533034038787975
2,0.7647405660377358,0.6846719901771888,0.7178217821782178,0.7106598984771574,0.7291666666666666,0.4361783721449793,0.7182755817377858
3,0.6215659340659341,0.652670008667799,0.5594059405940595,0.5615763546798029,0.5480769230769231,0.11947619173318694,0.5596309616048893
4,0.72997002997003,0.6771010623034244,0.6666666666666666,0.6598984771573604,0.7142857142857143,0.34053936884987973,0.6693668262260598
