,AUROC,AUPRC,accuracy,f1,recall,mcc,gmean
0,0.7943191865605659,0.904294223220873,0.8032258064516129,0.8777555110220441,0.9439655172413793,0.41251880652668893,0.602547641666162
1,0.8916578529878371,0.9686100912813126,0.8770226537216829,0.9263565891472868,0.9637096774193549,0.5729517044495398,0.7110222342955334
2,0.8129761904761904,0.9028569621752132,0.8258064516129032,0.891566265060241,0.925,0.4596030743416413,0.6702877846758915
3,0.8635983263598326,0.9530343097762197,0.8543689320388349,0.9112426035502958,0.9665271966527197,0.5404044239800332,0.6750174335266117
4,0.8326359832635983,0.9195522471323851,0.8381877022653722,0.9007936507936508,0.9497907949790795,0.4874412753164976,0.6589310113393677
