,AUROC,AUPRC,accuracy,f1,recall,mcc,gmean
0,0.7269012082444919,0.41240285390719317,0.8806451612903226,0.4126984126984127,0.30952380952380953,0.38087644309945684,0.5479820187028095
1,0.7892224206621788,0.4867253759546374,0.8252427184466019,0.22857142857142856,0.13793103448275862,0.24656036042857396,0.368419503212812
2,0.8294344764932999,0.5144646688331629,0.8580645161290322,0.37142857142857144,0.2549019607843137,0.35818307828666995,0.4989958878144384
3,0.8121278140885985,0.49817444596880245,0.8414239482200647,0.30985915492957744,0.2037037037037037,0.30008473766344096,0.4459940306565365
4,0.7641846407473554,0.43903973224094395,0.8122977346278317,0.2564102564102564,0.1724137931034483,0.21039844816795306,0.4068718688739738
