,AUROC,AUPRC,accuracy,f1,recall,mcc,gmean
0,0.8054583333333333,0.7782375245197166,0.7290322580645161,0.7375,0.7375,0.4575,0.7286974680894672
1,0.7751442878967917,0.7770486873569761,0.7119741100323624,0.7478753541076487,0.7674418604651163,0.41326485914400074,0.7021077948771314
2,0.7979034413631807,0.8077865678376499,0.7322580645161291,0.7551622418879056,0.7804878048780488,0.461655569785351,0.7274853135217988
3,0.8066121278569621,0.8054063954295791,0.7152103559870551,0.7441860465116279,0.7664670658682635,0.4245412368729913,0.7085068465369817
4,0.8065088757396449,0.8054528516832514,0.7702265372168284,0.8011204481792717,0.8461538461538461,0.5351404061921236,0.7577439040835791
