,AUROC,AUPRC,accuracy,f1,recall,mcc,gmean
0,0.8027363184079602,0.9829887994914387,0.9434628975265018,0.9706959706959707,0.9888059701492538,0.20771175034210276,0.3630988791223411
1,0.840251572327044,0.9876723396849583,0.9363957597173145,0.9669117647058824,0.9924528301886792,0.21410936433129601,0.3320730893758647
2,0.7671543016370602,0.9712496076819774,0.9293286219081273,0.9630996309963099,1.0,0.2905833666602723,0.30151134457776363
3,0.8290874524714829,0.9731610964372526,0.9293286219081273,0.9632352941176471,0.9961977186311787,0.1413335422165385,0.22318128490435513
4,0.6559701492537313,0.9653234762824984,0.950530035335689,0.9745454545454545,1.0,0.25170811269260246,0.2581988897471611
