,AUROC,AUPRC,accuracy,f1,recall,mcc,gmean
0,0.9054878089523517,0.9586571677607942,0.8511178861788617,0.9020394516883985,0.9284239504473503,0.5972036757798608,0.7666168367952365
1,0.8863364858138376,0.9451121249336485,0.8535841382816471,0.9026369168356998,0.9303135888501742,0.6130043417975692,0.7756005126328587
2,0.9096395822892822,0.9645861730754064,0.8617183528215556,0.9087860496311201,0.926812585499316,0.6255368643404794,0.7899320425336104
3,0.916784439306925,0.9646702664569541,0.8688357905439756,0.9134808853118712,0.9290586630286494,0.6443328672810403,0.8021718971870115
4,0.909253037465328,0.9618664784593407,0.8561260803253686,0.9041003049813623,0.9328671328671329,0.6220264370059934,0.7797524991747492
