,AUROC,AUPRC,accuracy,f1,recall,mcc,gmean
0,0.9466378538332749,0.9638328684387338,0.8833247289623128,0.9082047116165719,0.9141455437448897,0.7482855378217226,0.8713365144107904
1,0.9368099652506594,0.9558242926589275,0.8745482705214249,0.9016592472683124,0.9267886855241264,0.7308560583315186,0.8551862092681569
2,0.9479673560421735,0.9653545088223555,0.8915849251419721,0.9157979149959904,0.9261962692619627,0.764057228210449,0.8772898750606183
3,0.9389409724605255,0.9582832001630607,0.8848735157459989,0.909312728751525,0.9156429156429157,0.7518708448171322,0.8730310470484903
4,0.9346990045784307,0.9535566168252607,0.8771295818275684,0.9042638777152051,0.9079159935379645,0.7328480666968766,0.8642077721058401
