,AUROC,AUPRC,accuracy,f1,recall,mcc,gmean
0,0.9141312463578087,0.9565436278909208,0.8520657485561972,0.8931665062560153,0.90625,0.6536155369756528,0.8165144237524553
1,0.9124746800500029,0.9562128141307864,0.8498445135495335,0.893173198482933,0.9092664092664092,0.641961107169521,0.8076332433195059
2,0.9097407410034184,0.9477841424550844,0.8408888888888889,0.8844415752098128,0.9157754010695187,0.6338633472867548,0.796240136257015
3,0.9154531906245766,0.9553825795579158,0.850733007552199,0.8916827852998066,0.9068852459016393,0.6528475838702085,0.8151990671212529
4,0.9083188358480445,0.9517791551823239,0.8573333333333333,0.8988976377952755,0.9118210862619809,0.6575601884803692,0.8174503581467976
