,AUROC,AUPRC,accuracy,f1,recall,mcc,gmean
0,0.8,0.2991666666666667,0.868421052631579,0.0,0.0,0.0,0.0
1,0.4714285714285714,0.0754985754985755,0.9459459459459459,0.0,0.0,0.0,0.0
2,0.4545454545454545,0.2207516339869281,0.868421052631579,0.0,0.0,0.0,0.0
3,0.4857142857142857,0.19853128238221404,0.8108108108108109,0.0,0.0,0.0,0.0
4,0.675,0.4347826086956522,0.8648648648648649,0.0,0.0,0.0,0.0
