,AUROC,AUPRC,accuracy,f1,recall,mcc,gmean
0,0.28395061728395066,0.0904268145647456,0.9,0.0,0.0,0.0,0.0
1,0.2833333333333333,0.14538866930171276,0.8275862068965517,0.0,0.0,0.0,0.0
2,0.4814814814814815,0.16203703703703703,0.9310344827586207,0.0,0.0,0.0,0.0
3,0.5,0.2468253968253968,0.896551724137931,0.0,0.0,0.0,0.0
4,0.53,0.171256038647343,0.8620689655172413,0.0,0.0,0.0,0.0
