,AUROC,AUPRC,accuracy,f1,recall,mcc,gmean
0,0.8569774174869715,0.9914203955308398,0.98,0.9896988906497622,0.9944267515923567,0.6565879153180221,0.7516749295861772
1,0.889169871891941,0.9922190751793172,0.9784449576597383,0.9888446215139443,0.9959871589085072,0.6866650604662192,0.7508437363148913
2,0.9083338473875763,0.9944251190709057,0.9738260200153964,0.9864433811802232,0.991980753809142,0.617054750462461,0.7308512042955851
3,0.7936297954614837,0.9896087571287511,0.9822940723633564,0.9910121141070731,1.0,0.5034549928859804,0.508000508000762
4,0.898660605850307,0.9932502997928955,0.9846035411855273,0.9920697858842189,0.9984038308060654,0.7470039115898479,0.7795665917196755
