,AUROC,AUPRC,accuracy,f1,recall,mcc,gmean
0,0.8499122487499586,0.992598170050893,0.9690949227373068,0.9842223891810669,0.9977151561309977,0.31715770505647306,0.3896488411521825
1,0.8173256537982566,0.9904206627222482,0.9690721649484536,0.9842460615153789,0.9984779299847792,0.23863520453948475,0.30128179650902775
2,0.7924599066864695,0.9867153745568034,0.9609720176730486,0.9800826756858324,0.9977046671767407,0.060735638171969177,0.13986721063676305
3,0.8345896946564887,0.9892267448113684,0.9668630338733432,0.9831017649267744,0.999236641221374,0.2517355303075483,0.2885649322107265
4,0.7595315549772284,0.9797376551379209,0.9617083946980854,0.9804216867469879,0.9977011494252873,0.19788662981816976,0.2744051747992837
