,AUROC,AUPRC,accuracy,f1,recall,mcc,gmean
0,0.7557296146502449,0.9362906844290417,0.8857142857142857,0.9375573921028466,0.9903006789524733,0.3606976314724754,0.4533586915223036
1,0.6903283052351377,0.9153935415450952,0.8848739495798319,0.9371847776249427,0.9931972789115646,0.36134084890241197,0.43730623497094434
2,0.7341359466115428,0.9333452805789358,0.8847771236333053,0.9376422394173873,0.9922928709055877,0.2929725054949143,0.38022686814291246
3,0.736852539819068,0.9332571446377418,0.8764705882352941,0.93235158766682,0.9825412221144519,0.29609420140204556,0.43056374237505163
4,0.7129222336416581,0.9284631328027123,0.9007569386038689,0.9462169553327257,0.9885714285714285,0.3805008826746312,0.48445517230946095
