,AUROC,AUPRC,accuracy,f1,recall,mcc,gmean
0,0.8376970051559586,0.9565674298480217,0.8612354521038496,0.9219143576826196,0.9703075291622482,0.3483702313855828,0.5119517188904243
1,0.7798351803035346,0.938903705031799,0.8675022381378693,0.9257028112449799,0.9674711437565582,0.3528122260606024,0.5265577572178864
2,0.8013090437948867,0.9396992318269253,0.8540734109221128,0.9169638308711157,0.9750812567713976,0.37896643287135506,0.5209744431750208
3,0.8251441839562579,0.95717571650796,0.864816472694718,0.9247633283507724,0.9789029535864979,0.32907422818735976,0.4691570701031087
4,0.8119970468807679,0.9446612884371268,0.8567591763652641,0.919436052366566,0.9661375661375662,0.3181310725420689,0.4971433097279741
