,AUROC,AUPRC,accuracy,f1,recall,mcc,gmean
0,0.8734599156118144,0.9777674450921218,0.9060509554140127,0.9483814523184602,0.9801084990958409,0.4625864187770945,0.5940025754780047
1,0.8711954966129187,0.9758275743664937,0.910031847133758,0.9505902929602099,0.9748878923766816,0.47016038401893784,0.6222455444112678
2,0.8949093822646534,0.977337150538304,0.9084394904458599,0.949671772428884,0.9917733089579525,0.5105826219204955,0.5855213214831642
3,0.8625139949109415,0.9658081054106313,0.9211783439490446,0.9572723349158394,0.9857777777777778,0.4895091390867016,0.6010000148183898
4,0.8577393449817918,0.9722143853236203,0.896414342629482,0.9428822495606327,0.9736842105263158,0.41751453187207493,0.5752611168827416
