,AUROC,AUPRC,accuracy,f1,recall,mcc,gmean
0,0.8897830940988836,0.970276515422638,0.9139013452914798,0.9506680369989723,0.9736842105263158,0.6248923637565477,0.7447851664598513
1,0.9206981580510991,0.9806421778863915,0.9049327354260089,0.9450207468879668,0.9743315508021391,0.6114590688936775,0.7283333027406921
2,0.9027676929034757,0.9755531113176044,0.9031390134529148,0.9439834024896265,0.9691160809371672,0.5991283098529808,0.7308317951411488
3,0.9138045793397231,0.9807326087612376,0.9067264573991032,0.9458896982310093,0.9680511182108626,0.6179966585020543,0.7490191087861177
4,0.9120996902347384,0.9778739601789983,0.8923766816143498,0.9377593360995851,0.9689174705251876,0.5592046397042268,0.6960306999426058
