,AUROC,AUPRC,accuracy,f1,recall,mcc,gmean
0,0.8004673420719899,0.9794485273787054,0.9570661896243292,0.9777983348751156,0.9981114258734656,0.4245154122427925,0.4689593335763675
1,0.8376099706744868,0.9846820517517447,0.9543828264758497,0.9763341067285383,0.9962121212121212,0.4216949261261469,0.4909369222044495
2,0.8355613996639638,0.9824300463248754,0.9525939177101967,0.975314392175128,0.9943019943019943,0.4379115641528814,0.5247334253245737
3,0.7954387428730357,0.9842342163991296,0.9633273703041145,0.9811840293712712,0.9981325863678805,0.3588185733158082,0.4121831004759136
4,0.8099670122525919,0.9857723927534563,0.9570277529095792,0.9778393351800554,0.998114985862394,0.37400990246751603,0.4221786575657265
