,AUROC,AUPRC,accuracy,f1,recall,mcc,gmean
0,0.758210207822611,0.9736787116772445,0.9410815173527038,0.9694176790950985,0.9965546942291128,0.26682660105937744,0.339097449272859
1,0.834195646027707,0.9850547910929616,0.9572235673930589,0.977962577962578,0.9974554707379135,0.34576639404560017,0.40772855977515104
2,0.7324573931257736,0.9738186436836906,0.9410815173527038,0.9695198329853862,0.9948586118251928,0.16037540470463685,0.26284482798596537
3,0.7653201568947072,0.9791327341811408,0.9491525423728814,0.9737390579408086,0.9965870307167235,0.26786064505945373,0.34495719495936833
4,0.7630295775059126,0.9792566782634812,0.9523809523809523,0.9755085097550851,0.9949195596951735,0.18268627695987152,0.29286332573391427
