,AUROC,AUPRC,accuracy,f1,recall,mcc,gmean
0,0.7571905955364602,0.9751347340456769,0.9698492462311558,0.9843982169390788,0.9962406015037594,0.5760832396874398,0.6412073883747078
1,0.794700460829493,0.9782228437725227,0.9791666666666666,0.9892153216809223,1.0,0.7217340871628637,0.7295601856708801
2,0.7797606814185563,0.9798075003500111,0.9669777458722182,0.9828869047619048,0.9954785229841748,0.552229123494487,0.6262253636064806
3,0.7685562571756601,0.9803916618641287,0.9770114942528736,0.9881831610044313,0.9985074626865672,0.6141718668246798,0.6499580486329701
4,0.804535232383808,0.9857655890141254,0.9762931034482759,0.9877641824249166,0.9985007496251874,0.6492019328142433,0.681776586926165
