,AUROC,AUPRC,accuracy,f1,recall,mcc,gmean
0,0.8612681943351691,0.9892176220274023,0.9625468164794008,0.9806051202482544,0.994492525570417,0.4809876314813153,0.571242382840063
1,0.8659423701680871,0.9884488743767379,0.9588014981273408,0.978772674642995,1.0,0.41431716502763727,0.42320736951515897
2,0.7366202301635373,0.9744085913326043,0.9617977528089887,0.980209545983702,0.9944881889763779,0.4769518237762021,0.566829942867197
3,0.7737898912462113,0.9729993031307205,0.9565543071161049,0.9774494556765163,0.9944620253164557,0.44021558257910526,0.5292732262040717
4,0.7732476530204886,0.9793070240606114,0.9647676161919041,0.9817900038744672,0.99528672427337,0.4883151835580882,0.5712473336088346
