,AUROC,AUPRC,accuracy,f1,recall,mcc,gmean
0,0.8468817512455359,0.9844662621411708,0.9446153846153846,0.9711769415532426,0.9893964110929854,0.3065941648118154,0.4478318061202246
1,0.8575153688524589,0.9874921390564814,0.9476923076923077,0.9727126805778491,0.9934426229508196,0.40299434888096664,0.49835795944050587
2,0.8216137295081967,0.9822319699311743,0.936923076923077,0.9670682730923694,0.9868852459016394,0.2591013586387552,0.4155778122479434
3,0.8258340342024109,0.9819926479093298,0.943076923076923,0.9703763010408326,0.9950738916256158,0.32749885009882385,0.4121779523748033
4,0.871883435713223,0.9896585223122818,0.945342571208622,0.9717018732562774,0.997545008183306,0.2824449740000293,0.3414618130738182
