,AUROC,AUPRC,accuracy,f1,recall,mcc,gmean
0,0.7866532728129573,0.7671001304065855,0.7293497363796133,0.7038461538461539,0.6853932584269663,0.45554711928038705,0.7256219893128641
1,0.7945217326842768,0.779843376116932,0.7082601054481547,0.7014388489208633,0.6818181818181818,0.41733710964352433,0.707901347207882
2,0.7933603498974524,0.7760873476622712,0.7293497363796133,0.725,0.7097902097902098,0.4592132965443689,0.7291883393123703
3,0.7609590056586524,0.7552966956465397,0.6906854130052724,0.6752767527675276,0.6466431095406361,0.3824428636541998,0.68906304329483
4,0.7884120384120384,0.7651520606425248,0.7381370826010545,0.7235621521335807,0.7142857142857143,0.4750385047395887,0.736853898648618
