,AUROC,AUPRC,accuracy,f1,recall,mcc,gmean
0,0.9703829379636423,0.944471119845813,0.9407699901283317,0.8814229249011858,0.8544061302681992,0.8427501775346846,0.9107196090149786
1,0.9793649203646199,0.9577884940153069,0.947680157946693,0.8986615678776291,0.8768656716417911,0.8639129856950788,0.9237562739224774
2,0.968323446101224,0.9320484256117343,0.9506416584402764,0.895397489539749,0.8806584362139918,0.8633166871277469,0.9255487447253662
3,0.9789373814041745,0.9559963129918558,0.9417571569595261,0.8778467908902692,0.8548387096774194,0.8401705377773266,0.9105699734649758
4,0.9701565057283142,0.9225128865065607,0.9407114624505929,0.8828125,0.8692307692307693,0.8433273868025754,0.9160663609921541
