,AUROC,AUPRC,accuracy,f1,recall,mcc,gmean
0,0.9837590932160379,0.990472118455685,0.9546485260770975,0.9606299212598425,0.9494163424124513,0.9075235536021335,0.9556658633797531
1,0.9838236562850488,0.989191165713655,0.9410430839002267,0.9522058823529411,0.9664179104477612,0.8759709680813327,0.9335159284189285
2,0.9867215302491102,0.9936336454202532,0.9682539682539683,0.9746376811594203,0.9572953736654805,0.9333441358577984,0.9722804027103816
3,0.9913878173499596,0.9956980672794253,0.9546485260770975,0.9638989169675091,0.9401408450704225,0.9051155885876911,0.9603001459563848
4,0.9930471391210053,0.9953643846632457,0.9545454545454546,0.9612403100775194,0.9649805447470817,0.9063370406757079,0.9523530068769877
