,AUROC,AUPRC,accuracy,f1,recall,mcc,gmean
0,0.8871343198371994,0.855531532728959,0.807277628032345,0.7843137254901961,0.7938931297709924,0.6103268771334482,0.8057839329896904
1,0.8922999316382562,0.8635780473398649,0.8254716981132075,0.7990690457719162,0.7779456193353474,0.6457549415562759,0.81972444314309
2,0.8812340860514821,0.83864665521332,0.8165879973027647,0.7824,0.7725118483412322,0.6240894429584944,0.8100497838748734
3,0.8878220432035344,0.8394544013645114,0.8214285714285714,0.7861178369652946,0.7717908082408875,0.6332621334930961,0.8138246234540515
4,0.8845796760507637,0.8476946956330915,0.8240053944706676,0.7910328262610088,0.7647058823529411,0.6404661287406449,0.8155492189304931
