,AUROC,AUPRC,accuracy,f1,recall,mcc,gmean
0,0.8506962205171924,0.8359066784358432,0.8022388059701493,0.7488151658767772,0.6869565217391305,0.59442998091406,0.7814269123364459
1,0.8545508982035928,0.729100376259084,0.7827715355805244,0.7010309278350515,0.68,0.5313253524247065,0.757714812133791
2,0.8039809863339276,0.6789385688110506,0.7303370786516854,0.6170212765957447,0.5686274509803921,0.41481147884234304,0.6871194187785028
3,0.8485384791048185,0.8067275968546448,0.7453183520599251,0.6851851851851852,0.6379310344827587,0.47698859735981824,0.72669705153129
4,0.8722154222766217,0.7849526599240345,0.8314606741573034,0.7593582887700535,0.7473684210526316,0.6299185957113718,0.8100123153634096
