,AUROC,AUPRC,accuracy,f1,recall,mcc,gmean
0,0.742547958681751,0.7543363226814539,0.6831683168316832,0.7009345794392523,0.7009345794392523,0.3640924741760944,0.6817846434536263
1,0.6954964678178964,0.6819862830839971,0.6584158415841584,0.7012987012987013,0.7788461538461539,0.3201101827433031,0.6428571428571429
2,0.7517197327044025,0.6761452405762562,0.7029702970297029,0.7058823529411765,0.75,0.4108621517588258,0.7037634679833307
3,0.6584576138147566,0.6337698312695207,0.6188118811881188,0.6206896551724138,0.6057692307692307,0.23836383079773749,0.6190652293916677
4,0.7631368631368631,0.6898765342952442,0.6965174129353234,0.6871794871794872,0.7362637362637363,0.3983510943372004,0.6990074310129962
