,AUROC,AUPRC,accuracy,f1,recall,mcc,gmean
0,0.7472459132906895,0.34794178415167665,0.8612903225806452,0.2711864406779661,0.19047619047619047,0.2358524468342761,0.4290449883054803
1,0.7988734716307184,0.5156488462051704,0.8349514563106796,0.37037037037037035,0.25862068965517243,0.3373243811120351,0.5003776565237847
2,0.820009084714967,0.46451368724673614,0.8548387096774194,0.43037974683544306,0.3333333333333333,0.3762000254593804,0.56495691798253
3,0.7772694262890341,0.49402444687297453,0.8543689320388349,0.36619718309859156,0.24074074074074073,0.37483377751672853,0.4867899088886169
4,0.7236570957549114,0.45477764306061597,0.8220064724919094,0.3037974683544304,0.20689655172413793,0.26536436256309864,0.4466295447772056
