,AUROC,AUPRC,accuracy,f1,recall,mcc,gmean
0,0.8464301503094606,0.9305292211501042,0.8096774193548387,0.8817635270541082,0.9482758620689655,0.43402584151210327,0.6139046084353648
1,0.8677617662612375,0.9524836078802352,0.8770226537216829,0.9254901960784314,0.9516129032258065,0.5823278031048275,0.7389231377418201
2,0.8222619047619047,0.9131162872365189,0.8483870967741935,0.9072978303747534,0.9583333333333334,0.5198675362411387,0.6721500682776982
3,0.9067842199641363,0.9602533904451862,0.8770226537216829,0.9246031746031746,0.9748953974895398,0.6201845368377648,0.727481223170571
4,0.8523610280932457,0.9299978232574417,0.86084142394822,0.9127789046653144,0.9414225941422594,0.5768636440373827,0.7425662679406623
