,AUROC,AUPRC,accuracy,f1,recall,mcc,gmean
0,0.7820530375644713,0.6636564328212866,0.7290322580645161,0.6111111111111112,0.6055045871559633,0.40325838499892447,0.694257661980534
1,0.7933436532507739,0.7010647946513309,0.7152103559870551,0.6333333333333333,0.6386554621848739,0.40059270903872285,0.6981367759853317
2,0.8079824561403508,0.7133542102481153,0.7387096774193549,0.64,0.6,0.4387602359538963,0.7041231949625083
3,0.775893635571055,0.7125606680627184,0.6796116504854369,0.5263157894736842,0.4435483870967742,0.30886312967992574,0.6096077604670249
4,0.818219273137306,0.7469021623863007,0.7313915857605178,0.6556016597510373,0.626984126984127,0.4374161835655959,0.7096780870574663
