,AUROC,AUPRC,accuracy,f1,recall,mcc,gmean
0,0.7808541666666667,0.7519281618022124,0.7032258064516129,0.7341040462427746,0.79375,0.40846086443841567,0.6939320331751998
1,0.7857536920726532,0.8190375883571166,0.7184466019417476,0.7603305785123967,0.8023255813953488,0.4248156401503713,0.701382101871972
2,0.8050659873037086,0.816619780634535,0.7193548387096774,0.7507163323782235,0.7987804878048781,0.4364467068953943,0.70946538273668
3,0.802521717129122,0.8422221611188876,0.7216828478964401,0.7485380116959064,0.7664670658682635,0.4379256121624766,0.7160846754236926
4,0.8191462383770076,0.8115531972544945,0.7605177993527508,0.7932960893854749,0.8402366863905325,0.5153073044581086,0.7470992085312342
