,AUROC,AUPRC,accuracy,f1,recall,mcc,gmean
0,0.8185323383084577,0.9881288299112508,0.9328621908127208,0.9650092081031307,0.9776119402985075,0.14997210655773321,0.36103775246706216
1,0.7660377358490565,0.9772206541341744,0.9257950530035336,0.9613259668508287,0.9849056603773585,0.07495329325054673,0.23391661149237664
2,0.6641414141414141,0.9468489695556987,0.9293286219081273,0.9628252788104089,0.9923371647509579,0.3237076002363026,0.4247645689621825
3,0.7613117870722432,0.9748704000898405,0.9257950530035336,0.9613259668508287,0.9923954372623575,0.10608948665151972,0.22275495923349917
4,0.7802238805970148,0.9835325055217881,0.9363957597173145,0.967032967032967,0.9850746268656716,0.0879919431184468,0.2562647884338478
