,AUROC,AUPRC,accuracy,f1,recall,mcc,gmean
0,0.9028625074335656,0.9618079090182864,0.8394308943089431,0.8944555778223113,0.9215416379903648,0.5644560578074677,0.7483866565816656
1,0.9033336826386524,0.961480495730678,0.8378240976105745,0.8933467067870278,0.9310104529616725,0.5653882658814277,0.7389222762296108
2,0.9095894678387128,0.9639827537681511,0.8632435180477885,0.9085345120707242,0.9138166894664843,0.6378413301460433,0.8093532946850585
3,0.910228655921445,0.9646620359532808,0.8571428571428571,0.9063645451516161,0.927694406548431,0.6087133408452929,0.776948810515374
4,0.905017515073381,0.9625060724063444,0.8434163701067615,0.8946648426812586,0.9146853146853147,0.5924335346368046,0.7732185574155227
