,AUROC,AUPRC,accuracy,f1,recall,mcc,gmean
0,0.9165437427156178,0.9579405265136374,0.8520657485561972,0.89344,0.9088541666666666,0.6528402960981223,0.8145717266773368
1,0.9263561060548149,0.9646574291128367,0.8538427365615282,0.8974758491741975,0.9266409266409267,0.6477866025002017,0.8005028249787967
2,0.917027635143761,0.9536567581267537,0.8435555555555555,0.8873239436619719,0.9264705882352942,0.6390788891811549,0.7931678930718853
3,0.9185485254933841,0.9575138963967376,0.8525099955575299,0.8954001260239446,0.9318032786885246,0.6523940752482609,0.7994816095815279
4,0.9217135794407779,0.9611259490831621,0.8582222222222222,0.9023569023569024,0.94185303514377,0.6529113209963698,0.7926918355035699
