,AUROC,AUPRC,accuracy,f1,recall,mcc,gmean
0,0.9473095043413933,0.9682991614678468,0.8864223025296851,0.9108589951377634,0.9190515126737531,0.7546485820172493,0.8736714980908903
1,0.9397738463105709,0.9608372866013032,0.8657718120805369,0.8943948009748173,0.9159733777038269,0.7120248940175611,0.8472449673925355
2,0.9451356632013567,0.9667347117530767,0.8791946308724832,0.9066985645933014,0.9221411192214112,0.7363617445546423,0.8610345533724562
3,0.9375872190118,0.9595562828330393,0.8668043366029943,0.8953771289537713,0.9041769041769042,0.7124416284018269,0.852126587153064
4,0.9265313244630571,0.9513628906074016,0.8606091894682498,0.8917401764234162,0.8982229402261712,0.696259504809514,0.8445006243167754
