,AUROC,AUPRC,accuracy,f1,recall,mcc,gmean
0,0.8686602242636725,0.9697097173759929,0.9072067828544512,0.9483887870055017,0.9906951286261632,0.546881211049254,0.6230934025051046
1,0.871497909700647,0.9731466353562473,0.910032972209138,0.9498819207557072,0.9789075175770687,0.5371728711240985,0.6601999175885668
2,0.8616957661075308,0.9712953782740721,0.909048067860509,0.9494102228047182,0.9863834422657952,0.5434625352540892,0.6379415273075659
3,0.861477377477339,0.969883079526769,0.9095619406500236,0.9497645211930926,0.9864130434782609,0.5409691898158042,0.6358653796774608
4,0.8684158390800722,0.9736397355323141,0.9104618284637135,0.9510056730273336,0.987152034261242,0.48432362863297296,0.5848123025320785
