,AUROC,AUPRC,accuracy,f1,recall,mcc,gmean
0,0.8946365608521195,0.9181390876445781,0.8261282660332542,0.8475,0.8453865336658354,0.6453039046355724,0.8226081212719888
1,0.8840905625157317,0.9110438594543758,0.8038004750593825,0.8252221752010157,0.818639798488665,0.6017503326511265,0.8013696805454792
2,0.8862178959574787,0.9087257868721357,0.8128266033254157,0.8320545609548167,0.8327645051194539,0.6206826679421205,0.8099607067486301
3,0.879998147633602,0.910350162275013,0.797624703087886,0.8191850594227504,0.7909836065573771,0.5920109241868864,0.7988425914836569
4,0.8784922561618329,0.9023882829611858,0.8099762470308789,0.8268398268398268,0.8031959629941127,0.6180306581968479,0.8109492067871017
