,AUROC,AUPRC,accuracy,f1,recall,mcc,gmean
0,0.6419753086419753,0.44740740740740736,0.9,0.0,0.0,0.0,0.0
1,0.6083333333333334,0.2638095238095238,0.7586206896551724,0.0,0.0,-0.12422599874998831,0.0
2,0.5185185185185186,0.10238095238095238,0.8275862068965517,0.0,0.0,-0.09245003270420485,0.0
3,0.3974358974358974,0.18007662835249044,0.896551724137931,0.0,0.0,0.0,0.0
4,0.64,0.40314685314685317,0.8620689655172413,0.0,0.0,0.0,0.0
