,AUROC,AUPRC,accuracy,f1,recall,mcc,gmean
0,0.7983782498994406,0.9451311251882829,0.8549686660698299,0.9194029850746268,0.9798515376458112,0.27711152304371617,0.41781724588614805
1,0.7746333785478462,0.9406311909888311,0.864816472694718,0.9248382279741165,0.974816369359916,0.3121949176458178,0.4689649062895864
2,0.7756168254571043,0.9184430736899387,0.8433303491495077,0.9120160884866767,0.9826652221018418,0.29595952281281657,0.4210522090552813
3,0.8017876313884102,0.952890572407531,0.8666069829901522,0.9256857855361597,0.9789029535864979,0.34265864517395767,0.4813449976534866
4,0.8195951765719207,0.9550285398345411,0.8701880035810206,0.9276807980049875,0.9841269841269841,0.374472962246682,0.4902143179461202
