,AUROC,AUPRC,accuracy,f1,recall,mcc,gmean
0,0.8088598386314538,0.9810043579307829,0.9492307692307692,0.9737470167064439,0.99836867862969,0.3234492978209124,0.36730734583085795
1,0.8558094262295082,0.9868076878601115,0.9446153846153846,0.9712,0.9950819672131147,0.3320956573259489,0.4173000650159248
2,0.8609579918032787,0.9891573996540577,0.9407692307692308,0.9692614770459081,0.9950819672131147,0.2420846188509031,0.33458440087887453
3,0.8329078056790419,0.9853821803542567,0.936923076923077,0.9672785315243416,0.9950738916256158,0.1734804167915657,0.26983380950706276
4,0.8253448678980594,0.9798049386653807,0.9461123941493457,0.9720223820943246,0.9950900163666121,0.3224291257603641,0.4098807272309861
