,AUROC,AUPRC,accuracy,f1,recall,mcc,gmean
0,0.8369896354183914,0.9899485750180608,0.9683590875643856,0.9838527975966954,0.9977151561309977,0.2857205930121455,0.3607447289917727
1,0.8600473917254738,0.9940796803315618,0.9683357879234168,0.9838406614054866,0.9961948249619482,0.2618492502777991,0.3685712263029325
2,0.7633556865745533,0.9852673859651093,0.9624447717231223,0.9808198570891312,0.9977046671767407,0.1620406741289839,0.2422571151358117
3,0.8360607506361322,0.9918064043993353,0.9690721649484536,0.9842105263157894,0.999236641221374,0.35004342427550655,0.3817355238618972
4,0.8287500903636232,0.9911243011147616,0.9617083946980854,0.9804216867469879,0.9977011494252873,0.19788662981816976,0.2744051747992837
