,AUROC,AUPRC,accuracy,f1,recall,mcc,gmean
0,0.7179597605954195,0.9685104804878586,0.9394673123486683,0.9687108886107635,1.0,0.19007289981533954,0.19611613513818404
1,0.7944444444444444,0.9845339250377608,0.9523809523809523,0.9755491089929549,0.998303647158609,0.16355727605707487,0.22341705923660005
2,0.7374262115586022,0.9741702096691374,0.9418886198547215,0.97,0.9974293059125964,0.13175786052272853,0.20386160602973982
3,0.7051474708369416,0.9723925220454568,0.9499596448748991,0.974188176519567,0.9982935153583617,0.2737149489673212,0.3229540563301959
4,0.8005124237204005,0.9858614279502246,0.9539951573849879,0.9763583575279967,0.9966130397967824,0.20601556209473654,0.29311246514582173
