,AUROC,AUPRC,accuracy,f1,recall,mcc,gmean
0,0.7550829932470765,0.9385851413789974,0.888235294117647,0.9388505747126437,0.9903006789524733,0.38249563957930793,0.47351770996406944
1,0.6852398457164587,0.9210639484438424,0.8773109243697479,0.9328426862925483,0.9854227405247813,0.3079845738235406,0.4285080444952746
2,0.7055468361214255,0.9317930373385569,0.8839360807401178,0.9367552703941339,0.9845857418111753,0.30821501716995514,0.4348478192549154
3,0.7466769150058867,0.9377663543330937,0.8815126050420168,0.9349930843706777,0.9835111542192047,0.33893128264405087,0.46529148501030554
4,0.7193696471394314,0.9352321641383243,0.9024390243902439,0.9470319634703196,0.9876190476190476,0.3986259167780556,0.5057531296594504
