,AUROC,AUPRC,accuracy,f1,recall,mcc,gmean
0,0.825709333202203,0.9832391394354277,0.9595505617977528,0.9790209790209791,0.991345397324941,0.44621707716324743,0.5703378020938523
1,0.8447961297612883,0.9891256517142863,0.9655430711610486,0.9821289821289821,0.9968454258675079,0.5541207332814786,0.6098829793149054
2,0.8267231980617806,0.9864754586554776,0.9602996254681648,0.9794653235180163,0.9952755905511811,0.440897429590324,0.5249902655496248
3,0.8014240506329114,0.9807841854635868,0.954307116104869,0.9763290648040357,0.995253164556962,0.3888435551043172,0.47358463159232916
4,0.7752694680179775,0.9819998362810527,0.9632683658170914,0.9809856422196352,0.992930086410055,0.47506982903439643,0.5846609191689329
