,AUROC,AUPRC,accuracy,f1,recall,mcc,gmean
0,0.7925490019578278,0.9894688469421601,0.9733441033925686,0.9864364981504316,0.9991673605328892,0.32928767040258666,0.3674542369986068
1,0.8499372002740352,0.9949867075624277,0.9757477768795473,0.9877149877149877,0.9983443708609272,0.10098274387607004,0.18554155319151996
2,0.8561073651452282,0.994508997209789,0.9757477768795473,0.9876948318293683,0.9991701244813278,0.25981652005012407,0.3060591432552285
3,0.7302904564315352,0.9872400807814317,0.9717057396928052,0.985649856498565,0.9975103734439834,-0.008034974692453739,0.0
4,0.7726394797320424,0.9895577128567783,0.9741309620048505,0.9868744872846595,1.0,0.23937284096104025,0.24253562503633297
