,AUROC,AUPRC,accuracy,f1,recall,mcc,gmean
0,0.8779656419529838,0.9760760206243184,0.9179936305732485,0.9550021843599825,0.9882459312839059,0.5381164937576873,0.628727582116104
1,0.886677479884235,0.9805341519963793,0.9124203821656051,0.9520069808027923,0.97847533632287,0.47922252081550465,0.6177983300235141
2,0.8827781163247342,0.9786138823720403,0.9044585987261147,0.9469026548672567,0.9780621572212066,0.500940023323641,0.6312446180022352
3,0.8892179813401188,0.9844446795745463,0.9203821656050956,0.9568965517241379,0.9866666666666667,0.48032781014831655,0.588611165648172
4,0.8541570288127351,0.9740740036911655,0.8924302788844621,0.9408672798948752,0.9745916515426497,0.3823098883832355,0.5413081224869428
