,AUROC,AUPRC,accuracy,f1,recall,mcc,gmean
0,0.8131111858004834,0.9850833795230589,0.9561717352415027,0.9773672055427252,0.9990557129367328,0.40247718202367394,0.43158385563622687
1,0.876290628054741,0.9913689557070838,0.9516994633273703,0.9749768303985171,0.9962121212121212,0.3656645427241724,0.43910733228547
2,0.8517934107677697,0.9851980667774016,0.9543828264758497,0.9762900976290098,0.9971509971509972,0.4567025411478157,0.5106792904714412
3,0.8079841865824344,0.9850565130602824,0.9597495527728086,0.979329352319706,0.9953314659197012,0.2809599349565376,0.38502059247050474
4,0.8382338090749966,0.9862823955228036,0.954341987466428,0.9764868603042877,0.998114985862394,0.3005186921215078,0.3532200068410611
