,AUROC,AUPRC,accuracy,f1,recall,mcc,gmean
0,0.880634768740032,0.9717205979816309,0.8905829596412556,0.937178166838311,0.9578947368421052,0.5224270852710854,0.6941542189923048
1,0.8809922756981581,0.9676226424572633,0.8807174887892377,0.9311237700673226,0.9614973262032086,0.5035899697995104,0.6658506592441912
2,0.8794958369638882,0.969668565935206,0.8905829596412556,0.9375,0.9744408945686901,0.5281635567003767,0.6571563644717058
3,0.8929621696195179,0.9751877922571083,0.8905829596412556,0.9372427983539094,0.9701810436634718,0.5331949390656099,0.6723214767285671
4,0.8879662673874893,0.9687837226687523,0.8887892376681614,0.9359504132231405,0.9710610932475884,0.5386223904854068,0.6734371118001278
