,AUROC,AUPRC,accuracy,f1,recall,mcc,gmean
0,0.7925581051620293,0.7948507147956687,0.7280701754385965,0.7013487475915221,0.6523297491039427,0.4586702139705816,0.7227116547285484
1,0.8099507169568341,0.8197140757183176,0.7504393673110721,0.7340823970037453,0.7232472324723247,0.4992813105404755,0.7487576078897912
2,0.8228015880844348,0.8137459490683692,0.7403508771929824,0.7318840579710145,0.7372262773722628,0.4802563943236655,0.7402286467020196
3,0.7712321313745858,0.7706599746428392,0.6959578207381371,0.6860254083484574,0.6450511945392492,0.39659906230481656,0.695548988860193
4,0.8013655462184872,0.794173295432824,0.7223198594024605,0.7148014440433214,0.7071428571428572,0.44441428826912016,0.7219289533894366
