,AUROC,AUPRC,accuracy,f1,recall,mcc,gmean
0,0.9729741160548131,0.9854211021617891,0.9387755102040817,0.9454545454545454,0.9105058365758755,0.8792791052639651,0.9437755196194282
1,0.9871991200069019,0.99249443301536,0.9523809523809523,0.9606003752345216,0.9552238805970149,0.9005243730727116,0.9515934808019045
2,0.9787700177935943,0.9900580473241128,0.9365079365079365,0.9487179487179487,0.9217081850533808,0.8681372898097601,0.9418832879470147
3,0.9698237193863819,0.9865091506232313,0.9206349206349206,0.9369369369369369,0.9154929577464789,0.8317200412165208,0.9226863709033887
4,0.9840530713784525,0.9902626945066608,0.9477272727272728,0.9549902152641878,0.9494163424124513,0.8927522123020972,0.9473835907190306
