,AUROC,AUPRC,accuracy,f1,recall,mcc,gmean
0,0.9639760128800848,0.9354694406987789,0.9299111549851925,0.8559837728194726,0.8084291187739464,0.8123338820341858,0.8864836747603958
1,0.9754908344185115,0.9453173445617475,0.9437314906219151,0.8905950095969289,0.8656716417910447,0.8534043482303333,0.917207805936452
2,0.9598391320613544,0.9306653101885229,0.9447186574531096,0.8823529411764706,0.8641975308641975,0.8465638990757643,0.915633026044735
3,0.9740802234872444,0.9447990272560698,0.9407699901283317,0.8760330578512396,0.8548387096774194,0.8375983326908627,0.9099561749635013
4,0.9649856792144027,0.9236126154038127,0.9367588932806324,0.8745098039215686,0.8576923076923076,0.8325454031524568,0.9093390479307776
