,AUROC,AUPRC,accuracy,f1,recall,mcc,gmean
0,0.8843819924677023,0.8426035572157009,0.8086253369272237,0.7801857585139319,0.7694656488549618,0.6109788427604714,0.8037518263213476
1,0.8788040002646262,0.8433808428009776,0.7991913746630728,0.7738998482549317,0.770392749244713,0.5933204123992482,0.7959641955486495
2,0.8779286311681072,0.8297333147228505,0.7977073499662846,0.7734138972809668,0.8088467614533965,0.5931965275832709,0.7990701779791082
3,0.889109565753758,0.8484460349642884,0.8133423180592992,0.7847707847707848,0.8003169572107766,0.620462486881781,0.8115682529915362
4,0.886312608423864,0.8584439265363423,0.811193526635199,0.7741935483870968,0.7430340557275542,0.614050822662898,0.8011443594612404
