,AUROC,AUPRC,accuracy,f1,recall,mcc,gmean
0,0.7822429906542057,0.7687835651637687,0.7277227722772277,0.7393364928909952,0.7289719626168224,0.4546842924449881,0.7276426640406803
1,0.7027570643642073,0.6841307316620207,0.6534653465346535,0.6929824561403509,0.7596153846153846,0.30840210590342293,0.6409464890954863
2,0.7478871855345912,0.6714261446679699,0.7079207920792079,0.6974358974358974,0.7083333333333334,0.41545204420067117,0.7079401424435676
3,0.6863226059654632,0.6630312200440451,0.6435643564356436,0.6538461538461539,0.6538461538461539,0.28649921507064363,0.6431623207252023
4,0.7897102897102898,0.7233619624453514,0.7213930348258707,0.7281553398058253,0.8241758241758241,0.4633250068694628,0.7242068243779014
