,AUROC,AUPRC,accuracy,f1,recall,mcc,gmean
0,0.7942169884522342,0.6577641871386197,0.7387096774193549,0.6009852216748769,0.5596330275229358,0.41078669008503527,0.6839246875410518
1,0.7924590888987173,0.6660373525877842,0.7346278317152104,0.6639344262295082,0.680672268907563,0.44526951227457384,0.723217049972603
2,0.8269517543859649,0.7414342599505872,0.7354838709677419,0.6403508771929824,0.6083333333333333,0.4335822433899697,0.7044657052153507
3,0.7853312990409764,0.7234575398448879,0.7249190938511327,0.5971563981042654,0.5080645161290323,0.4123223420325814,0.664946196143979
4,0.8471246422066094,0.7639230988474991,0.7249190938511327,0.6443514644351465,0.6111111111111112,0.42281717143737757,0.7006372327218547
