,AUROC,AUPRC,accuracy,f1,recall,mcc,gmean
0,0.8616821396993811,0.9408239007238839,0.8161290322580645,0.8862275449101796,0.9568965517241379,0.45387279446608764,0.6166887706029667
1,0.8872620306716024,0.9660961403002299,0.8770226537216829,0.92578125,0.9556451612903226,0.5789202022974971,0.7298319533039497
2,0.8520833333333333,0.9418827549204735,0.8387096774193549,0.9011857707509882,0.95,0.4877915854109967,0.6590035768383312
3,0.9162582187686791,0.9707994822438046,0.86084142394822,0.9145129224652088,0.9623430962343096,0.5656138567432338,0.7035050153586595
4,0.8822175732217573,0.9513397247147835,0.8576051779935275,0.9123505976095617,0.9581589958158996,0.5555743297649712,0.7019739906595276
