,AUROC,AUPRC,accuracy,f1,recall,mcc,gmean
0,0.8041044776119403,0.4032702033285153,0.864516129032258,0.2222222222222222,0.14285714285714285,0.21373167645146404,0.3737095778998345
1,0.8018271740623711,0.5297565240445958,0.8284789644012945,0.3764705882352941,0.27586206896551724,0.32085022743236846,0.513587866116411
2,0.8510863804981452,0.5569178689191905,0.8483870967741935,0.38961038961038963,0.29411764705882354,0.33657371859036384,0.5306846181858912
3,0.8057371096586783,0.5157559483487257,0.8414239482200647,0.30985915492957744,0.2037037037037037,0.30008473766344096,0.4459940306565365
4,0.7855474653111691,0.46250425387622845,0.8220064724919094,0.3037974683544304,0.20689655172413793,0.26536436256309864,0.4466295447772056
