,AUROC,AUPRC,accuracy,f1,recall,mcc,gmean
0,0.826865671641791,0.9886345388327675,0.9399293286219081,0.9689213893967094,0.9888059701492538,0.10528336065315055,0.25674967966864193
1,0.7985324947589099,0.9766114964607783,0.9434628975265018,0.9706959706959707,1.0,0.32370434010419663,0.3333333333333333
2,0.7432950191570882,0.9673018803175729,0.9328621908127208,0.9648798521256932,1.0,0.356525440341064,0.3692744729379982
3,0.8155893536121673,0.9781653082867234,0.9363957597173145,0.966789667896679,0.9961977186311787,0.317395942403052,0.386561324752848
4,0.816542288557214,0.9858256278484663,0.9575971731448764,0.9779411764705882,0.9925373134328358,0.4700615280988149,0.5751919428714893
