,AUROC,AUPRC,accuracy,f1,recall,mcc,gmean
0,0.9534247877401165,0.9727291553581139,0.8864223025296851,0.9108589951377634,0.9190515126737531,0.7546485820172493,0.8736714980908903
1,0.9426618900472002,0.9632982318678955,0.8822922044398555,0.9070904645476773,0.9259567387687188,0.7478634195909915,0.8665124532913859
2,0.9536042450047925,0.9724860893930977,0.8977800722767165,0.9204819277108434,0.9294403892944039,0.777738554816633,0.8848135965509634
3,0.9456296697916808,0.9652453886985451,0.8817759421786268,0.9076985086658605,0.9221949221949222,0.7441288162988365,0.865797533905648
4,0.9426321007855671,0.965533517937289,0.8776458440887971,0.9050100200400801,0.9119547657512116,0.7333421469923801,0.8631099334061733
