,AUROC,AUPRC,accuracy,f1,recall,mcc,gmean
0,0.9127970920559405,0.9645191324791467,0.8561991869918699,0.9046817110138093,0.9242945629731589,0.6148508424667001,0.7834560483416707
1,0.9029898352152157,0.9598189496970571,0.8500254194204372,0.8986602542081759,0.9114982578397213,0.6114090263469107,0.7897193822697027
2,0.9113983286153512,0.9646461053560207,0.8601931875953228,0.9070003381805885,0.9172366621067032,0.6262997344559946,0.7984515564013314
3,0.9214463297143775,0.9695003591160736,0.8693441789527199,0.9130287648054145,0.9201909959072305,0.6508982189218206,0.8142799245063778
4,0.9128485108932036,0.9650942359035479,0.8535841382816471,0.9008947006194081,0.9153846153846154,0.6221484226574938,0.7941737419405844
