,AUROC,AUPRC,accuracy,f1,recall,mcc,gmean
0,0.9014547182650631,0.9786083041395565,0.9095619406500236,0.9496062992125984,0.9901477832512315,0.5615009857947901,0.6388281859818801
1,0.901780603443171,0.9808101227562804,0.9189825718323128,0.9547844374342797,0.9821525148729042,0.5897597443249345,0.6956344305578367
2,0.8838993250757956,0.9754670632402475,0.9114043355325165,0.950395778364116,0.9809368191721133,0.5640398871566106,0.6754035233882139
3,0.8773323475188202,0.9731748724031587,0.9081488459726802,0.9488054607508533,0.9820652173913044,0.5367938651390336,0.6479919820871903
4,0.8690797349474785,0.9749122695505623,0.9147031102733271,0.952925877763329,0.9807280513918629,0.5272972637576909,0.6487400192721038
