,AUROC,AUPRC,accuracy,f1,recall,mcc,gmean
0,0.9069680750083403,0.9267289547506676,0.8346793349168646,0.8535353535353535,0.8428927680798005,0.664134500400152,0.833253798137206
1,0.9058883456705746,0.9270537130387304,0.8323040380047506,0.8499787505312367,0.8396305625524769,0.6602103229648242,0.8311510190419996
2,0.8949236197227922,0.9112128274145961,0.8285035629453682,0.8429752066115702,0.8267918088737202,0.654836795516602,0.8287205572001866
3,0.8988983050847458,0.9249083192101184,0.8152019002375297,0.8382536382536383,0.8262295081967214,0.623206522087782,0.8130089830729899
4,0.8962468919976054,0.9136161932867725,0.8232779097387174,0.8393782383419689,0.8174936921783011,0.6444210430450366,0.824113060185974
