,AUROC,AUPRC,accuracy,f1,recall,mcc,gmean
0,0.7489065388064345,0.9341397902323952,0.8966386554621849,0.9434482758620689,0.9951503394762367,0.4465571453918644,0.5065679557840247
1,0.7211518147631722,0.9222142073084895,0.8840336134453781,0.936405529953917,0.9873663751214772,0.36316009283783324,0.4698697421214991
2,0.7278930444435938,0.9262687264594295,0.8889823380992431,0.9390018484288355,0.9788053949903661,0.37209865951134713,0.5155272565850931
3,0.7266225012047898,0.9300725307946116,0.8815126050420168,0.9346314325452016,0.9776915615906887,0.35526932856012744,0.5021047149875146
4,0.7475334018499487,0.9405443047018855,0.9024390243902439,0.9470319634703196,0.9876190476190476,0.3986259167780556,0.5057531296594504
