,AUROC,AUPRC,accuracy,f1,recall,mcc,gmean
0,0.8401305057096248,0.9866160053486155,0.946923076923077,0.9723889555822329,0.9910277324632952,0.33670290971423306,0.4628998449757251
1,0.9085706967213115,0.9926248110612375,0.946923076923077,0.9724550898203593,0.9983606557377049,0.36197414437706465,0.40278233148609816
2,0.8398514344262294,0.9853399592827254,0.9407692307692308,0.9692614770459081,0.9950819672131147,0.2420846188509031,0.33458440087887453
3,0.87583603668549,0.9898406251328782,0.9415384615384615,0.9695756605284227,0.9942528735632183,0.3017893993060418,0.3970207243518913
4,0.8854709120666566,0.9910927262764901,0.945342571208622,0.9715430861723446,0.9918166939443536,0.33655805939470257,0.45397332582417843
