,AUROC,AUPRC,accuracy,f1,recall,mcc,gmean
0,0.9229952153110047,0.9836632550641327,0.9067264573991032,0.9458896982310093,0.9568421052631579,0.6106446227578879,0.7690919271091705
1,0.9338443256090315,0.9844555211926869,0.9076233183856502,0.9461578672242551,0.9679144385026738,0.6302689417762293,0.7585323728526544
2,0.9199281150159744,0.9821006419181968,0.9022421524663677,0.9430809399477806,0.9616613418530351,0.6036089952113065,0.7501936045981072
3,0.9296398489689224,0.9851435815223091,0.8986547085201794,0.9408686551543695,0.9574014909478168,0.5916853140272276,0.7485302020976946
4,0.9205122316054792,0.9810265936290767,0.8986547085201794,0.9414204250907205,0.9732047159699893,0.5861287626476552,0.70897404322198
