,AUROC,AUPRC,accuracy,f1,recall,mcc,gmean
0,0.8959162145871006,0.9812005641591913,0.9187898089171974,0.9553415061295972,0.9864376130198915,0.5461313891924722,0.643664351559378
1,0.9032471456285978,0.9850967108637435,0.9116242038216561,0.9515072083879423,0.9766816143497757,0.47774624687111206,0.6228177243431173
2,0.9243911797232942,0.9859926844524374,0.9076433121019108,0.9488986784140969,0.9844606946983546,0.5124283926953247,0.618745364197605
3,0.9132688719253605,0.9875531085911446,0.9259554140127388,0.9594063727629856,0.9768888888888889,0.551573877865643,0.6908391229572282
4,0.8792213800220633,0.9778832066891618,0.901195219123506,0.9453262786596119,0.9727767695099818,0.4568329590486052,0.6124729120385435
