,AUROC,AUPRC,accuracy,f1,recall,mcc,gmean
0,0.8465127192501309,0.9562890135830159,0.8666069829901522,0.9253132832080201,0.9787910922587487,0.36776313249316794,0.5031258563304982
1,0.8136149003147952,0.9524908136933945,0.8701880035810206,0.9272453587556447,0.9695697796432319,0.3663754129550283,0.5327067869580693
2,0.8126068065809608,0.9464812002523956,0.8630259623992838,0.9222955815134586,0.9837486457204767,0.4229872310236464,0.5328871186648261
3,0.8483821436596508,0.9666393470956145,0.8666069829901522,0.9248613212304589,0.9672995780590717,0.3696947868847235,0.5402841597348842
4,0.8398271194782823,0.9622180738912887,0.8710832587287377,0.9272727272727272,0.9714285714285714,0.4029846013923975,0.557343008600521
