,AUROC,AUPRC,accuracy,f1,recall,mcc,gmean
0,0.8620181380381216,0.99364565862005,0.9725363489499192,0.9860426929392446,1.0,0.28080044404381765,0.2847473987257497
1,0.8627825987668418,0.9951333572023923,0.9773645917542442,0.9885245901639345,0.9983443708609272,0.24274959648414446,0.3213673970429559
2,0.8854382780082987,0.9965290060382399,0.9741309620048505,0.9868852459016394,0.9991701244813278,0.12019351134176487,0.17670332874635242
3,0.7687110995850623,0.9909208682244897,0.9725141471301536,0.9860655737704918,0.9983402489626556,-0.0065578727415796685,0.0
4,0.868172705491174,0.9948073718288218,0.9717057396928052,0.985649856498565,0.999168744804655,-0.00478186608319857,0.0
