,AUROC,AUPRC,accuracy,f1,recall,mcc,gmean
0,0.8137170535011802,0.9844257163502089,0.9595505617977528,0.978988326848249,0.989771833202203,0.46048452895460784,0.5964052754269044
1,0.8973762889024907,0.992792747390487,0.9632958801498127,0.9810444874274662,1.0,0.5085873929151983,0.5183210553488161
2,0.8311447607510598,0.9831539837525022,0.9632958801498127,0.9810151104223169,0.9968503937007874,0.49328711081000204,0.5538259636941743
3,0.8505136833660188,0.9866086163059031,0.9610486891385768,0.9797822706065319,0.9968354430379747,0.5113556143843474,0.5682592047657777
4,0.7876385973497482,0.9828261131653552,0.9677661169415293,0.9833268708801861,0.9960722702278083,0.543724286838883,0.6128362204020864
