,AUROC,AUPRC,accuracy,f1,recall,mcc,gmean
0,0.8150796290137825,0.8239230961435469,0.7421052631578947,0.7252336448598131,0.6953405017921147,0.4846909569500811,0.7397245119934627
1,0.82915624458258,0.829056107044686,0.7592267135325131,0.74487895716946,0.7380073800738007,0.5170433142608012,0.757994776453823
2,0.8457227756954033,0.8470553293689402,0.7631578947368421,0.7567567567567568,0.7664233576642335,0.5262179731229206,0.7632727707371895
3,0.7887977939357966,0.8050429687087712,0.7135325131810193,0.7104795737122558,0.6825938566552902,0.4293371532956198,0.7137732317369192
4,0.8282439446366783,0.8209126093088666,0.7644991212653779,0.7563636363636363,0.7428571428571429,0.5289456174612736,0.7638650839872505
