,AUROC,AUPRC,accuracy,f1,recall,mcc,gmean
0,0.9854191338183048,0.991609115275808,0.9523809523809523,0.9584158415841584,0.9416342412451362,0.9035393396349658,0.9544258886140442
1,0.9920628073505307,0.9956117553578412,0.963718820861678,0.9703703703703703,0.9776119402985075,0.9237619076687803,0.9597408919013564
2,0.9879893238434164,0.9941847053098182,0.9546485260770975,0.96415770609319,0.9572953736654805,0.9026097887813757,0.9536407106359326
3,0.990894411052301,0.9953764177069031,0.9546485260770975,0.96415770609319,0.9471830985915493,0.9035579386912079,0.9576105846101658
4,0.9950458208415726,0.9963010404583472,0.9681818181818181,0.9728682170542635,0.9766536964980544,0.9344490996481903,0.9664152590554942
