,AUROC,AUPRC,accuracy,f1,recall,mcc,gmean
0,0.9138555603642758,0.8914348606483387,0.8423180592991913,0.8213740458015267,0.8213740458015267,0.6802401495409718,0.8399109038643693
1,0.9104415213060769,0.883772029250586,0.8376010781671159,0.8147578785549577,0.8006042296072508,0.6705993338195239,0.8333314956500198
2,0.9075829383886256,0.8855407028774736,0.8347943358057991,0.807843137254902,0.8135860979462876,0.6630219316561982,0.8318814598919487
3,0.9108190910053637,0.8754315194843321,0.8456873315363881,0.8201099764336214,0.8272583201267829,0.6851028131428714,0.8431367969933672
4,0.9119635214961291,0.8929261338253522,0.8381658799730276,0.8073836276083467,0.7786377708978328,0.6695318352509672,0.8296995688256287
