,AUROC,AUPRC,accuracy,f1,recall,mcc,gmean
0,0.8743108837737994,0.8277232551282975,0.7798507462686567,0.714975845410628,0.6434782608695652,0.5481390476840422,0.7535084180428119
1,0.8904790419161677,0.84624236700902,0.8052434456928839,0.7291666666666666,0.7,0.5787553769000963,0.7796053047136894
2,0.8467023172905527,0.7824235982405935,0.7640449438202247,0.6865671641791045,0.6764705882352942,0.4975880547799029,0.7439596331985204
3,0.8839061429550126,0.860803495689731,0.7790262172284644,0.728110599078341,0.6810344827586207,0.5471818921021558,0.7627653084233615
4,0.8975826193390453,0.8338631445355265,0.8352059925093633,0.7608695652173914,0.7368421052631579,0.6361460229742064,0.8095966628055903
