,AUROC,AUPRC,accuracy,f1,recall,mcc,gmean
0,0.8307786976952338,0.5990389258022124,0.8803088803088803,0.4745762711864407,0.34146341463414637,0.4638015972062614,0.5789628924891399
1,0.7611322443499665,0.4260141580274246,0.8416988416988417,0.2807017543859649,0.1951219512195122,0.24020384228267458,0.43354528326652264
2,0.8053935860058309,0.5288862998938973,0.8262548262548263,0.2857142857142857,0.1836734693877551,0.27689247603992256,0.4234386514540088
3,0.8388341910942045,0.4882663847124191,0.8494208494208494,0.36065573770491804,0.2682926829268293,0.310418734139455,0.5071650416809548
4,0.7390670553935861,0.4541736108745714,0.8185328185328186,0.3380281690140845,0.24489795918367346,0.2771423129332441,0.4829452884162952
