,AUROC,AUPRC,accuracy,f1,recall,mcc,gmean
0,0.8067375886524822,0.8078544687666318,0.7297297297297297,0.75,0.7446808510638298,0.4559701083656373,0.728087764134741
1,0.8100095728132105,0.810949295687692,0.7413127413127413,0.7697594501718213,0.8175182481751825,0.4811508691381931,0.7321731624329076
2,0.7428777497295348,0.765149218034637,0.667953667953668,0.7074829931972789,0.7375886524822695,0.32648150889392985,0.6567357453065585
3,0.8092995169082127,0.8160740558594239,0.7606177606177607,0.7801418439716312,0.7638888888888888,0.5182557093302066,0.7601963895761658
4,0.8085349705068013,0.771185936873795,0.7683397683397684,0.7959183673469388,0.823943661971831,0.5304151153873404,0.7599110400121809
