,AUROC,AUPRC,accuracy,f1,recall,mcc,gmean
0,0.7842148138864519,0.6918237784698608,0.7142857142857143,0.5978260869565217,0.5445544554455446,0.38393809317519595,0.6693662183194987
1,0.8109343047034767,0.7325934397613233,0.752895752895753,0.6483516483516484,0.6145833333333334,0.4604098779066635,0.7160874151205769
2,0.783337374227179,0.714148190433878,0.7104247104247104,0.6192893401015228,0.5398230088495575,0.4049939298834159,0.6743755614391791
3,0.8165680473372782,0.6487811524839152,0.7567567567567568,0.6358381502890174,0.6111111111111112,0.4545161427942862,0.714046170033042
4,0.8617549668874173,0.8078448738288886,0.7837837837837838,0.7171717171717171,0.6574074074074074,0.5504324694034113,0.7580813083380361
