,AUROC,AUPRC,accuracy,f1,recall,mcc,gmean
0,0.8855559626305183,0.9604249604820357,0.8841698841698842,0.9292452830188679,0.9563106796116505,0.61902008594816,0.7598652033832676
1,0.8208612440191387,0.9442526089554475,0.8725868725868726,0.9261744966442953,0.9904306220095693,0.5356324751349345,0.6134848297746541
2,0.8515677966101695,0.9451068446029917,0.8108108108108109,0.8852459016393442,0.945,0.38354979140733925,0.5799620092759438
3,0.7991575473336807,0.917895329621614,0.8262548262548263,0.89749430523918,0.9752475247524752,0.4064190297005423,0.539317436076381
4,0.8807972902553414,0.9566397898987695,0.8687258687258688,0.9198113207547169,0.9653465346534653,0.5821068274123423,0.7127952886361019
