,AUROC,AUPRC,accuracy,f1,recall,mcc,gmean
0,0.9012526652452026,0.99417840198085,0.9432624113475178,0.9705882352941176,0.9850746268656716,0.19256602084330582,0.3751332385900987
1,0.807824427480916,0.9723405008301564,0.9326241134751773,0.9650092081031307,1.0,0.21591483756761723,0.22360679774997896
2,0.841962091962092,0.9814072034494736,0.9323843416370107,0.9646182495344506,1.0,0.3564320685486404,0.3692744729379982
3,0.8427480916030535,0.9849119710438716,0.9326241134751773,0.9647495361781077,0.9923664122137404,0.27691615787458473,0.3858172648185421
4,0.8507223113964688,0.9891827457281428,0.9323843416370107,0.9650092081031307,0.9812734082397003,-0.030820440977445213,0.0
