,AUROC,AUPRC,accuracy,f1,recall,mcc,gmean
0,0.9041949820418076,0.9557496675321379,0.8511430090377459,0.902370990237099,0.9417758369723436,0.600745931198736,0.7551600036191626
1,0.8946361132407643,0.9517222279947158,0.8399787347155768,0.8922305764411027,0.9128205128205128,0.584452514580873,0.7686720292368567
2,0.9062901044761978,0.9540347738780277,0.8522062732589049,0.9023876404494382,0.9352256186317321,0.6060816220383609,0.7658924313635062
3,0.9187025097858623,0.9590579144236329,0.8686868686868687,0.912936200211491,0.9411337209302325,0.6517111037774748,0.7948402061157428
4,0.9040865125666887,0.959121816539493,0.85,0.8991416309012875,0.9229074889867841,0.6104407198262726,0.779455623499384
