,AUROC,AUPRC,accuracy,f1,recall,mcc,gmean
0,0.9162709123199394,0.95821852675115,0.849862258953168,0.8909636545515172,0.9082256968048946,0.6514818300709988,0.8133749636406314
1,0.917753776339635,0.9564472469468136,0.8507805325987144,0.8941023134571522,0.9239057239057239,0.6463088035660054,0.8007920440623486
2,0.9046994241040616,0.9486149397323989,0.8438934802571166,0.8876404494382022,0.9007377598926894,0.6328957053671926,0.8056073419739488
3,0.9232497333512876,0.9622884904327239,0.8581267217630854,0.8988543371522095,0.9270762997974341,0.6655310531395564,0.8122359142168332
4,0.9205545655146541,0.9619787729277121,0.8608815426997245,0.9024782748632121,0.9315614617940199,0.6646391886331515,0.8091495465918118
