,AUROC,AUPRC,accuracy,f1,recall,mcc,gmean
0,0.8973755112325793,0.9750600586441623,0.9098039215686274,0.9502164502164502,0.9870713884204609,0.5195130453029541,0.6149701386453361
1,0.8768898874700988,0.9715261584602358,0.9083333333333333,0.9493636609802328,0.9892776523702032,0.5223536562757252,0.6075635377283116
2,0.8886571428571428,0.9729001919182796,0.8960784313725491,0.9423913043478261,0.9908571428571429,0.4870199909250127,0.5667224931449723
3,0.8715259953800251,0.9700029258672545,0.8926470588235295,0.9401802786124009,0.9800683371298405,0.46257467989305906,0.5874474316097342
4,0.8562162488309651,0.9666671206111742,0.8999509563511525,0.9450431034482759,0.9865016872890888,0.44874043234905464,0.5533133796098143
