,AUROC,AUPRC,accuracy,f1,recall,mcc,gmean
0,0.9396613452725519,0.9614402313872561,0.8773738469886055,0.9038297872340425,0.921875,0.7359193458005466,0.8604853618087411
1,0.9462005071311481,0.9616902661275781,0.8805646036916395,0.9019607843137255,0.9158371040723982,0.7498358409926125,0.870643357221407
2,0.9550894246498823,0.9691154435875561,0.8914223669923995,0.9134948096885813,0.9295774647887324,0.7686683673785758,0.8783937781051714
3,0.9482863834278928,0.9663146120329021,0.8930510314875135,0.9163481953290871,0.9253859348198971,0.7684371907766355,0.880230301282539
4,0.9386094997164915,0.9601361114419057,0.8610206297502715,0.8891774891774892,0.9048458149779736,0.7037680360515478,0.8458307856330325
