,AUROC,AUPRC,accuracy,f1,recall,mcc,gmean
0,0.8948238967617965,0.9024646139398722,0.821198613174839,0.8374606033318325,0.8325872873769025,0.6388506342888852,0.819742229514651
1,0.8977075316435568,0.9125223054239067,0.8286280336800397,0.840258541089566,0.8103294746215495,0.658057639452796,0.830690190884913
2,0.8841044809459279,0.8941988136530639,0.8136769078295342,0.8289353958143767,0.8185085354896675,0.6246824465350227,0.8131038270962788
3,0.8990920400505649,0.9157091713695659,0.8291233283803864,0.847682119205298,0.8283002588438308,0.6542675992031521,0.829265845677701
4,0.8859479398663697,0.9037868064942642,0.8161546085232904,0.8291110087517273,0.8035714285714286,0.6321111510911441,0.8175877503716328
