,AUROC,AUPRC,accuracy,f1,recall,mcc,gmean
0,0.5898617511520737,0.23935723007151577,0.7894736842105263,0.0,0.0,-0.07812091314506639,0.0
1,0.6744791666666666,0.44385964912280695,0.868421052631579,0.2857142857142857,0.16666666666666666,0.3796631983009996,0.408248290463863
2,0.5294117647058824,0.1063011063011063,0.918918918918919,0.0,0.0,0.0,0.0
3,0.5882352941176471,0.35205314009661837,0.9210526315789473,0.4,0.25,0.4793012932694108,0.5
4,0.3522727272727273,0.10011191315539142,0.8648648648648649,0.0,0.0,-0.058025885318565944,0.0
