,AUROC,AUPRC,accuracy,f1,recall,mcc,gmean
0,0.5925925925925926,0.18925518925518925,0.9,0.0,0.0,0.0,0.0
1,0.7458333333333333,0.3481351981351981,0.7931034482758621,0.0,0.0,-0.08625819491779428,0.0
2,0.37037037037037035,0.08703703703703704,0.896551724137931,0.0,0.0,-0.05143444998736397,0.0
3,0.28205128205128205,0.09279503105590062,0.896551724137931,0.0,0.0,0.0,0.0
4,0.595,0.38846153846153847,0.8620689655172413,0.0,0.0,0.0,0.0
