,AUROC,AUPRC,accuracy,f1,recall,mcc,gmean
0,0.8926215730597579,0.9917758393557256,0.9502332814930016,0.9742143432715552,0.9950617283950617,0.3372587215157443,0.4268423608004994
1,0.8931790270184614,0.9883889828670457,0.9440124416796267,0.9708973322554567,0.9991680532445923,0.3665282507979827,0.3932342191333015
2,0.8369785297596374,0.985224415929997,0.9392996108949416,0.968421052631579,0.9950083194675541,0.2743773725443729,0.3631371262478616
3,0.8838027383819465,0.9895134830626681,0.9502332814930016,0.9742558326629123,0.9991749174917491,0.358043264231176,0.38539071245785556
4,0.9049146005509643,0.9931854387871734,0.9455252918287937,0.9717057396928052,0.9933884297520661,0.30827082651784565,0.41495460935347067
