,AUROC,AUPRC,accuracy,f1,recall,mcc,gmean
0,0.9406270602886235,0.9962941387546497,0.9867704280155642,0.9931699477701889,0.9959709911361805,0.786481922400585,0.8510831563414537
1,0.8497769875695476,0.989886851140234,0.971183800623053,0.9851106639839035,0.9943135662063363,0.5640026329830194,0.6568824601607967
2,0.8700013794583327,0.9901927899240669,0.9735202492211839,0.9863453815261044,0.9975629569455727,0.5941192450839005,0.6434926082289774
3,0.9209539059819284,0.9969042423457884,0.9828660436137072,0.99122106943336,0.9943955164131305,0.6421657702932093,0.7538076739984355
4,0.8925857275254866,0.9936375916498571,0.985202492211838,0.9924151696606787,0.9983935742971888,0.7127637943852392,0.750464106566442
