,AUROC,AUPRC,accuracy,f1,recall,mcc,gmean
0,0.8351306743441463,0.9558135034375629,0.8647430117222723,0.9245472837022133,0.9807897545357525,0.346902176336394,0.4775883589344592
1,0.8320998341786968,0.9538957024053074,0.868231046931408,0.9258130081300813,0.9774678111587983,0.39629674226467604,0.5322062696556554
2,0.8421126929777136,0.9592858887488919,0.8629395852119026,0.9232323232323232,0.9827956989247312,0.36558596548812466,0.48589153819811803
3,0.8437565928270042,0.9646969242479673,0.8709386281588448,0.9281045751633987,0.9736286919831224,0.34821714886190885,0.505546765043126
4,0.8350664511494255,0.9543141452647635,0.8528880866425993,0.9173008625063419,0.9741379310344828,0.3169432566012513,0.4710488012723062
