,AUROC,AUPRC,accuracy,f1,recall,mcc,gmean
0,0.8302708724202625,0.9840230066740943,0.9738562091503268,0.9864150943396226,0.9961890243902439,0.6638241971409554,0.7218611290830464
1,0.7941337028638615,0.9851941974268852,0.9760348583877996,0.9876450767502808,0.9969765684051398,0.6217754855707815,0.6793844464759925
2,0.7571322775435798,0.9772670929041413,0.9673202614379085,0.9830124575311439,0.9938931297709923,0.5800607087576455,0.6671032712588996
3,0.8599085105170153,0.9910547519684365,0.9782135076252724,0.9887471867966992,0.9954682779456193,0.6632571219814871,0.7380312932520553
4,0.8161460947453767,0.9852483429555698,0.971656976744186,0.9853328318916886,0.9946848899012908,0.5902572021994262,0.6746812433470487
