,AUROC,AUPRC,accuracy,f1,recall,mcc,gmean
0,0.922717618030118,0.9814916556586138,0.9021739130434783,0.9440993788819876,0.9743589743589743,0.5735326410811101,0.6979824404521128
1,0.9283684710114155,0.9784058200825049,0.9075249320036265,0.9471502590673575,0.9817400644468314,0.6052884543594225,0.7046827820344279
2,0.9196769690438871,0.978579087474662,0.9012681159420289,0.9434353918007266,0.9795258620689655,0.5841835150031313,0.6918323173494815
3,0.9203004247914428,0.9830901646381655,0.899365367180417,0.9422776911076443,0.967948717948718,0.5642644399892255,0.7060202612128439
4,0.9275292718624222,0.9807576504984674,0.8902991840435177,0.9366823652537938,0.9824368825466521,0.5675982616424926,0.6672081477349866
