,AUROC,AUPRC,accuracy,f1,recall,mcc,gmean
0,0.844403282867387,0.9872260664009354,0.9583333333333334,0.9783037475345168,0.9896249002394254,0.47620680331943904,0.6076701592783683
1,0.8808177468464549,0.9901351006473754,0.9643939393939394,0.9815469179426777,0.9968102073365231,0.5316550596925838,0.5893837918299236
2,0.811527493847576,0.9829126409765998,0.9636363636363636,0.9812206572769953,0.9960285941223193,0.4670913644997751,0.5421347405895761
3,0.821864247732249,0.9828169633769085,0.9621212121212122,0.9802994483845547,0.9944044764188649,0.5292169264340902,0.6121299992990795
4,0.7656407201482659,0.9775848372758363,0.9666413949962093,0.9827721221613156,0.9968228752978554,0.5147157455229523,0.5764323826486085
