,AUROC,AUPRC,accuracy,f1,recall,mcc,gmean
0,0.894792931592795,0.9828765509489072,0.9138486312399355,0.9528010586678429,0.9836065573770492,0.4975786172985936,0.6129298982014906
1,0.9141758976317801,0.9835227518889234,0.9066022544283414,0.9487179487179487,0.9862132352941176,0.47861432888875344,0.5825899488579538
2,0.9155101231958251,0.9865111765871774,0.9210950080515298,0.957092819614711,0.9891402714932127,0.5159481421452594,0.6068114213384719
3,0.9062367513061175,0.9829987170308895,0.9138486312399355,0.952967032967033,0.9827742520398912,0.47802876059743044,0.6004883315768592
4,0.8943628584643848,0.9812060146356233,0.9016921837228042,0.9455842997323818,0.9805735430157262,0.4766938964398039,0.6013206249473313
