,AUROC,AUPRC,accuracy,f1,recall,mcc,gmean
0,0.7289450272454314,0.9262498650331108,0.8802039082412915,0.9338959212376934,0.9783889980353635,0.3518795072862046,0.4961205468331548
1,0.7237904141313232,0.9161840215058901,0.8683092608326253,0.9269212635549269,0.9820179820179821,0.33823899260420087,0.4664828586121731
2,0.737960530033339,0.9405695095096089,0.903143585386576,0.9470260223048327,0.978866474543708,0.4201861183621592,0.5627540268228362
3,0.7355587183036064,0.9320460064119314,0.8802039082412915,0.9342043863742417,0.9737354085603113,0.31055822274838146,0.4782570375406096
4,0.7062782805429865,0.9265872846061534,0.8894557823129252,0.9396471680594243,0.9730769230769231,0.3192289939676665,0.4932233072039791
