,AUROC,AUPRC,accuracy,f1,recall,mcc,gmean
0,0.7827206694653115,0.9810039480214198,0.9536585365853658,0.9761206535400084,0.997431506849315,0.29389024956425097,0.3587489924633378
1,0.8378553878553879,0.9849834939139528,0.9471114727420668,0.9725622625580413,0.9974025974025974,0.3456916274874074,0.40217031434575296
2,0.7838530753112288,0.9784840230913076,0.9487388120423108,0.9734736842105263,0.997411561691113,0.31777012180774883,0.3774749871923612
3,0.8034182798333742,0.9813282024917033,0.951179820992677,0.9748322147651006,0.9965694682675815,0.25213721229395325,0.33276108684553274
4,0.8179299735903509,0.9865106049954278,0.9462978030919447,0.9721988205560236,0.9897084048027445,0.22558338321847748,0.3760145143100471
