,AUROC,AUPRC,accuracy,f1,recall,mcc,gmean
0,0.8246658621553313,0.9910932865735977,0.9730392156862745,0.9862899875363523,1.0,0.3243206320865004,0.3287979746107146
1,0.8908485353114829,0.9973817074454628,0.9803761242845462,0.9900744416873449,0.9966694421315571,0.16659409216488616,0.30100882532087103
2,0.8732548359966358,0.9952351620286878,0.9714052287581699,0.9854711498547115,0.9983179142136249,0.1619574551315772,0.23884458954530302
3,0.8031853484466835,0.9916156180543473,0.9738348323793949,0.9867330016583747,0.9991603694374476,0.12013781701440544,0.17670246615404164
4,0.9082892198090338,0.996672508220244,0.9721995094031071,0.9858921161825727,0.9991589571068125,0.11624620095183338,0.17142645113925786
