,AUROC,AUPRC,accuracy,f1,recall,mcc,gmean
0,0.8642797136386879,0.990691775740851,0.9574660633484163,0.9780885780885781,0.9962013295346629,0.33245588832962086,0.41523422412055505
1,0.8793859649122806,0.9913806879714031,0.9520361990950226,0.9751988769302761,0.9971291866028709,0.3442339321972014,0.4076618669524354
2,0.8363077984817116,0.9823985387287516,0.9484162895927601,0.9731258840169731,0.9971014492753624,0.4228699739499396,0.4773980547630158
3,0.8224760756812038,0.987693353803025,0.9529411764705882,0.9757914338919925,0.9952516619183286,0.20440012865387353,0.30934976189493774
4,0.8658420551855377,0.9903263309700279,0.9547101449275363,0.9767008387698043,0.9971455756422455,0.2623587819848956,0.3359827447796809
