,AUROC,AUPRC,accuracy,f1,recall,mcc,gmean
0,0.8931656830040201,0.9951620705016362,0.9702380952380952,0.9848139711465452,0.9984603541185527,0.3397148488215704,0.39410157965315007
1,0.8378165771297007,0.99343032903634,0.9679821295606851,0.9837182885270731,0.9969301611665388,0.06121121048461302,0.15787100439651186
2,0.8825092283877114,0.9933250821872908,0.9613095238095238,0.9802130898021308,0.9969040247678018,0.18509748816773994,0.2769204307777572
3,0.8749961330239752,0.9938304512284426,0.9627699180938198,0.9809741248097412,0.9969064191802011,0.18921746900629918,0.2824048751959075
4,0.8539072275516891,0.9913632745329615,0.9597915115413254,0.9794520547945206,0.9969016266460109,0.10229975481943218,0.19581207893185704
