,AUROC,AUPRC,accuracy,f1,recall,mcc,gmean
0,0.8221703925365252,0.8045556530144164,0.7646017699115044,0.7366336633663366,0.6992481203007519,0.52738933155103,0.7584860770487964
1,0.810389267483089,0.7637525231442577,0.7380530973451327,0.7098039215686275,0.6804511278195489,0.47336337217930174,0.7328563857663886
2,0.8547942459024611,0.8446061251418683,0.7716814159292036,0.7675675675675676,0.7580071174377224,0.5434567836238441,0.7714892932098063
3,0.8087394705174489,0.8189276679222458,0.7380530973451327,0.720754716981132,0.6631944444444444,0.48398761341477636,0.7355882354592199
4,0.8280266800906116,0.773931461259673,0.7641843971631206,0.7485822306238186,0.7226277372262774,0.5282912901786498,0.761967197170955
