,AUROC,AUPRC,accuracy,f1,recall,mcc,gmean
0,0.9829242613673752,0.9912902751139754,0.9431818181818182,0.9537892791127541,0.945054945054945,0.8803126320263762,0.9425841228158838
1,0.990773420479303,0.994784053290232,0.9522727272727273,0.9608938547486033,0.9555555555555556,0.8997666838780265,0.9512977032777058
2,0.9928232772618042,0.9956942541434646,0.9568181818181818,0.9640831758034026,0.9550561797752809,0.910219773100278,0.9572942536692012
3,0.9943801652892561,0.9967806285661553,0.95,0.9597069597069597,0.9527272727272728,0.8940145371412739,0.9490839428514806
4,0.9959004174120454,0.997003528206685,0.9681818181818181,0.9728682170542635,0.9728682170542635,0.9344066785927251,0.9671867496538725
