,AUROC,AUPRC,accuracy,f1,recall,mcc,gmean
0,0.9828946761217678,0.9564730253065981,0.9456521739130435,0.8893360160965795,0.8532818532818532,0.8547428823442155,0.9132457795895761
1,0.9815089320615066,0.9607045048873162,0.9486166007905138,0.8972332015810277,0.8631178707224335,0.8642486811099288,0.9190647995619152
2,0.9749427687220467,0.9448630279675997,0.9465875370919882,0.885593220338983,0.8461538461538461,0.8524283061754623,0.9101831391307763
3,0.9841829586703178,0.9615463249735829,0.9496047430830039,0.8944099378881988,0.8780487804878049,0.861587652222452,0.9241087312000552
4,0.9787943805874841,0.9559297898432284,0.9406528189910979,0.8809523809523809,0.8505747126436781,0.8424468155055499,0.9092626796969373
