,AUROC,AUPRC,accuracy,f1,recall,mcc,gmean
0,0.903889318680387,0.8864382338145268,0.8243831640058055,0.8085443037974683,0.8047244094488188,0.6463775103858586,0.8227524594695983
1,0.912593370681606,0.896662464802211,0.8454281567489115,0.8308181096108023,0.8301587301587302,0.6885344418681961,0.8441065782572079
2,0.900171191209054,0.8754348255589011,0.8257080610021786,0.8009950248756219,0.7866449511400652,0.6463883505176072,0.8211376869789857
3,0.8992659132618566,0.862930313699539,0.8338171262699564,0.8112118713932399,0.826890756302521,0.6632752456840227,0.8329633101031385
4,0.905263527848069,0.888314533437939,0.8380537400145244,0.8185516680227828,0.8099838969404187,0.672474385315331,0.835156352712755
