,AUROC,AUPRC,accuracy,f1,recall,mcc,gmean
0,0.6992129857353664,0.7392146307312034,0.6188118811881188,0.6169154228855721,0.5794392523364486,0.242752424552174,0.6198868563756849
1,0.6244113029827315,0.6285559932400758,0.5792079207920792,0.6153846153846154,0.6538461538461539,0.15574494407493264,0.5717718748968657
2,0.7381584119496855,0.6684749714862739,0.6881188118811881,0.6865671641791045,0.71875,0.37895981306359167,0.688945735464771
3,0.6380003924646782,0.6594290628715624,0.594059405940594,0.616822429906542,0.6346153846153846,0.18629498685735582,0.5913425642192999
4,0.7514485514485515,0.6932439024739918,0.6368159203980099,0.6666666666666666,0.8021978021978022,0.31278212464367744,0.6333236937766509
