,AUROC,AUPRC,accuracy,f1,recall,mcc,gmean
0,0.7323474371262952,0.5802555354873018,0.667741935483871,0.44919786096256686,0.3853211009174312,0.22690478534927686,0.5624129856473417
1,0.746218487394958,0.613881305412022,0.6828478964401294,0.5701754385964912,0.5462184873949579,0.32043159596846615,0.647862473871471
2,0.7564912280701755,0.6014455428632238,0.6838709677419355,0.5333333333333333,0.4666666666666667,0.3087477637829481,0.6189974917048066
3,0.7721883173496076,0.6838530845478143,0.6925566343042071,0.5077720207253886,0.3951612903225806,0.33785387646247117,0.5936675423401953
4,0.7924364645676121,0.6991902212361233,0.656957928802589,0.4803921568627451,0.3888888888888889,0.26066079001691866,0.5720679049880579
