,AUROC,AUPRC,accuracy,f1,recall,mcc,gmean
0,0.7767462422634837,0.899412312641911,0.8,0.8779527559055118,0.9612068965517241,0.3912141348640926,0.5550487667855574
1,0.8620108408249604,0.9582514222206231,0.8446601941747572,0.9097744360902256,0.9758064516129032,0.41934337838336544,0.5513072776925823
2,0.8013988095238096,0.9029761813660753,0.832258064516129,0.8996138996138996,0.9708333333333333,0.4507124667559986,0.5888346036674394
3,0.81670651524208,0.9318897104759409,0.8220064724919094,0.8956356736242884,0.9874476987447699,0.4068007672088975,0.5038999132113136
4,0.8346981470412433,0.9215197624365646,0.8349514563106796,0.9024856596558317,0.9874476987447699,0.4631718977855776,0.5570823146715257
