,AUROC,AUPRC,accuracy,f1,recall,mcc,gmean
0,0.75175,0.7483853109508215,0.6806451612903226,0.7009063444108762,0.725,0.3600703617802585,0.6776183783418707
1,0.7586572738075028,0.7795003311148598,0.6925566343042071,0.7353760445682451,0.7674418604651163,0.37194910857783314,0.6777497791944301
2,0.7850609756097562,0.7773814798419956,0.7032258064516129,0.7325581395348837,0.7682926829268293,0.4030343797999463,0.6957942481918818
3,0.7714430294340896,0.7679065097765476,0.6925566343042071,0.7058823529411765,0.6826347305389222,0.385610022673553,0.6933460055975762
4,0.820519864750634,0.8254792588729613,0.7702265372168284,0.8022284122562674,0.8520710059171598,0.5355172001025469,0.756376108995164
