,AUROC,AUPRC,accuracy,f1,recall,mcc,gmean
0,0.7627043354655295,0.3363708285066965,0.864516129032258,0.08695652173913043,0.047619047619047616,0.12177431175260117,0.21740211956657596
1,0.7643220222558044,0.38857361059698137,0.8090614886731392,0.16901408450704225,0.10344827586206896,0.14696851160091673,0.3171171143042279
2,0.798281474752063,0.455697732342356,0.8387096774193549,0.13793103448275862,0.0784313725490196,0.1668227973076487,0.27842934660756
3,0.7714596949891067,0.45824786544054447,0.8252427184466019,0.1,0.05555555555555555,0.12051841254718691,0.23431167445160245
4,0.7366739936804506,0.3763256373655094,0.8122977346278317,0.14705882352941177,0.08620689655172414,0.14626515026315245,0.2906709956223911
