,AUROC,AUPRC,accuracy,f1,recall,mcc,gmean
0,0.8988805970149254,0.9930893235332225,0.950530035335689,0.9745454545454545,1.0,0.25170811269260246,0.2581988897471611
1,0.8555555555555556,0.988799943483597,0.9434628975265018,0.9706959706959707,1.0,0.32370434010419663,0.3333333333333333
2,0.76924416579589,0.9704702317536004,0.9293286219081273,0.9630996309963099,1.0,0.2905833666602723,0.30151134457776363
3,0.8064638783269962,0.9814053583611035,0.9328621908127208,0.9651376146788991,1.0,0.21594259809902924,0.22360679774997896
4,0.7917910447761194,0.9809715491048648,0.9575971731448764,0.9781021897810219,1.0,0.43752550946038726,0.4472135954999579
