,AUROC,AUPRC,accuracy,f1,recall,mcc,gmean
0,0.9131993006993007,0.9567017912964506,0.838738338516215,0.8835418671799807,0.896484375,0.6223104590638049,0.8004400150275739
1,0.9189244583792646,0.9619315551599235,0.8476232785428698,0.891832229580574,0.9099099099099099,0.6359097595772806,0.8030568351501295
2,0.9066697754578079,0.9474968050349233,0.832,0.8759842519685039,0.892379679144385,0.6169253113674145,0.7972165500787989
3,0.9126509506390282,0.9567929666279672,0.8431808085295425,0.8865316618450659,0.9042622950819672,0.6343493630996021,0.8040120909240015
4,0.910197056971619,0.9573249754036652,0.84,0.8861480075901328,0.8952076677316294,0.6175400024399782,0.7994126945668901
