,AUROC,AUPRC,accuracy,f1,recall,mcc,gmean
0,0.9444837624338369,0.9672320873153375,0.8735157459989675,0.9003660024400163,0.9051512673753066,0.7273105554143665,0.861171024938748
1,0.9378371648160096,0.9601291006419446,0.8647392875580795,0.8931484502446982,0.910981697171381,0.710102363305116,0.8478619644099283
2,0.9439847839710978,0.9675869171903941,0.8729994837377387,0.9016,0.9140308191403081,0.7231855445750411,0.8557238612412496
3,0.9364645244533514,0.9578786047737022,0.8693856479091379,0.8974462910417511,0.9066339066339066,0.7179613448259275,0.8547662656501632
4,0.9396472227807552,0.963932803098623,0.8740320082601962,0.9020866773675762,0.9079159935379645,0.7256688855970649,0.8596870378442039
