,AUROC,AUPRC,accuracy,f1,recall,mcc,gmean
0,0.8969865616815316,0.9202222711852778,0.8242280285035629,0.8453177257525084,0.8403990024937655,0.6418724711975865,0.821313153980788
1,0.8949299726063639,0.9176224689523051,0.8199524940617577,0.8374088374088374,0.8194794290512175,0.6366865613669239,0.8200239974796257
2,0.8983923744096807,0.9186160347780956,0.8327790973871734,0.8487972508591065,0.8430034129692833,0.6618601625479082,0.8313895514117791
3,0.8986588867277947,0.924229278821025,0.8261282660332542,0.8473728106755629,0.8327868852459016,0.6460646726151646,0.8248300068196123
4,0.8979794770843356,0.9159506654799683,0.8242280285035629,0.8417450812660393,0.8275862068965517,0.6447026102755594,0.823718563738948
