,AUROC,AUPRC,accuracy,f1,recall,mcc,gmean
0,0.8860504593263214,0.9718126102252178,0.9024964672633067,0.9458540413287994,0.9896004378762999,0.5177340525000795,0.6008913629234051
1,0.8844561866149783,0.9761911321847033,0.9034385303815355,0.9462647444298821,0.9762033531638724,0.4978728988988167,0.6345035961529975
2,0.8649656443774092,0.9713750298119758,0.8986804901036758,0.943525085369057,0.9782135076252724,0.48658038383666796,0.6161625527577907
3,0.8571410738976802,0.9652348238637476,0.90390956194065,0.946652719665272,0.9836956521739131,0.5068496758399978,0.6155316759708808
4,0.8712063093291069,0.9759880616667134,0.9076343072573044,0.9491173416407062,0.9785867237687366,0.47972170558882105,0.6144631448790964
