,AUROC,AUPRC,accuracy,f1,recall,mcc,gmean
0,0.46296296296296297,0.09417989417989418,0.9,0.0,0.0,0.0,0.0
1,0.6666666666666667,0.24200412614205719,0.8275862068965517,0.0,0.0,0.0,0.0
2,0.2777777777777778,0.06896551724137931,0.9310344827586207,0.0,0.0,0.0,0.0
3,0.7307692307692307,0.1748917748917749,0.896551724137931,0.0,0.0,0.0,0.0
4,0.74,0.33448275862068966,0.8620689655172413,0.0,0.0,0.0,0.0
