,AUROC,AUPRC,accuracy,f1,recall,mcc,gmean
0,0.5483870967741935,0.23308270676691728,0.8157894736842105,0.0,0.0,0.0,0.0
1,0.4739583333333333,0.15116959064327484,0.8421052631578947,0.0,0.0,0.0,0.0
2,0.6862745098039216,0.15,0.918918918918919,0.0,0.0,0.0,0.0
3,0.411764705882353,0.09680451127819548,0.8947368421052632,0.0,0.0,0.0,0.0
4,0.6174242424242424,0.23453177257525085,0.8918918918918919,0.0,0.0,0.0,0.0
