,AUROC,AUPRC,accuracy,f1,recall,mcc,gmean
0,0.7535557322379027,0.9713046084420247,0.9394673123486683,0.9686585875470122,0.9982773471145564,0.20214071131023237,0.2529666729740273
1,0.8466991800961267,0.9869651778505082,0.9531880548829701,0.975973487986744,0.9991518235793045,0.1859981773588606,0.22351194862683568
2,0.7408895077596878,0.9738005764399513,0.943502824858757,0.9708818635607321,1.0,0.16188228571211263,0.16666666666666666
3,0.7586725077683257,0.9789241549521883,0.9475383373688459,0.9730178497301785,1.0,0.16817310880324426,0.17277368511627203
4,0.814454436625887,0.9883021998657386,0.9556093623890234,0.9772256728778468,0.9991532599491956,0.22696725585498895,0.2625016597581939
