,AUROC,AUPRC,accuracy,f1,recall,mcc,gmean
0,0.7949755340732784,0.9825288111914242,0.9669777458722182,0.9829250185597624,0.9954887218045113,0.5247799051561425,0.6028535398420247
1,0.8854535532379335,0.9905906651832528,0.9770114942528736,0.9880952380952381,0.9984962406015038,0.6877386503333685,0.7178808385623409
2,0.755994382407344,0.9778702597290158,0.9655419956927495,0.9821428571428571,0.9947249434815373,0.5296742894761964,0.6138320220701785
3,0.8705295637198622,0.9919413077387169,0.9791666666666666,0.9892870336165497,0.9992537313432835,0.6579682261768347,0.6791126783168948
4,0.8281548880732048,0.987535750186152,0.9741379310344828,0.9866666666666667,0.9985007496251874,0.608536661854412,0.6427851304929479
