,AUROC,AUPRC,accuracy,f1,recall,mcc,gmean
0,0.7657400459955224,0.940448096908804,0.8890756302521008,0.9395604395604396,0.9951503394762367,0.38500998880418535,0.44752857934276197
1,0.7375972571814884,0.9311914894259178,0.8831932773109243,0.9364426154549611,0.9951409135082604,0.34431810232094806,0.4085180357036567
2,0.7290223174979903,0.9240152074125295,0.894869638351556,0.943155979990905,0.9990366088631984,0.3905103961300895,0.422653149791314
3,0.7352573370178552,0.9273748519856224,0.8798319327731092,0.934313275149288,0.9864209505334627,0.3157154821692276,0.4314129813508303
4,0.7338609112709832,0.9338225943105323,0.9007569386038689,0.9463148316651502,0.9904761904761905,0.37595211029212655,0.46999741239729986
