,AUROC,AUPRC,accuracy,f1,recall,mcc,gmean
0,0.7845376600580597,0.9905105037764603,0.9709208400646203,0.985233798195242,1.0,0.16198909975469544,0.1643989873053573
1,0.8379909796757251,0.9950841703796548,0.9773645917542442,0.9885339885339886,0.9991721854304636,0.20960505185406883,0.26250414583661585
2,0.8463433609958506,0.9944542005946846,0.9749393694421988,0.9873002867677182,1.0,0.17454575813478795,0.1767766952966369
3,0.7376815352697096,0.9883715157463084,0.973322554567502,0.9864809504301516,0.9991701244813278,-0.00463524005005246,0.0
4,0.8521588186396754,0.9942993681017616,0.9725141471301536,0.9860655737704918,1.0,0.0,0.0
