,AUROC,AUPRC,accuracy,f1,recall,mcc,gmean
0,0.8488346844238563,0.9912913135390209,0.9807692307692307,0.9901146698299723,0.9968152866242038,0.6587887944027334,0.7218466154176555
1,0.844127623489506,0.9879195188933102,0.9722863741339491,0.9856573705179282,0.992776886035313,0.5905338021021488,0.6978700619299255
2,0.8626241440996854,0.9897436404400333,0.9730561970746728,0.9861055974593093,0.9959903769045709,0.5758286044422879,0.6491383088949617
3,0.8303780400936196,0.9933517704673548,0.9815242494226328,0.9906103286384976,0.998422712933754,0.4809513119470914,0.5383908047075753
4,0.9075002602449772,0.9954438390028126,0.9815242494226328,0.9905138339920949,1.0,0.6850346061057248,0.6915640748081247
