,AUROC,AUPRC,accuracy,f1,recall,mcc,gmean
0,0.9080765550239235,0.9771559514803416,0.8932735426008969,0.9395632300660234,0.9736842105263158,0.51138585967971,0.6472860776717566
1,0.9144325609031492,0.9761496181520455,0.8995515695067264,0.9426229508196722,0.983957219251337,0.57835598754002,0.6735826650492003
2,0.913002831832704,0.9800810662781161,0.9031390134529148,0.9444444444444444,0.9776357827476039,0.5909386118754765,0.703116377379601
3,0.9098381982766967,0.9794023240622365,0.8968609865470852,0.9405684754521964,0.9691160809371672,0.5673630380824168,0.7039678424519872
4,0.9158098064850477,0.9773006617419837,0.8959641255605382,0.9405128205128205,0.9828510182207931,0.5657080754059897,0.665449461816107
