,AUROC,AUPRC,accuracy,f1,recall,mcc,gmean
0,0.7896279996066089,0.981194017706615,0.9535580524344569,0.9760247486465584,0.992918961447679,0.2898185516794461,0.4131076693778752
1,0.8719690192570271,0.9907320659556136,0.9588014981273408,0.978772674642995,1.0,0.41431716502763727,0.42320736951515897
2,0.8075287704421562,0.9855910711962551,0.9610486891385768,0.9798605731990705,0.9960629921259843,0.45151084690268284,0.5251978946918334
3,0.8500233998930291,0.9889242645019691,0.9550561797752809,0.9767621998450813,0.997626582278481,0.38988011044420184,0.44352576106802194
4,0.784200224073764,0.9826819223643354,0.9647676161919041,0.9818462726921592,0.9984289080911233,0.4720586021068553,0.511745046176508
