,AUROC,AUPRC,accuracy,f1,recall,mcc,gmean
0,0.8858800482218203,0.9794642957552742,0.910031847133758,0.9507195813344963,0.9855334538878843,0.4822833771000658,0.5901032285742208
1,0.8956906147632224,0.9812603727903617,0.9124203821656051,0.9524632670700086,0.9883408071748879,0.45561325394523156,0.5553543084488776
2,0.8942351095763649,0.9793479642655224,0.8949044585987261,0.9422572178477691,0.9844606946983546,0.41851740178157826,0.5344297332857642
3,0.889214588634436,0.982638443466768,0.9203821656050956,0.9567474048442907,0.9831111111111112,0.48933414864506136,0.6125628527063091
4,0.8720982645931936,0.9771925640053529,0.8988047808764941,0.9446140427387701,0.9827586206896551,0.4117905510139394,0.5376305917114615
