,AUROC,AUPRC,accuracy,f1,recall,mcc,gmean
0,0.7918693092478152,0.9469939781267775,0.8594449418084154,0.9225456339417859,0.9915164369034994,0.28954641869388564,0.37743775404136526
1,0.8135509175133724,0.9603585007310771,0.8513876454789615,0.9182266009852217,0.9779643231899265,0.17869673311142154,0.33660175988816304
2,0.793593839005484,0.9359909807718558,0.8379588182632051,0.9101736972704715,0.9934994582881906,0.23417753101380098,0.31193187291058155
3,0.837287469103438,0.9600371449736734,0.864816472694718,0.9252105002476474,0.9852320675105485,0.3148265093466883,0.43191760500909226
4,0.83119847422173,0.9554766982639464,0.8666069829901522,0.9263470093919921,0.9915343915343915,0.3377365378251537,0.4227372468443851
