,AUROC,AUPRC,accuracy,f1,recall,mcc,gmean
0,0.796641462016666,0.9826845196621947,0.9453846153846154,0.9718588981371383,1.0,0.19575822322561387,0.2013468165642073
1,0.8379098360655738,0.9859891235871547,0.9415384615384615,0.9697933227344993,1.0,0.21695137988629598,0.22360679774997896
2,0.8044979508196722,0.9834085135066579,0.9415384615384615,0.9697692919649961,0.9991803278688525,0.21868994686702495,0.24989751997929727
3,0.8456385918538988,0.9870104831797166,0.9392307692307692,0.968513351933041,0.9975369458128078,0.2073064272641296,0.27016755584304614
4,0.8319446510935873,0.9866526906916505,0.9407236335642802,0.9693104822638502,0.9950900163666121,0.1802170494455467,0.2784591205092786
