,AUROC,AUPRC,accuracy,f1,recall,mcc,gmean
0,0.9790327355777364,0.9879027016535116,0.9365079365079365,0.9444444444444444,0.9260700389105059,0.8713717237466693,0.9384951437452203
1,0.987921663359503,0.9925213575888394,0.9365079365079365,0.946969696969697,0.9328358208955224,0.8685375468104337,0.9375044934180413
2,0.9861654804270463,0.9931676908610989,0.9455782312925171,0.9562043795620438,0.9323843416370107,0.8864871345595631,0.9503932506919723
3,0.9879115457073652,0.994035286317756,0.9455782312925171,0.9566787003610109,0.9330985915492958,0.8856763320280606,0.9504641370903268
4,0.9901979545406222,0.9931689440406879,0.9545454545454546,0.9606299212598425,0.9494163424124513,0.9072382694864433,0.9555625936056276
