,AUROC,AUPRC,accuracy,f1,recall,mcc,gmean
0,0.9793271582293959,0.9476548011925546,0.9378084896347483,0.874251497005988,0.8390804597701149,0.8343295336983109,0.9031327098558887
1,0.9772212761694881,0.9531106513792275,0.9526159921026653,0.9073359073359073,0.8768656716417911,0.8765122025424273,0.9269361672298703
2,0.9667361445139223,0.9401996361340311,0.9466929911154985,0.8865546218487395,0.8683127572016461,0.8520572290125641,0.9184246410466125
3,0.9817889521399958,0.9559797087864722,0.9466929911154985,0.8879668049792531,0.8629032258064516,0.8536513243620447,0.9167026040911302
4,0.9738338788870704,0.9444580213973678,0.9446640316205533,0.8893280632411067,0.8653846153846154,0.8530554332399012,0.9171795296936333
