,AUROC,AUPRC,accuracy,f1,recall,mcc,gmean
0,0.8765292498089301,0.8411094269022809,0.8005390835579514,0.76875,0.751145038167939,0.5940680845503754,0.7941257086961522
1,0.8760401276085886,0.843833973897996,0.8039083557951483,0.7724784988272088,0.7462235649546828,0.6017106120521771,0.79659423458763
2,0.8723826781897592,0.8412848108125452,0.7970330411328388,0.7582329317269076,0.7456556082148499,0.5836669207157492,0.7892032332247532
3,0.8715106373886886,0.8375333089879589,0.7924528301886793,0.7532051282051282,0.7448494453248812,0.5742818280651608,0.785167083270226
4,0.8729207585694153,0.8399658977227367,0.8118678354686446,0.7751813053988719,0.7445820433436533,0.6154459210697085,0.801978450639217
