,AUROC,AUPRC,accuracy,f1,recall,mcc,gmean
0,0.8487638533674339,0.7925706080691743,0.7574626865671642,0.6829268292682927,0.6086956521739131,0.5009219982060653,0.727411570616121
1,0.860059880239521,0.7838094792893138,0.8089887640449438,0.7272727272727273,0.68,0.5847272707349692,0.7762955175311282
2,0.8098930481283422,0.7209050564129373,0.7453183520599251,0.6530612244897959,0.6274509803921569,0.4533485458541704,0.7164977208318386
3,0.8435430463576159,0.7870226069923352,0.7415730337078652,0.6634146341463415,0.5862068965517241,0.47016490234407027,0.7104093426450544
4,0.7968176254589964,0.6562744978776419,0.7378277153558053,0.6354166666666666,0.6421052631578947,0.430829961473098,0.7125385170718096
