,AUROC,AUPRC,accuracy,f1,recall,mcc,gmean
0,0.7432365961633054,0.745752592565081,0.6732673267326733,0.6826923076923077,0.6635514018691588,0.34714774847608015,0.6738017912639274
1,0.6987833594976453,0.6811752079691324,0.6336633663366337,0.6754385964912281,0.7403846153846154,0.2677115602518936,0.6207271524608843
2,0.7382075471698113,0.6714574571965151,0.6633663366336634,0.6344086021505376,0.6145833333333334,0.3236608229371954,0.6594290698120667
3,0.6836734693877552,0.6462791362277651,0.6188118811881188,0.624390243902439,0.6153846153846154,0.2377286555250982,0.6189067182562076
4,0.7310689310689311,0.7060744090111847,0.6268656716417911,0.6543778801843319,0.7802197802197802,0.28840309891202925,0.6245877761451069
