,AUROC,AUPRC,accuracy,f1,recall,mcc,gmean
0,0.71925,0.677178044580658,0.6935483870967742,0.7425474254742548,0.85625,0.4011883373807248,0.6672705598181295
1,0.7314547615005941,0.7551248517088787,0.6731391585760518,0.7390180878552972,0.8313953488372093,0.33025306605012067,0.6280586336151506
2,0.7825342465753424,0.7684795722855535,0.7064516129032258,0.7547169811320755,0.8536585365853658,0.41833247109793054,0.6796404387325512
3,0.7911149531922071,0.8096117860588268,0.7087378640776699,0.7554347826086957,0.8323353293413174,0.41359538570584886,0.6847782942711952
4,0.7991969568892646,0.8001162512287572,0.7411003236245954,0.7905759162303665,0.893491124260355,0.48473668646943024,0.7055509888039261
