,AUROC,AUPRC,accuracy,f1,recall,mcc,gmean
0,0.719430371080378,0.5751619010874803,0.7032258064516129,0.4457831325301205,0.3394495412844037,0.2957528994046441,0.5528774434942717
1,0.7419725785050861,0.652944618990936,0.6925566343042071,0.4508670520231214,0.3277310924369748,0.3187904299721029,0.5494156760953576
2,0.7558114035087719,0.6563428547944293,0.6967741935483871,0.45977011494252873,0.3333333333333333,0.33345514343545635,0.5556725023109937
3,0.757585004359198,0.6827370583804812,0.686084142394822,0.4327485380116959,0.29838709677419356,0.3334873275927666,0.5312796481290518
4,0.7884898950472722,0.6997638965004086,0.6796116504854369,0.4406779661016949,0.30952380952380953,0.3229362280446769,0.537798443914025
