,AUROC,AUPRC,accuracy,f1,recall,mcc,gmean
0,0.677771855010661,0.27286291312187244,0.8612903225806452,0.0851063829787234,0.047619047619047616,0.09895936336054129,0.21699308417213645
1,0.7365022667948894,0.48251493531734757,0.8349514563106796,0.23880597014925373,0.13793103448275862,0.3110297073691589,0.3706501159435442
2,0.7694753577106518,0.5062828909470969,0.8548387096774194,0.26229508196721313,0.1568627450980392,0.3129468818776237,0.3945268682473943
3,0.7312999273783588,0.4384797620439393,0.8349514563106796,0.19047619047619047,0.1111111111111111,0.22435577100349083,0.3313667478318056
4,0.6836103860420388,0.42240647333796033,0.8252427184466019,0.15625,0.08620689655172414,0.2326731949749685,0.29302464534677236
