,AUROC,AUPRC,accuracy,f1,recall,mcc,gmean
0,0.7900497512437812,0.9824759297444399,0.9469964664310954,0.9726775956284153,0.996268656716418,0.16832140083336417,0.25771672519990085
1,0.8083857442348008,0.9841819545071737,0.9469964664310954,0.9724770642201835,1.0,0.3971625551812447,0.408248290463863
2,0.6731104144897249,0.9552480634600775,0.9328621908127208,0.9648798521256932,1.0,0.356525440341064,0.3692744729379982
3,0.707509505703422,0.958021221925941,0.9293286219081273,0.9632352941176471,0.9961977186311787,0.1413335422165385,0.22318128490435513
4,0.8080845771144278,0.9870929286303687,0.9469964664310954,0.9725776965265083,0.9925373134328358,0.23889408291701425,0.36378332625027143
