,AUROC,AUPRC,accuracy,f1,recall,mcc,gmean
0,0.8422420302153562,0.932775375199229,0.7627032520325203,0.8609705269425424,0.9951823812801102,0.2566183681720334,0.3260086096022144
1,0.8511448481831757,0.9332404168553804,0.7615658362989324,0.8591168519074798,0.9965156794425087,0.2921625493730886,0.35689520113108253
2,0.8659059202773902,0.9421374852892399,0.7691916624300966,0.8650416171224733,0.9952120383036935,0.2689681479095706,0.338085167726802
3,0.8603808753570622,0.9443866045566134,0.7742755465175394,0.8677784395473496,0.9938608458390177,0.28574274033234687,0.36183943413972064
4,0.858901433761769,0.9419846718857139,0.7544483985765125,0.8544742392286834,0.9916083916083916,0.2614256911203804,0.34910407770346624
