,AUROC,AUPRC,accuracy,f1,recall,mcc,gmean
0,0.8864460409382285,0.935884823464713,0.8018658374055975,0.8716177317213587,0.9856770833333334,0.528356915259773,0.6333748337832267
1,0.8842548225618527,0.9408334169957896,0.7925366503776099,0.8678177186527031,0.9864864864864865,0.4916597879153563,0.5960271484627212
2,0.8904408218556291,0.9336859089449736,0.7813333333333333,0.8569767441860465,0.9852941176470589,0.4984177932089518,0.6091951569676974
3,0.8855249966129252,0.9358961822261479,0.7880941803642826,0.8626547653325655,0.9822950819672132,0.4964185167119342,0.6110928685322768
4,0.8724157552295889,0.9298023276748983,0.7995555555555556,0.8718385905086672,0.9801916932907349,0.49971583079993465,0.6157907488015344
