,AUROC,AUPRC,accuracy,f1,recall,mcc,gmean
0,0.8348810633293392,0.9609286688966923,0.8817710786622703,0.9356575237118687,0.9989053092501369,0.3637595202768308,0.3982586654982505
1,0.8123457935439555,0.9583641969825354,0.8888365520489873,0.9399796541200407,0.9994591671173607,0.3496470108185153,0.3771720914390409
2,0.8222077486783369,0.9615749900493291,0.8826578699340245,0.9363659596217736,0.9978213507625272,0.3346276757509891,0.37821200339876543
3,0.8224564065140574,0.9610999479874183,0.8784738577484692,0.934351145038168,0.9978260869565218,0.2755948851966427,0.319766680188533
4,0.8080634895209833,0.9623196585850822,0.8925541941564562,0.9424242424242424,0.9989293361884368,0.3001576803802455,0.331840616170561
