,AUROC,AUPRC,accuracy,f1,recall,mcc,gmean
0,0.9060868828316282,0.9413464750470519,0.8007227671657202,0.8582966226138032,0.955846279640229,0.5670046741719105,0.7151161771420911
1,0.8982647967672927,0.9317561362180439,0.8033040784718637,0.8576765035487486,0.9550748752079867,0.5808977704853902,0.728123624366324
2,0.8995244414952445,0.9398831948220305,0.8007227671657202,0.8586080586080586,0.9505271695052717,0.5612190505066267,0.7153449950843191
3,0.8957020758696737,0.9320601125957398,0.8074341765616934,0.8598271326568959,0.9369369369369369,0.5786230662459853,0.7413500382469929
4,0.8890972795200159,0.9307009634412524,0.8002065049044915,0.8586043112897332,0.9491114701130856,0.557484378083431,0.7135684783092887
