,AUROC,AUPRC,accuracy,f1,recall,mcc,gmean
0,0.8411694341382316,0.8776005096410483,0.763895486935867,0.8037899723647849,0.8462177888611804,0.5133423418132608,0.7439843710569779
1,0.8346175822681783,0.8729435235107866,0.7372921615201901,0.7801192842942346,0.8236775818639799,0.46007539136667625,0.7173375731979953
2,0.8505495319513185,0.8794002138694225,0.7676959619952494,0.8051016341171782,0.8617747440273038,0.5276278073526183,0.7481563584138663
3,0.84216356395295,0.8851905731511646,0.754394299287411,0.7950852160126833,0.8221311475409836,0.4911028242724532,0.7371856095657454
4,0.8290773135106746,0.8627056117808483,0.7486935866983373,0.787122736418511,0.8225399495374264,0.484508417521822,0.7327930728248666
