,AUROC,AUPRC,accuracy,f1,recall,mcc,gmean
0,0.48847926267281105,0.19192954423133451,0.8157894736842105,0.0,0.0,0.0,0.0
1,0.59375,0.23537491919844863,0.8421052631578947,0.0,0.0,0.0,0.0
2,0.6764705882352942,0.14985380116959063,0.918918918918919,0.0,0.0,0.0,0.0
3,0.599264705882353,0.14722999523696118,0.8947368421052632,0.0,0.0,0.0,0.0
4,0.14393939393939392,0.07768636768636768,0.8648648648648649,0.0,0.0,-0.058025885318565944,0.0
