,AUROC,AUPRC,accuracy,f1,recall,mcc,gmean
0,0.5555555555555556,0.14722222222222223,0.9,0.0,0.0,0.0,0.0
1,0.6166666666666667,0.2566666666666667,0.7931034482758621,0.0,0.0,-0.08625819491779428,0.0
2,0.46296296296296297,0.09109311740890688,0.8620689655172413,0.0,0.0,-0.07407407407407407,0.0
3,0.5,0.13554175293305729,0.896551724137931,0.0,0.0,0.0,0.0
4,0.30000000000000004,0.33399966683325005,0.8620689655172413,0.0,0.0,0.0,0.0
