,AUROC,AUPRC,accuracy,f1,recall,mcc,gmean
0,0.7123815798302924,0.9269001896949529,0.8789915966386554,0.9347234814143246,1.0,0.28771166261187675,0.3071475584169756
1,0.7019901128153125,0.9227566979889629,0.8773109243697479,0.9336363636363636,0.9980563654033042,0.2828262497193469,0.3246303029817357
2,0.6959926756753307,0.9251038916493115,0.8822539949537427,0.9367088607594937,0.9980732177263969,0.2510983241748709,0.29313279126394765
3,0.6972256281682924,0.9164910654370584,0.8764705882352941,0.9330905780609923,0.9941804073714839,0.2599133393246065,0.33548282424411763
4,0.6904042480301473,0.9302739681878677,0.894869638351556,0.9436683190626408,0.9971428571428571,0.29843367506929774,0.34921730131174394
