,AUROC,AUPRC,accuracy,f1,recall,mcc,gmean
0,0.8132357479828931,0.9846859103787977,0.9446153846153846,0.971473851030111,1.0,0.15977433801196336,0.1643989873053573
1,0.7513012295081967,0.9772724758507076,0.9407692307692308,0.9694080254270957,1.0,0.18781296163526964,0.19364916731037085
2,0.7527766393442623,0.9779574467738746,0.94,0.9689984101748808,0.9991803278688525,0.159156954916586,0.19356978662767071
3,0.7722275621770996,0.9805853430446354,0.9392307692307692,0.9685884691848906,1.0,0.18535630238971326,0.19127301391900148
4,0.7778604374349056,0.9804863029259865,0.9414934565050038,0.9698412698412698,1.0,0.11057396784631203,0.11396057645963795
