,AUROC,AUPRC,accuracy,f1,recall,mcc,gmean
0,0.8178289664157499,0.9858834533929488,0.9784615384615385,0.9889589905362776,0.9984076433121019,0.5987247972290973,0.6390927088035505
1,0.8387443593082771,0.9875360119951184,0.9784449576597383,0.9888712241653418,0.9983948635634029,0.6800070974169394,0.7131733668956522
2,0.891848127814447,0.9942603968481281,0.9699769053117783,0.9845176657403731,0.9943865276663993,0.5207758807232526,0.6184305593959349
3,0.819095349547166,0.9910111939132713,0.9838337182448037,0.9917872506843958,1.0,0.5633163040333997,0.5679618342470648
4,0.8498212984489399,0.9883626114334647,0.9784449576597383,0.9889328063241106,0.9984038308060654,0.6204724677228375,0.658854021836092
