,AUROC,AUPRC,accuracy,f1,recall,mcc,gmean
0,0.7932491477409133,0.9841916515801393,0.9534883720930233,0.976036866359447,1.0,0.33629000894162847,0.34444748191358604
1,0.8098881964809383,0.9855143291139437,0.9481216457960644,0.9732472324723247,0.9990530303030303,0.2496595895046133,0.28384642461439147
2,0.793878296442399,0.9755323002642188,0.945438282647585,0.9718504845408399,1.0,0.24118200849322458,0.2480694691784169
3,0.8084808391441682,0.9889174362362513,0.9597495527728086,0.9794238683127572,1.0,0.20208250046409987,0.20628424925175867
4,0.7916722768277905,0.9852819402414844,0.954341987466428,0.9765301426599171,1.0,0.2918745894226972,0.2988071523335984
