,AUROC,AUPRC,accuracy,f1,recall,mcc,gmean
0,0.6930420283133462,0.9649288465035135,0.9378531073446328,0.9679032930387661,1.0,0.10964996217076958,0.11322770341445958
1,0.7268165111676562,0.9795569693084984,0.9523809523809523,0.9755895738518825,1.0,0.12598561345670142,0.12909944487358055
2,0.675973531371989,0.9688424741157058,0.9426957223567393,0.9704781704781705,1.0,0.1144218215986047,0.11785113019775792
3,0.7128011818042892,0.9746734786879585,0.9467312348668281,0.9726141078838174,1.0,0.11886830834220018,0.12216944435630522
4,0.7508978364331804,0.979261985893316,0.9523809523809523,0.975609756097561,0.9991532599491956,-0.006298378060483107,0.0
