,AUROC,AUPRC,accuracy,f1,recall,mcc,gmean
0,0.7263289087163736,0.9276928952384476,0.846911369740376,0.9168692270296548,1.0,0.12080899018370164,0.13130643285972254
1,0.7432306196094491,0.9388697386277041,0.8540734109221128,0.9209888511875909,0.9968520461699895,0.09527066572564348,0.1559277542348746
2,0.7297137304397359,0.9183454232521604,0.8307967770814683,0.9071253071253071,1.0,0.14626236587275768,0.16054032476698388
3,0.7800570494095325,0.9457737728141604,0.8522829006266786,0.9196298100340965,0.9957805907172996,0.14987632856414126,0.21711182085701483
4,0.7811369509043928,0.9428283393857125,0.8513876454789615,0.919260700389105,1.0,0.17225438110057933,0.1867718419094071
