,AUROC,AUPRC,accuracy,f1,recall,mcc,gmean
0,0.8332121212121211,0.9564561396762921,0.8565022421524664,0.9220272904483431,0.9957894736842106,0.1664986647697222,0.23305748105067173
1,0.8408348187759952,0.9608799753633215,0.8448430493273542,0.9151544874938695,0.9978609625668449,0.17817329332296697,0.22336751806908328
2,0.8488781585826314,0.964538304083332,0.8582959641255605,0.9223968565815324,1.0,0.2958757698806257,0.31980107453341566
3,0.8353694694549327,0.9578984978968628,0.8573991031390135,0.9219440353460973,1.0,0.28740859580719724,0.3107907802540305
4,0.8214050151349186,0.9530545076996138,0.8511210762331839,0.9183070866141733,1.0,0.2731909277493116,0.29649972666444047
