,AUROC,AUPRC,accuracy,f1,recall,mcc,gmean
0,0.7903091060985798,0.9794380629583929,0.9741564967695621,0.9866468842729971,1.0,0.6459695970797626,0.6546536707079771
1,0.8897889886005336,0.9923221087281675,0.9734195402298851,0.9862810530218762,1.0,0.626348040059598,0.6350006350009525
2,0.7333127811650796,0.9726391241825918,0.9662598707824839,0.9825602968460111,0.9977392614920875,0.5298068984966838,0.5766972809288213
3,0.7923076923076923,0.9867300973319134,0.9770114942528736,0.9881831610044313,0.9985074626865672,0.6141718668246798,0.6499580486329701
4,0.7721139430284857,0.9820023916409638,0.9734195402298851,0.9863216266173752,1.0,0.5935466224297902,0.6017216678143155
