,AUROC,AUPRC,accuracy,f1,recall,mcc,gmean
0,0.7645431746656176,0.9803831278885863,0.9588014981273408,0.9788053949903661,0.999213217938631,0.36740924496483596,0.395129175464064
1,0.8359621451104101,0.9816022745196528,0.9573033707865168,0.9780007719027403,0.999211356466877,0.37796638852186076,0.40503040094367204
2,0.7948152634766807,0.9840637473647966,0.9565543071161049,0.9776407093292213,0.9984251968503937,0.32589640485960303,0.37181109288813574
3,0.8183555446603673,0.9843443269747416,0.9520599250936329,0.9752895752895753,0.9992088607594937,0.30681828565720515,0.3355397351855569
4,0.7875098193244305,0.9820645969400553,0.9610194902548725,0.9799846035411856,1.0,0.3764979361803141,0.3841106397986879
