,AUROC,AUPRC,accuracy,f1,recall,mcc,gmean
0,0.7705965749263001,0.9847428661196627,0.970113085621971,0.984829848298483,1.0,0.0,0.0
1,0.7435487554236127,0.9904863384372871,0.9765561843168957,0.9881390593047035,1.0,0.0,0.0
2,0.7452022821576765,0.9878899301257176,0.9741309620048505,0.9868959868959869,1.0,0.0,0.0
3,0.6921161825726141,0.9855508417638533,0.9741309620048505,0.9868959868959869,1.0,0.0,0.0
4,0.7829445992860985,0.9889429432952019,0.9725141471301536,0.9860655737704918,1.0,0.0,0.0
