,AUROC,AUPRC,accuracy,f1,recall,mcc,gmean
0,0.7768355319070317,0.779382454189671,0.7087719298245614,0.6584362139917695,0.5734767025089605,0.42822309773123857,0.6934358784831159
1,0.7734342108521757,0.7772591195969125,0.7065026362038664,0.6666666666666666,0.6162361623616236,0.4120009618067271,0.6971069125320292
2,0.7735623397119747,0.7771623906060346,0.7157894736842105,0.686046511627907,0.6459854014598541,0.4310070407513811,0.710021477923204
3,0.7473537122223871,0.7675867219604864,0.6520210896309314,0.6055776892430279,0.5187713310580204,0.3237172461773809,0.6415869181622296
4,0.7496478002965892,0.7500849550010805,0.6836555360281195,0.6356275303643725,0.5607142857142857,0.375137364248086,0.6709124971583865
