,AUROC,AUPRC,accuracy,f1,recall,mcc,gmean
0,0.9460539671798341,0.9704257865842866,0.8956916099773242,0.9087301587301587,0.8910505836575876,0.7879928001576114,0.8965949987469487
1,0.9834138555776032,0.9905305527135,0.9342403628117913,0.9457943925233645,0.9440298507462687,0.8622313787591817,0.9314689321148213
2,0.9713300711743772,0.9865855575557222,0.9319727891156463,0.945054945054945,0.9181494661921709,0.8585068489784952,0.9370060976569274
3,0.9650354355431955,0.9836572680839488,0.9047619047619048,0.9244604316546763,0.9049295774647887,0.7971463239599442,0.9046940574468354
4,0.9779932385022646,0.9867858772735613,0.9318181818181818,0.9416342412451362,0.9416342412451362,0.8596670281303821,0.9297586282024203
