,AUROC,AUPRC,accuracy,f1,recall,mcc,gmean
0,0.9428573612130104,0.9005967043250176,0.8943731490621916,0.7551487414187643,0.632183908045977,0.712831087105908,0.7892632875350427
1,0.9644645898026646,0.9408011515949317,0.9032576505429417,0.78125,0.6529850746268657,0.7457671330474513,0.805358693044028
2,0.9445459889904334,0.9159675818161153,0.9180651530108588,0.8,0.6831275720164609,0.7680787861962992,0.823288831472116
3,0.9708043432426734,0.9376434603496133,0.912142152023692,0.7875894988066826,0.6653225806451613,0.7547178745943328,0.812468069727282
4,0.9554367839607202,0.9207791122329855,0.900197628458498,0.7645687645687645,0.6307692307692307,0.7311504632262528,0.7915650866578894
