,AUROC,AUPRC,accuracy,f1,recall,mcc,gmean
0,0.8357977513605098,0.7919782746688211,0.7641509433962265,0.7320061255742726,0.7297709923664122,0.5214278017079805,0.7599201365824926
1,0.835268411728817,0.7989751072039295,0.7628032345013477,0.7271317829457364,0.7084592145015106,0.5181786437478061,0.7559242576008
2,0.8184490289006598,0.7647330859806143,0.7491571139581928,0.7038216560509554,0.69826224328594,0.48634808759361803,0.7413322195315942
3,0.8321315836898946,0.7801534556154006,0.7607816711590296,0.7166799680766162,0.7115689381933439,0.5097407456588952,0.753162054844461
4,0.8320664617478758,0.799329029116041,0.7538772757923129,0.7114624505928854,0.6965944272445821,0.4973975435461531,0.7456164828819557
