,AUROC,AUPRC,accuracy,f1,recall,mcc,gmean
0,0.8309178743961352,0.7779063569651901,0.6902985074626866,0.484472049689441,0.3391304347826087,0.38509507243876545,0.5688713943033231
1,0.8491616766467066,0.8065111559672403,0.7902621722846442,0.6888888888888889,0.62,0.5411843305957283,0.7437564471617109
2,0.7894236482471776,0.6996433271706337,0.704119850187266,0.5031446540880503,0.39215686274509803,0.3428332781482335,0.5930875334561144
3,0.8434003197076959,0.8117142996977669,0.7191011235955056,0.5714285714285714,0.43103448275862066,0.4437505633239625,0.6366660708511233
4,0.8203182374541004,0.7377386418308447,0.7528089887640449,0.5875,0.49473684210526314,0.4351647113074885,0.6655539469521231
