,AUROC,AUPRC,accuracy,f1,recall,mcc,gmean
0,0.751106738809641,0.7568216874308624,0.6831683168316832,0.68,0.6355140186915887,0.3728700226353474,0.684305112838535
1,0.7119799843014128,0.6939214275590958,0.6584158415841584,0.6905829596412556,0.7403846153846154,0.31674637878187234,0.6504436355879909
2,0.7871462264150944,0.7125583292707107,0.7178217821782178,0.7076923076923077,0.71875,0.4352822221138412,0.7178650212116796
3,0.701285321821036,0.6900337122073448,0.6188118811881188,0.6384976525821596,0.6538461538461539,0.23611675770471205,0.616683284316525
4,0.7660839160839161,0.7140443780701531,0.6915422885572139,0.6990291262135923,0.7912087912087912,0.40272088991885846,0.694203199299803
