,AUROC,AUPRC,accuracy,f1,recall,mcc,gmean
0,0.7282395362636359,0.5773564166936775,0.7,0.4861878453038674,0.4036697247706422,0.29892521395689214,0.5894379749347083
1,0.7286156567890315,0.6309582198318148,0.6796116504854369,0.5025125628140703,0.42016806722689076,0.2913678823399507,0.5948325317454022
2,0.7859429824561404,0.6809598739617208,0.7161290322580646,0.5686274509803921,0.48333333333333334,0.37972203982129116,0.6459047781648162
3,0.7549040976460331,0.6707902455726745,0.6731391585760518,0.4873096446700508,0.3870967741935484,0.2907459675641996,0.5786072928183055
4,0.8029751062537946,0.7443736463952721,0.7216828478964401,0.5865384615384616,0.48412698412698413,0.41110804446299587,0.6546536707079771
