,AUROC,AUPRC,accuracy,f1,recall,mcc,gmean
0,0.8393015030946065,0.9267145353068872,0.8161290322580645,0.8884540117416829,0.978448275862069,0.4509816170329565,0.5710949354418723
1,0.902432575356954,0.9720052733148519,0.8478964401294499,0.9104761904761904,0.9637096774193549,0.44516707706093644,0.6027984272914144
2,0.8471130952380953,0.9365482966960791,0.8516129032258064,0.9108527131782945,0.9791666666666666,0.5264447743057012,0.6369103248533202
3,0.8967124925283921,0.9636101533020358,0.8576051779935275,0.9137254901960784,0.9748953974895398,0.5506729321810168,0.6675825547629219
4,0.8786610878661087,0.9574503082254517,0.8446601941747572,0.90625,0.9707112970711297,0.5023110763203635,0.6341544157950216
