,AUROC,AUPRC,accuracy,f1,recall,mcc,gmean
0,0.6845238095238095,0.30913374244358166,0.8580645161290322,0.15384615384615385,0.09523809523809523,0.1411111017839185,0.30513259261515857
1,0.7415510372303888,0.442788556901473,0.8381877022653722,0.358974358974359,0.2413793103448276,0.3451406667874297,0.485396010480073
2,0.8044136573548337,0.5124422688102391,0.8709677419354839,0.4444444444444444,0.3137254901960784,0.4343545790730521,0.5546791987729182
3,0.7489106753812635,0.4678442710720091,0.8414239482200647,0.2898550724637681,0.18518518518518517,0.292582658773989,0.4260916604707613
4,0.6937422722901497,0.40887329045941445,0.8252427184466019,0.25,0.15517241379310345,0.25393340301981754,0.38997606317952616
