,AUROC,AUPRC,accuracy,f1,recall,mcc,gmean
0,0.7629583333333335,0.7382031312181931,0.7258064516129032,0.7521865889212828,0.80625,0.4534782318665548,0.7183313998427189
1,0.7718765914106264,0.799754221577515,0.7119741100323624,0.7676240208877284,0.8546511627906976,0.41365623067825136,0.6748318789481409
2,0.7966505178750417,0.794040633817839,0.7258064516129032,0.7550432276657061,0.7987804878048781,0.44926041910655923,0.7171355016764855
3,0.7790334823311125,0.7920943698633862,0.6893203883495146,0.7257142857142858,0.7604790419161677,0.3712842753150396,0.6786544143511057
4,0.7975274725274725,0.7759171341925573,0.7313915857605178,0.7762803234501348,0.8520710059171598,0.45803742340541154,0.7064489794802044
