,AUROC,AUPRC,accuracy,f1,recall,mcc,gmean
0,0.8723880597014925,0.9918431538424374,0.9434628975265018,0.9706959706959707,0.9888059701492538,0.20771175034210276,0.3630988791223411
1,0.8185534591194968,0.9760853639604767,0.9434628975265018,0.9704797047970479,0.9924528301886792,0.36368488964808704,0.4696222666944808
2,0.7494775339602926,0.9694105366326276,0.9293286219081273,0.9629629629629629,0.9961685823754789,0.30062214232423956,0.36856637166720585
3,0.7686311787072243,0.9718010506617865,0.9363957597173145,0.966789667896679,0.9961977186311787,0.317395942403052,0.386561324752848
4,0.7338308457711442,0.972036933513885,0.9469964664310954,0.9725776965265083,0.9925373134328358,0.23889408291701425,0.36378332625027143
