,AUROC,AUPRC,accuracy,f1,recall,mcc,gmean
0,0.8845891553451921,0.9025374858162725,0.8076009501187649,0.8363636363636363,0.8603491271820449,0.6047562751350486,0.7964250566920252
1,0.8738060067574643,0.8970975457751794,0.7881235154394299,0.8152444076222038,0.8261964735516373,0.567290863249655,0.7811248549377254
2,0.8800147419787907,0.9018954445509992,0.7971496437054632,0.8227480282274803,0.8455631399317406,0.5872275740987661,0.7890609809475553
3,0.8706603686209131,0.9023687364064403,0.7966745843230404,0.8238683127572016,0.8204918032786885,0.5834561416856815,0.791660244291328
4,0.8723538366613902,0.8986954154400788,0.7961995249406176,0.8226539892517569,0.8368376787216149,0.5837478147036489,0.788762822101761
