,AUROC,AUPRC,accuracy,f1,recall,mcc,gmean
0,0.9379338816475077,0.9618240546605956,0.8477026329375322,0.8872755063049294,0.9493049877350777,0.6691157796865557,0.7996985593679304
1,0.934650299387642,0.9569148152154467,0.8461538461538461,0.8853846153846154,0.9575707154742097,0.6729773593199324,0.7973549036551268
2,0.9333043021455429,0.961120925711496,0.8492514197212184,0.889811320754717,0.9562043795620438,0.6709118262830361,0.7955765855760972
3,0.9276288096120499,0.953615901316862,0.8487351574599896,0.8876964354158682,0.9484029484029484,0.6717712500793083,0.8023393110183205
4,0.9215819506749776,0.9502482477996561,0.8404749612803304,0.8830874006810443,0.9426494345718901,0.6479164657549906,0.7884732801443768
