,AUROC,AUPRC,accuracy,f1,recall,mcc,gmean
0,0.8684142886729093,0.9650678448276722,0.8935468676401319,0.9416322314049587,0.9978106185002736,0.45629013909946176,0.49945235470970445
1,0.8640989605744671,0.9705262505855925,0.9010833725859633,0.9459598558929491,0.9940508382909681,0.4553722242101098,0.5216265019737747
2,0.8642419671831437,0.9688750385731079,0.8963242224316682,0.9431524547803618,0.9940087145969498,0.4508723213488497,0.5173178238307906
3,0.8706915424796436,0.9707837122600079,0.8954309938765898,0.942842430484037,0.9951086956521739,0.43539715397138473,0.49612494399627605
4,0.84228784838726,0.9657606284513074,0.9005655042412818,0.94629676762535,0.9951820128479657,0.38835430839592244,0.4513735148127177
