,AUROC,AUPRC,accuracy,f1,recall,mcc,gmean
0,0.8923332375600532,0.9576011218960785,0.7987804878048781,0.8783036263060848,0.9834824501032347,0.4119222707698899,0.5225738956706814
1,0.888246967593199,0.950009763170343,0.7900355871886121,0.8727272727272727,0.9867595818815331,0.4034658168486357,0.5059288010096622
2,0.8979500480827836,0.9563996432469895,0.8124046771733604,0.886356636895596,0.9842681258549931,0.4509303415941957,0.5566850826183417
3,0.9050235136820493,0.9590362909364891,0.8154550076258261,0.8885477433220755,0.9870395634379263,0.45856423425764414,0.5561580704447856
4,0.8921091013269783,0.9571961638073063,0.7859684799186578,0.8695382708397893,0.9811188811188811,0.39226482661251855,0.5111421467920524
