,AUROC,AUPRC,accuracy,f1,recall,mcc,gmean
0,0.9164117132867132,0.9531496727671863,0.8374055975122168,0.8913301662707839,0.9772135416666666,0.6151422321307078,0.7244481864323872
1,0.918468837765825,0.9578457771382534,0.8351843625055531,0.891234242157725,0.9781209781209781,0.60181046509408,0.7107733700234612
2,0.9140444368005219,0.9458074827939872,0.8222222222222222,0.8798798798798799,0.9792780748663101,0.59566499227997,0.7071274678119382
3,0.9154202230953349,0.9558814655760135,0.8302976454908929,0.885833831440526,0.9718032786885246,0.6003243598789436,0.7197411809569955
4,0.9101700053636809,0.9544533072008868,0.8351111111111111,0.8919941775836973,0.9789137380191694,0.5962988264194994,0.7041929346325145
