,AUROC,AUPRC,accuracy,f1,recall,mcc,gmean
0,0.45622119815668205,0.1861142942025295,0.7894736842105263,0.0,0.0,-0.07812091314506639,0.0
1,0.5937499999999999,0.24953007518796994,0.8157894736842105,0.0,0.0,-0.07118684968143743,0.0
2,0.5980392156862745,0.13846153846153847,0.8918918918918919,0.0,0.0,-0.04950737714883372,0.0
3,0.7022058823529411,0.3875959079283887,0.8947368421052632,0.0,0.0,0.0,0.0
4,0.321969696969697,0.09591591591591592,0.8378378378378378,0.0,0.0,-0.0832250378576479,0.0
