,AUROC,AUPRC,accuracy,f1,recall,mcc,gmean
0,0.6049382716049382,0.20588235294117646,0.9,0.0,0.0,0.0,0.0
1,0.6583333333333334,0.33510822510822513,0.7931034482758621,0.0,0.0,-0.08625819491779428,0.0
2,0.34259259259259256,0.07539682539682539,0.8620689655172413,0.0,0.0,-0.07407407407407407,0.0
3,0.4358974358974359,0.1217948717948718,0.896551724137931,0.0,0.0,0.0,0.0
4,0.375,0.3420965608465608,0.8620689655172413,0.0,0.0,0.0,0.0
