,AUROC,AUPRC,accuracy,f1,recall,mcc,gmean
0,0.8681992781217921,0.9930104950498435,0.9676232523914643,0.9834958739684921,0.9984767707539984,0.23303110752900413,0.2946592388201782
1,0.876115608136156,0.9948995418384695,0.9683357879234168,0.9838890970400899,0.9992389649923896,0.16855367017106995,0.21311957431029072
2,0.7522390746658266,0.9830606878603475,0.9631811487481591,0.9812312312312312,1.0,0.13742406218310724,0.14002800840280097
3,0.8132792620865141,0.989504552791694,0.9639175257731959,0.9816135084427767,0.9984732824427481,0.07593327742471193,0.1442273438622415
4,0.825778934432155,0.9902133002443709,0.9624447717231223,0.9808198570891312,0.9992337164750957,0.1995399003367234,0.23782430289135745
