,AUROC,AUPRC,accuracy,f1,recall,mcc,gmean
0,0.7310342542900682,0.974907050871342,0.9322033898305084,0.9648535564853556,0.9931093884582257,0.05089772058733944,0.15957550969306242
1,0.7832343794175856,0.982404999626104,0.9564164648910412,0.9776119402985075,1.0,0.30922554544572217,0.31622776601683794
2,0.7317730648386175,0.9725977031608671,0.9410815173527038,0.9695960016659725,0.9974293059125964,0.09302114854796155,0.16645230430571764
3,0.7082993734399673,0.9712981799524267,0.9491525423728814,0.9738263398421271,1.0,0.23802519047060522,0.24433888871261045
4,0.7835922216707057,0.9830370449708237,0.9539951573849879,0.9763387297633873,0.995766299745978,0.22341838010064546,0.32095218782596513
