,AUROC,AUPRC,accuracy,f1,recall,mcc,gmean
0,0.790107342979949,0.9894418791200119,0.9717285945072698,0.9856380796060731,1.0,0.22917983590096086,0.23249527748763857
1,0.8370347111212606,0.9943739218376719,0.9749393694421988,0.9873106835857552,0.9983443708609272,-0.00623515208189036,0.0
2,0.8153786307053942,0.9924494953243476,0.973322554567502,0.986469864698647,0.9983402489626556,0.09549902212593454,0.1766299317218998
3,0.721058091286307,0.9864636080702405,0.9749393694421988,0.9873002867677182,1.0,0.17454575813478795,0.1767766952966369
4,0.8093247273971933,0.9920687271375593,0.9717057396928052,0.985649856498565,0.999168744804655,-0.00478186608319857,0.0
