,AUROC,AUPRC,accuracy,f1,recall,mcc,gmean
0,0.7977437061857943,0.9807666736031568,0.9461538461538461,0.9722222222222222,0.9991843393148451,0.22818232880249373,0.259831590379444
1,0.8193801229508197,0.9835804961778372,0.9423076923076923,0.9701789264413518,1.0,0.2426526506764533,0.25
2,0.8301997950819672,0.9860183137378169,0.9376923076923077,0.967741935483871,0.9959016393442623,0.13303586241583484,0.22314811665620912
3,0.8440366053906845,0.9866560616311792,0.94,0.9689737470167065,1.0,0.214113579935785,0.2208630521496931
4,0.8322103428486407,0.9844002054344733,0.9430331023864511,0.9705648369132857,0.9983633387888707,0.20417071360528471,0.2546149803783029
