,AUROC,AUPRC,accuracy,f1,recall,mcc,gmean
0,0.7890658329371899,0.9473112461816857,0.8567591763652641,0.9214145383104125,0.9946977730646872,0.25983747591961726,0.3295700585544283
1,0.7799791416067361,0.9479936518803526,0.8692927484333035,0.9285714285714286,0.9958027282266527,0.3050299614027366,0.3654904825175239
2,0.7766667411287711,0.93465072832713,0.8334825425246195,0.9080118694362018,0.9945828819068255,0.18531019901922638,0.2581613962611946
3,0.8198231093800714,0.955915150222592,0.8639212175470009,0.9252704031465093,0.9926160337552743,0.2936883571760659,0.3754506941378051
4,0.8002891595914852,0.9473911618337874,0.8567591763652641,0.9209486166007905,0.9862433862433863,0.26200394594376214,0.3786150147522428
