,AUROC,AUPRC,accuracy,f1,recall,mcc,gmean
0,0.8721368294153103,0.9763261943535061,0.9036624203821656,0.9479569892473119,0.9963833634719711,0.4149964153357483,0.4681926312575131
1,0.8951594949591323,0.9835821791763083,0.9044585987261147,0.9487179487179487,0.9955156950672646,0.3660667654001863,0.4284510123834502
2,0.8841859074186924,0.9767182958350157,0.8837579617834395,0.9370146678170836,0.9926873857404022,0.29957992980295406,0.383490283954453
3,0.8960067854113655,0.9846030792806432,0.9116242038216561,0.9527860484900043,0.9955555555555555,0.3731134355152049,0.4358801649946841
4,0.8565739060294415,0.9743832605294211,0.8876494023904382,0.9396145610278372,0.9954627949183303,0.2657018126989576,0.33257627277535573
