,AUROC,AUPRC,accuracy,f1,recall,mcc,gmean
0,0.818056689233527,0.9857342047996709,0.9525939177101967,0.9755422242731887,0.9981114258734656,0.317505026319519,0.36788196815190244
1,0.8388165933528836,0.9858182411260634,0.9508050089445438,0.9745016226240149,0.9952651515151515,0.3531366682392636,0.43889858146203226
2,0.8295565782745271,0.9822142657495874,0.9508050089445438,0.9745252431681334,0.9990503323836657,0.3821536604068795,0.4111812936522568
3,0.8182052963029184,0.9872847184064286,0.9597495527728086,0.9793861658268438,0.9981325863678805,0.22863480298465472,0.29145746543701456
4,0.8019557021677663,0.9843101124082252,0.954341987466428,0.976508521418701,0.9990574929311969,0.29367511290397263,0.32717254506243065
