,AUROC,AUPRC,accuracy,f1,recall,mcc,gmean
0,0.8579635929357267,0.9900924453158653,0.9784615384615385,0.9889589905362776,0.9984076433121019,0.5987247972290973,0.6390927088035505
1,0.8670613888973014,0.9904426556053844,0.9761354888375674,0.9876739562624255,0.9967897271268058,0.6418767207349698,0.6992790479432337
2,0.8691706248843378,0.9900378679471428,0.9699769053117783,0.9845422116527943,0.9959903769045709,0.5085748209791151,0.5871676929955667
3,0.8723415080899561,0.9948658742636565,0.9830638953040801,0.9913928012519562,0.999211356466877,0.535995871790199,0.5677378303597297
4,0.8732433464034144,0.9923696841657799,0.9799846035411856,0.9897314375987362,1.0,0.6526439932578982,0.659380473395787
