,AUROC,AUPRC,accuracy,f1,recall,mcc,gmean
0,0.878835725677831,0.9716117446246813,0.8762331838565023,0.9315476190476191,0.988421052631579,0.37889924220464344,0.47711252722640146
1,0.8649851455733808,0.96459122748267,0.8591928251121076,0.9220069547938401,0.9925133689839573,0.32697941550006404,0.4067172172783684
2,0.8793657420853906,0.9700906748022206,0.8789237668161435,0.9325337331334332,0.9936102236421726,0.4466384698775415,0.5151107587825503
3,0.8699474779746343,0.9647882082656194,0.8762331838565023,0.9310689310689311,0.9925452609158679,0.42921014926170653,0.5037616271002747
4,0.8524433765591322,0.961521266547976,0.8681614349775785,0.9263895843765648,0.9914255091103966,0.4027755798626255,0.4839812961361205
