,AUROC,AUPRC,accuracy,f1,recall,mcc,gmean
0,0.8044809025853257,0.7880412393560863,0.7456140350877193,0.7173489278752436,0.6594982078853047,0.4955679543911553,0.7390415175117314
1,0.8031897768642116,0.7919933413875506,0.7398945518453427,0.7186311787072244,0.6974169741697417,0.47798084532820906,0.7368551395417288
2,0.8201136811994476,0.7767360285123552,0.7719298245614035,0.7565543071161048,0.7372262773722628,0.5429700345617167,0.7699154350163051
3,0.7705705594301825,0.7683099129247049,0.6889279437609842,0.6728280961182994,0.621160409556314,0.38504140587866215,0.6874751273677975
4,0.7812407315867526,0.7152968114283237,0.7117750439367311,0.6928838951310862,0.6607142857142857,0.4243527733055071,0.7092008828528407
