,AUROC,AUPRC,accuracy,f1,recall,mcc,gmean
0,0.9615049523110785,0.9281900699452075,0.9210266535044422,0.8253275109170306,0.7241379310344828,0.7883965872483697,0.8464244420050012
1,0.9768531503556044,0.9617212053321968,0.932872655478776,0.8565400843881856,0.7574626865671642,0.8256983782142824,0.8685692265168785
2,0.9629896852119075,0.9334749428561803,0.9368213228035538,0.8538812785388128,0.7695473251028807,0.8222171887869493,0.8726694839506507
3,0.9805740037950663,0.9565047861252689,0.930898321816387,0.8401826484018264,0.7419354838709677,0.8085940405586832,0.8579722501553798
4,0.9713354132569559,0.9429637804598779,0.924901185770751,0.8347826086956521,0.7384615384615385,0.7985985200565334,0.8547546809746747
