,AUROC,AUPRC,accuracy,f1,recall,mcc,gmean
0,0.9778590762984267,0.9870205167723671,0.9319727891156463,0.9402390438247012,0.9182879377431906,0.8627232253506715,0.9345435676943025
1,0.9921490811836771,0.9953683084731296,0.9569160997732427,0.9640831758034026,0.9514925373134329,0.9107800313060833,0.958380298281915
2,0.9829737544483986,0.9916558311235004,0.9410430839002267,0.9522058823529411,0.9217081850533808,0.8787724029740221,0.9479796835518398
3,0.9820018839149547,0.9912409808830023,0.927437641723356,0.9424460431654677,0.9225352112676056,0.845851127205578,0.9293949680992832
4,0.9912185579724012,0.9939868899984668,0.9477272727272728,0.9548133595284872,0.9455252918287937,0.893075333192933,0.9481687866452688
