,AUROC,AUPRC,accuracy,f1,recall,mcc,gmean
0,0.8926417370325692,0.8693702265588792,0.8194070080862533,0.7889763779527559,0.7648854961832061,0.6323747283196667,0.8122205409878801
1,0.899615740842834,0.8743813475382703,0.8180592991913747,0.7874015748031497,0.7552870090634441,0.6306322105256618,0.8099705053589661
2,0.8944345321066816,0.8598454633500219,0.8179366149696561,0.784,0.7740916271721959,0.6268552909317764,0.8114389879173605
3,0.9012555667235803,0.8660050503470144,0.8328840970350404,0.7993527508090615,0.7828843106180665,0.6567007510812747,0.8252323261483929
4,0.9034273962367441,0.8812805849924289,0.8199595414699933,0.7791563275434243,0.7291021671826625,0.6326330321219713,0.805581718436406
