,AUROC,AUPRC,accuracy,f1,recall,mcc,gmean
0,0.7325135268076733,0.7420331591942048,0.6782178217821783,0.6859903381642513,0.6635514018691588,0.357673005520302,0.6789650988888161
1,0.7176707221350078,0.6997507403182426,0.693069306930693,0.7232142857142857,0.7788461538461539,0.3876397228047906,0.6847606693249234
2,0.7740271226415094,0.6858557189152567,0.7277227722772277,0.7120418848167539,0.7083333333333334,0.45386172508312056,0.7265733308011288
3,0.7040325745682889,0.7079958525028767,0.6237623762376238,0.6448598130841121,0.6634615384615384,0.24596452281695286,0.621201170973998
4,0.7780219780219781,0.7316809056891599,0.7014925373134329,0.7087378640776699,0.8021978021978022,0.4229222622357266,0.7042045838420081
