,AUROC,AUPRC,accuracy,f1,recall,mcc,gmean
0,0.8369529177718833,0.9369541672362236,0.8096774193548387,0.882703777335984,0.9568965517241379,0.4300933395616237,0.596463939202724
1,0.8893773135906927,0.9658105547030108,0.8705501618122977,0.9227799227799228,0.9637096774193549,0.5459807193666922,0.6884443180524472
2,0.8411309523809525,0.9315157830492484,0.8516129032258064,0.91015625,0.9708333333333333,0.5274167441161238,0.6556984643801419
3,0.8951583980872684,0.9645056117495483,0.8640776699029126,0.91796875,0.9832635983263598,0.5746045661121625,0.6704415937749378
4,0.8723251643753736,0.9518265253473374,0.8478964401294499,0.906930693069307,0.9581589958158996,0.5195467449898871,0.6720889275973263
