,AUROC,AUPRC,accuracy,f1,recall,mcc,gmean
0,0.7125977256574272,0.31439711856784186,0.8612903225806452,0.18867924528301888,0.11904761904761904,0.1788153991277402,0.34114860961912247
1,0.7793996428080779,0.5366349477576474,0.8317152103559871,0.3157894736842105,0.20689655172413793,0.3050707824440302,0.44938938285185964
2,0.7954046483458248,0.5356151584987694,0.864516129032258,0.4166666666666667,0.29411764705882354,0.39973130329196543,0.5360075660226473
3,0.7742193173565722,0.4830627694830982,0.8478964401294499,0.3188405797101449,0.2037037037037037,0.33223530858151645,0.44778158904620413
4,0.6963525209506801,0.44227877425630335,0.8381877022653722,0.3055555555555556,0.1896551724137931,0.33363418669998374,0.43288379217104583
