,AUROC,AUPRC,accuracy,f1,recall,mcc,gmean
0,0.7656666666666667,0.7279572206586851,0.7290322580645161,0.7586206896551724,0.825,0.46202430389393556,0.719027120489902
1,0.7814887115939569,0.8047847932740416,0.7087378640776699,0.7606382978723404,0.8313953488372093,0.40500410465960524,0.6791259222950118
2,0.8008895756765786,0.8041156297446724,0.7161290322580646,0.75,0.8048780487804879,0.4304749474419212,0.704384625970102
3,0.7730876275617778,0.7938743619977285,0.7055016181229773,0.7422096317280453,0.7844311377245509,0.4042975735174074,0.6932547698572513
4,0.795519864750634,0.7782883669357197,0.7184466019417476,0.7616438356164383,0.8224852071005917,0.42928560769105883,0.6982952312051989
