,AUROC,AUPRC,accuracy,f1,recall,mcc,gmean
0,0.8686567164179104,0.9911992832109511,0.9434628975265018,0.9706959706959707,0.9888059701492538,0.20771175034210276,0.3630988791223411
1,0.8450733752620545,0.9869259675967973,0.9434628975265018,0.9704797047970479,0.9924528301886792,0.36368488964808704,0.4696222666944808
2,0.7450365726227796,0.9681636603643168,0.9328621908127208,0.9648798521256932,1.0,0.356525440341064,0.3692744729379982
3,0.7452471482889733,0.9714041475127333,0.9257950530035336,0.9613259668508287,0.9923954372623575,0.10608948665151972,0.22275495923349917
4,0.7988805970149254,0.9849541098874396,0.9469964664310954,0.9725776965265083,0.9925373134328358,0.23889408291701425,0.36378332625027143
