,AUROC,AUPRC,accuracy,f1,recall,mcc,gmean
0,0.8705907261941744,0.9690002628095908,0.9076778144135657,0.9486103828002097,0.9901477832512315,0.5500080071301673,0.6282683150975851
1,0.8667893080892018,0.9714428218001143,0.9090909090909091,0.949489662392044,0.9810708491076258,0.5275256423860722,0.644471770619828
2,0.8720672029495559,0.9721753244204178,0.9095193213949104,0.9496591504981646,0.9863834422657952,0.5464565406633424,0.6406389665156854
3,0.8674498770932555,0.9693025369925363,0.9090909090909091,0.9495951945677723,0.9880434782608696,0.5364644217531379,0.6253221630895109
4,0.8603426545718187,0.9727116190928407,0.911875589066918,0.951717015233669,0.9866167023554604,0.4960875512315497,0.5977936356088267
