,AUROC,AUPRC,accuracy,f1,recall,mcc,gmean
0,0.8936219134351852,0.9175142936566556,0.8213776722090261,0.8439834024896266,0.8453865336658354,0.6351006448657102,0.8168915258059445
1,0.8840873473002294,0.9100761004160682,0.804750593824228,0.8245838668373879,0.8110831234256927,0.605008127460084,0.8037579364516941
2,0.8919290409666056,0.9094765636069625,0.8199524940617577,0.8376873661670236,0.8344709897610921,0.6355845770679749,0.8179289850523349
3,0.8815184773548208,0.9099895661533706,0.8023752969121141,0.8229787234042554,0.7926229508196722,0.6023228241296724,0.8041374439760267
4,0.8748875242855727,0.9013368299387055,0.7980997624703088,0.8205994090333474,0.8174936921783011,0.5897764875699766,0.7948974378806156
