,AUROC,AUPRC,accuracy,f1,recall,mcc,gmean
0,0.9231028736888112,0.9600264229235451,0.8627276765881831,0.9021222679759265,0.9270833333333334,0.6756791222466427,0.8195420575841024
1,0.9247625879620142,0.9611910057765991,0.8671701466015105,0.9076305220883534,0.9453024453024453,0.6794095991785409,0.8093615468128115
2,0.9196265195250997,0.9526935536507704,0.8515555555555555,0.8934269304403318,0.9358288770053476,0.6578636239346891,0.8002715889583019
3,0.9203084496229057,0.9584019791474281,0.8533984895601955,0.8958333333333334,0.9304918032786885,0.6547709917371568,0.8021208846313926
4,0.915019705697162,0.9563141255118097,0.8564444444444445,0.9007070396557024,0.9361022364217252,0.6490418806288016,0.7945794767401789
