,AUROC,AUPRC,accuracy,f1,recall,mcc,gmean
0,0.9400547627063908,0.9630465318330353,0.8745482705214249,0.9016592472683124,0.910874897792314,0.728792248536291,0.8601897392798776
1,0.9418440920461363,0.9621398707120524,0.8719669592152813,0.8994322789943228,0.9226289517470881,0.725335634140822,0.8532648718391663
2,0.9359597342033472,0.9604281530309624,0.8735157459989675,0.9026618990862137,0.9213300892133008,0.7235376985542142,0.8530189782627429
3,0.9357816424855531,0.957911923617033,0.8740320082601962,0.9004081632653061,0.9033579033579033,0.7290935857005061,0.8627787080913056
4,0.9233072402069886,0.9489227185105527,0.858544140423335,0.8907496012759171,0.9022617124394184,0.6907086058298058,0.8395063736193601
