,AUROC,AUPRC,accuracy,f1,recall,mcc,gmean
0,0.8977061185762301,0.9588633004177336,0.8516260162601627,0.9020134228187919,0.9249827942188575,0.6004825129204873,0.77220436914682
1,0.8921019884205286,0.9540694937583405,0.8408744280630401,0.8962545575074577,0.9421602787456446,0.5707856977429849,0.7313243782380253
2,0.9021576302637104,0.9609838223373848,0.8515505846466701,0.9019476158495635,0.9186046511627907,0.5985864794127616,0.7771192604245917
3,0.9094743664104261,0.9648179867089249,0.8622267412303,0.9092735185805155,0.9263301500682128,0.6253374586605855,0.7905373380684502
4,0.8958295894050083,0.9582831916712253,0.835282155566853,0.8905405405405405,0.9216783216783216,0.5646648099795547,0.7468686393983048
