,AUROC,AUPRC,accuracy,f1,recall,mcc,gmean
0,0.5432098765432098,0.1535014005602241,0.9,0.0,0.0,0.0,0.0
1,0.6,0.25768622182415285,0.7931034482758621,0.0,0.0,-0.08625819491779428,0.0
2,0.462962962962963,0.09166666666666667,0.8620689655172413,0.0,0.0,-0.07407407407407407,0.0
3,0.5256410256410255,0.19719169719169719,0.896551724137931,0.0,0.0,0.0,0.0
4,0.37,0.3424388111888112,0.8620689655172413,0.0,0.0,0.0,0.0
