,AUROC,AUPRC,accuracy,f1,recall,mcc,gmean
0,0.5622119815668203,0.22378335949764522,0.8157894736842105,0.0,0.0,0.0,0.0
1,0.6770833333333333,0.25849178055060407,0.8157894736842105,0.0,0.0,-0.07118684968143743,0.0
2,0.5588235294117647,0.11309523809523808,0.918918918918919,0.0,0.0,0.0,0.0
3,0.6727941176470589,0.182579185520362,0.8947368421052632,0.0,0.0,0.0,0.0
4,0.1818181818181818,0.08096221221221221,0.8918918918918919,0.0,0.0,0.0,0.0
