,AUROC,AUPRC,accuracy,f1,recall,mcc,gmean
0,0.7936543803183281,0.9826851605697362,0.9484615384615385,0.9733174034249303,0.9967373572593801,0.3154180243945152,0.3849203309962104
1,0.8015676229508196,0.9810920890914072,0.9438461538461539,0.9709047429254684,0.9983606557377049,0.29085702031851296,0.3351351574670909
2,0.8195799180327868,0.9856985600998733,0.943076923076923,0.9704472843450479,0.9959016393442623,0.29076596665495846,0.37004928781155094
3,0.8262094997797268,0.984131072814304,0.9376923076923077,0.967741935483871,0.9975369458128078,0.15386037112032225,0.22059088562344767
4,0.8238623079048611,0.9841184259729098,0.9430331023864511,0.9704708699122107,0.9950900163666121,0.24749512848758334,0.3410413797359514
