,AUROC,AUPRC,accuracy,f1,recall,mcc,gmean
0,0.8057286072323666,0.9833609678849666,0.9741564967695621,0.9866369710467706,0.9992481203007518,0.6457613707794886,0.6664159929722748
1,0.8744845985932573,0.9898008947054644,0.9777298850574713,0.9884801189149015,1.0,0.6990073785085569,0.7071067811865476
2,0.7610639172432692,0.9779747739154558,0.968413496051687,0.9836309523809523,0.9962321024868124,0.5747839575127778,0.638396034191847
3,0.8110074626865671,0.9865738319279193,0.9777298850574713,0.9885482083487255,0.9985074626865672,0.6294428813768423,0.6645656713771068
4,0.7857170552654709,0.9841020891223484,0.9755747126436781,0.9873887240356083,0.9977511244377811,0.6374929347904026,0.6815206167324513
