,AUROC,AUPRC,accuracy,f1,recall,mcc,gmean
0,0.7301563638772941,0.9743204541343736,0.9386602098466506,0.9682539682539683,0.9982773471145564,0.1733932845991726,0.2262602707247536
1,0.762362171331637,0.9818840733779097,0.9564164648910412,0.9775747508305648,0.998303647158609,0.31581626868930257,0.3648385299752223
2,0.7279348757497859,0.9743204224770791,0.9426957223567393,0.9703796412181894,0.9965724078834619,0.18187905087586761,0.263071125770445
3,0.7174621771687637,0.973928034704224,0.9491525423728814,0.9738045738045739,0.9991467576791809,0.2403505707787214,0.27306261346361693
4,0.7881252007357878,0.9844116069291466,0.9556093623890234,0.9771689497716894,0.9966130397967824,0.26415048324141943,0.34681534584473733
