,AUROC,AUPRC,accuracy,f1,recall,mcc,gmean
0,0.7938542205819475,0.9906618000384648,0.9709208400646203,0.985233798195242,1.0,0.16198909975469544,0.1643989873053573
1,0.8447419502169445,0.9951788496834048,0.9781729991915926,0.9889480147359804,1.0,0.259726334997364,0.2626128657194451
2,0.8261410788381742,0.9943149150035994,0.973322554567502,0.986469864698647,0.9983402489626556,0.09549902212593454,0.1766299317218998
3,0.7110606846473029,0.9863710809410136,0.9749393694421988,0.9872898728987289,0.9991701244813278,0.19903301894432282,0.24989624402956317
4,0.8181384773360716,0.992873940763394,0.9725141471301536,0.9860655737704918,1.0,0.0,0.0
