,AUROC,AUPRC,accuracy,f1,recall,mcc,gmean
0,0.8606479807112718,0.9726143567094481,0.9164012738853503,0.9540078843626807,0.984629294755877,0.5315739697741693,0.6379499263258017
1,0.883792895079986,0.9809252017800947,0.9116242038216561,0.9516760992599043,0.9802690582959641,0.4679793471150544,0.6012633922743773
2,0.8817257995350622,0.9777236788540045,0.9060509554140127,0.9482456140350877,0.9881170018281535,0.4967226166471526,0.5896361564045539
3,0.8877455470737914,0.9821489762701648,0.9116242038216561,0.9521345407503234,0.9813333333333333,0.41525948205068036,0.5541974919204259
4,0.8406551368278709,0.9712999319793545,0.9059760956175299,0.9483814523184602,0.9836660617059891,0.4674543851743004,0.5837354427537454
