,AUROC,AUPRC,accuracy,f1,recall,mcc,gmean
0,0.7806828293170489,0.9421981229439482,0.8549686660698299,0.9197224975222993,0.9840933191940615,0.2654885909121782,0.3907737654155017
1,0.7821161671742636,0.9472539638131316,0.8746642793196061,0.9308300395256917,0.9884575026232949,0.3595597775249992,0.4592943460261152
2,0.7793669231886163,0.9310369369389195,0.8406445837063563,0.9107321965897693,0.9837486457204767,0.27365818957191335,0.39648070387215917
3,0.8238459041769656,0.9581826243117704,0.8675022381378693,0.9265873015873016,0.9852320675105485,0.33652465748141824,0.4517102435843019
4,0.7946905377137935,0.9471627867571495,0.8683974932855864,0.9272637308263236,0.9915343915343915,0.3520215211764487,0.43616080697212484
