,AUROC,AUPRC,accuracy,f1,recall,mcc,gmean
0,0.765889309598741,0.9758432002470031,0.9580524344569289,0.978125,0.985051140833989,0.47662078484478243,0.6446459881511241
1,0.8574085408917558,0.9899840567633597,0.9625468164794008,0.9806351665375678,0.998422712933754,0.4948188122464015,0.5321041243874821
2,0.7948758328285888,0.9824310451145695,0.9595505617977528,0.9790859798605732,0.9952755905511811,0.42476281137505556,0.5101988306136537
3,0.8368470315564271,0.9854771156958321,0.9535580524344569,0.9759129759129759,0.9936708860759493,0.38588093014668046,0.48777166592015475
4,0.7771174326812873,0.9799617084006701,0.9647676161919041,0.9817333851535173,0.9921445404556166,0.511081960440477,0.6247815220884765
