,AUROC,AUPRC,accuracy,f1,recall,mcc,gmean
0,0.8859553429027113,0.9729764435517467,0.8869955156950673,0.9359756097560976,0.9694736842105263,0.4807802026558313,0.6320922953623619
1,0.8646939988116458,0.9630559938451233,0.885201793721973,0.9343589743589743,0.9743315508021391,0.5106356399282995,0.6413925728919093
2,0.8759499951592603,0.9706886293158528,0.8896860986547085,0.9374682257244534,0.9818956336528222,0.5160423641465168,0.6249213330296497
3,0.8783098557459579,0.972587279018176,0.8860986547085202,0.9348383786557208,0.9701810436634718,0.508925616878903,0.6515015016120599
4,0.8502938647633181,0.9609790383450926,0.8816143497757848,0.932446264073695,0.9764201500535906,0.4948474230505813,0.6215111449667688
