,AUROC,AUPRC,accuracy,f1,recall,mcc,gmean
0,0.8629849449913144,0.9904312987645585,0.9807692307692307,0.9900990099009901,0.9952229299363057,0.6677747642382675,0.751975780080347
1,0.8778884884460462,0.9922996248659723,0.9830638953040801,0.9912280701754386,0.9975922953451043,0.7600399297747201,0.7999780426436426
2,0.8782308309172784,0.992182733560937,0.9761354888375674,0.9876641464385197,0.9951884522854851,0.6408822797620028,0.7188410572649361
3,0.9014958787015366,0.9969752865533745,0.9838337182448037,0.9917808219178083,0.999211356466877,0.5648397564228098,0.5954484599222091
4,0.8967868420139491,0.9944612596159423,0.9846035411855273,0.9920823436262867,1.0,0.7458802226912854,0.7518094115561123
