,AUROC,AUPRC,accuracy,f1,recall,mcc,gmean
0,0.8249445345872379,0.991477015845392,0.9668874172185431,0.9831017649267744,0.996953541507997,0.23555337261117576,0.32918765982537074
1,0.853526705410267,0.9938775481244955,0.9683357879234168,0.9838770153730784,0.9984779299847792,0.19487395036606023,0.26091768947463184
2,0.7721844667476783,0.9875187133399321,0.9631811487481591,0.9812171299774606,0.9992348890589136,0.15570245110179076,0.1979537368272672
3,0.8018209287531807,0.9899684043632571,0.9668630338733432,0.9830890642615558,0.9984732824427481,0.2646646874850136,0.3225021450902091
4,0.8229812766572687,0.9901430171134166,0.9624447717231223,0.9808054196462176,0.9984674329501916,0.2159004572211044,0.2745105329044519
