,AUROC,AUPRC,accuracy,f1,recall,mcc,gmean
0,0.7271654191753748,0.9248413151999539,0.8890756302521008,0.9395604395604396,0.9951503394762367,0.38500998880418535,0.44752857934276197
1,0.7147263519427292,0.9351113759763073,0.8798319327731092,0.9345537757437071,0.9922254616132167,0.31558891026657404,0.4002938517063878
2,0.7110017991807985,0.9266211088652039,0.8856181665264928,0.9379562043795621,0.9903660886319846,0.307168816618712,0.4049294944417752
3,0.723124035405572,0.9275223444651958,0.8773109243697479,0.9331501831501832,0.988360814742968,0.2854002982510635,0.3942114202144716
4,0.7154093867762933,0.9271185564769978,0.8990748528174937,0.9455535390199638,0.9923809523809524,0.3547613013269625,0.4390497072388455
