,AUROC,AUPRC,accuracy,f1,recall,mcc,gmean
0,0.8085886019041988,0.8008464442776948,0.7421052631578947,0.7189292543021033,0.6738351254480287,0.48634750838890434,0.737673631445638
1,0.8019886574704673,0.799592619367814,0.7416520210896309,0.7210626185958254,0.7011070110701108,0.4815123375503319,0.7388019200534857
2,0.8170990333399093,0.8022871845296308,0.7368421052631579,0.7272727272727273,0.7299270072992701,0.47305361133879315,0.7365550327273204
3,0.7807476381263294,0.7811022931972555,0.6854130052724078,0.671559633027523,0.6245733788395904,0.37687328941033793,0.6844194869593448
4,0.7892609985170539,0.7678425324129914,0.7152899824253075,0.7011070110701108,0.6785714285714286,0.4307319016660391,0.7138035940889175
