,AUROC,AUPRC,accuracy,f1,recall,mcc,gmean
0,0.978070546438843,0.9875340939120624,0.9387755102040817,0.9465346534653465,0.9299610894941635,0.8757306915556595,0.9404647054997038
1,0.9915667328099388,0.9952277113700367,0.9569160997732427,0.9648798521256932,0.9738805970149254,0.9094334973947119,0.9520127024684539
2,0.9810943060498221,0.9906502176456908,0.9433106575963719,0.9542961608775137,0.9288256227758007,0.882113274681203,0.9485777891475516
3,0.9817215394276487,0.9911728072446256,0.9229024943310657,0.9392857142857143,0.926056338028169,0.8343932555817233,0.9216162508659619
4,0.9911866641151581,0.9936679725076346,0.9636363636363636,0.96875,0.9649805447470817,0.9253136937882571,0.9633632340042219
