,AUROC,AUPRC,accuracy,f1,recall,mcc,gmean
0,0.9659579563055353,0.9392097709969264,0.9338598223099703,0.8640973630831643,0.8160919540229885,0.8230772575915049,0.891892711843729
1,0.9771010718220976,0.9635526247455174,0.9536031589338598,0.9090909090909091,0.8768656716417911,0.8790706583562659,0.9275708377371157
2,0.965645876756988,0.9416691000718186,0.9466929911154985,0.8851063829787233,0.8559670781893004,0.8512904669820128,0.9136989726510534
3,0.9808823529411765,0.9581638417513145,0.9506416584402764,0.8940677966101694,0.8508064516129032,0.8638984656768064,0.9145208049913163
4,0.9716525163666123,0.9353383457834189,0.9446640316205533,0.8884462151394422,0.8576923076923076,0.8526844989075606,0.9143423266718537
