,AUROC,AUPRC,accuracy,f1,recall,mcc,gmean
0,0.8844096170314644,0.8485867236456308,0.8160377358490566,0.7942727957799548,0.8045801526717558,0.628128785102224,0.8147707755434724
1,0.90247792944774,0.8790399494422693,0.8369272237196765,0.8169440242057489,0.8157099697885196,0.6699240373369866,0.8346425716282013
2,0.8980838212062076,0.8631908850626095,0.8246797033041133,0.797191887675507,0.8072669826224329,0.6429952681057359,0.8223167356189622
3,0.9027242342213461,0.8644398151198462,0.8389487870619946,0.8095617529880478,0.8050713153724247,0.6700792560159723,0.8340198840404034
4,0.901533561925053,0.8779686779312894,0.8307484828051247,0.7970897332255457,0.7631578947368421,0.6543113561119683,0.8208554591639984
