,AUROC,AUPRC,accuracy,f1,recall,mcc,gmean
0,0.8334185848252345,0.7910197306553662,0.7276119402985075,0.6331658291457286,0.5478260869565217,0.43806095658343064,0.6874840151594394
1,0.894940119760479,0.8518352130891538,0.8277153558052435,0.7676767676767676,0.76,0.6308754916469014,0.8123301296400116
2,0.8222816399286988,0.7608296162456584,0.7528089887640449,0.6451612903225806,0.5882352941176471,0.46330352055882995,0.7089949201450204
3,0.861440968257593,0.8236066106309393,0.7640449438202247,0.6956521739130435,0.6206896551724138,0.5175167423069913,0.7366068370142581
4,0.8701652386780905,0.8094331762181335,0.8127340823970037,0.7340425531914894,0.7263157894736842,0.5896385925112146,0.790550061820754
