,AUROC,AUPRC,accuracy,f1,recall,mcc,gmean
0,0.7472700442695523,0.7496459670445883,0.6782178217821783,0.6700507614213198,0.616822429906542,0.3657231543396249,0.6789650988888161
1,0.7428865777080063,0.7057783965456383,0.6782178217821783,0.7136563876651982,0.7788461538461539,0.35873389028266267,0.667124384994991
2,0.7500491352201257,0.6707392803421098,0.6782178217821783,0.6632124352331606,0.6666666666666666,0.3551888761114431,0.677583571860583
3,0.7153649921507065,0.7077729197159837,0.6386138613861386,0.6439024390243903,0.6346153846153846,0.2773500981126146,0.6387229704394801
4,0.7508991008991008,0.7007902878966601,0.7064676616915423,0.700507614213198,0.7582417582417582,0.42061940762007666,0.7093636607529338
