,AUROC,AUPRC,accuracy,f1,recall,mcc,gmean
0,0.7317430703624732,0.3029541536296739,0.8451612903225807,0.14285714285714285,0.09523809523809523,0.09546533044088808,0.30279437737186776
1,0.7658675642258551,0.418564604115683,0.8025889967637541,0.2077922077922078,0.13793103448275862,0.15296564778342234,0.36316146286604295
2,0.8145582557347264,0.46538821607540093,0.8387096774193549,0.32432432432432434,0.23529411764705882,0.27276529248258596,0.4746587523508696
3,0.7762527233115468,0.4714593824461714,0.8414239482200647,0.3287671232876712,0.2222222222222222,0.307904477193666,0.4648892388056519
4,0.7274007418601456,0.4463328298052241,0.8122977346278317,0.32558139534883723,0.2413793103448276,0.2524656583443627,0.4774054068785033
