,AUROC,AUPRC,accuracy,f1,recall,mcc,gmean
0,0.7843808480533114,0.6069260537310416,0.7387096774193549,0.5759162303664922,0.5045871559633027,0.4008134758395668,0.6609136038314132
1,0.7540911101282618,0.6325732172807143,0.7022653721682848,0.5818181818181818,0.5378151260504201,0.35591898636545954,0.6580901965284981
2,0.7889473684210526,0.6549451415163052,0.7354838709677419,0.6238532110091743,0.5666666666666667,0.42822056538274406,0.6907915622357733
3,0.7402789886660854,0.6405304177262297,0.6699029126213593,0.49504950495049505,0.4032258064516129,0.2842022680381455,0.5849760984394343
4,0.8166579928875011,0.7279228818090047,0.7313915857605178,0.6375545851528385,0.5793650793650794,0.43306903607601227,0.6959793082426744
