,AUROC,AUPRC,accuracy,f1,recall,mcc,gmean
0,0.8517628205128203,0.9268689572091664,0.8161290322580645,0.8862275449101796,0.9568965517241379,0.45387279446608764,0.6166887706029667
1,0.8617794817556848,0.9414814182635451,0.8770226537216829,0.92578125,0.9556451612903226,0.5789202022974971,0.7298319533039497
2,0.8355059523809523,0.9219008402615931,0.8419354838709677,0.903353057199211,0.9541666666666667,0.49754635393715624,0.6604471789556499
3,0.8835923490735207,0.9594878765798917,0.86084142394822,0.9161793372319688,0.9832635983263598,0.5628223570720561,0.6598827985561111
4,0.8526598924088464,0.9264017958576869,0.8478964401294499,0.905811623246493,0.9456066945606695,0.527010778419359,0.6973607490714452
