,AUROC,AUPRC,accuracy,f1,recall,mcc,gmean
0,0.7833125000000001,0.7410916490043349,0.7193548387096774,0.7306501547987616,0.7375,0.4378559025650367,0.7185053931599957
1,0.7871541334238669,0.7978831461278838,0.7216828478964401,0.7584269662921348,0.7848837209302325,0.4324258458263503,0.7100414681107982
2,0.7875877046441697,0.7616643727723267,0.7,0.7256637168141593,0.75,0.39648561230199086,0.6948933100331066
3,0.7876149110230244,0.8041792090269279,0.7055016181229773,0.7250755287009063,0.718562874251497,0.4081361585987733,0.7042084842375587
4,0.7911876584953509,0.7589912025268218,0.7443365695792881,0.7787114845938375,0.8224852071005917,0.4818634394540273,0.7311739769818019
