,AUROC,AUPRC,accuracy,f1,recall,mcc,gmean
0,0.6949004975124378,0.954835408971652,0.9222614840989399,0.9592592592592593,0.9664179104477612,0.11562468204352713,0.35896479129997527
1,0.540041928721174,0.9172986480531589,0.9222614840989399,0.959409594095941,0.9811320754716981,0.062153179383217995,0.2334680653241583
2,0.5761929641239987,0.916661923073043,0.9222614840989399,0.9592592592592593,0.9923371647509579,0.18882704866095468,0.3003539071209402
3,0.5498098859315589,0.9169340106834241,0.9222614840989399,0.959409594095941,0.9885931558935361,0.08378592497765873,0.22232781606150143
4,0.6762437810945274,0.9552126656387263,0.9328621908127208,0.9650092081031307,0.9776119402985075,0.14997210655773321,0.36103775246706216
