,AUROC,AUPRC,accuracy,f1,recall,mcc,gmean
0,0.8671799878696431,0.9641462473819855,0.8921337729627885,0.9407503234152652,0.9950738916256158,0.4449509723417892,0.5054621104960465
1,0.8669264901524991,0.9721137816957912,0.9029674988224211,0.9468524251805985,0.9924283396430503,0.47066869318833854,0.5449808268599919
2,0.8775880981763335,0.9721015449336102,0.9024505183788878,0.9464147035982398,0.9956427015250545,0.4951286795257257,0.5503365627342027
3,0.8584623214011369,0.9668731547190725,0.8954309938765898,0.9427244582043344,0.9929347826086956,0.4362173701913472,0.5095455396101014
4,0.8577882361867508,0.9698088654792621,0.9033930254476908,0.9475837381743799,0.9919700214132763,0.41825193552258033,0.4999451992427419
