,AUROC,AUPRC,accuracy,f1,recall,mcc,gmean
0,0.8985527098270066,0.9590892795392629,0.8373983739837398,0.8962386511024644,0.9511355815554026,0.5456404361427217,0.7009038058367087
1,0.8887139451415997,0.9490005723843606,0.8322318251143874,0.891661195009849,0.9463414634146341,0.5431562050152904,0.70448251723624
2,0.8991629532310276,0.9558127160350822,0.8485002541942044,0.9028683181225554,0.9473324213406292,0.5751948850695742,0.7299022146099791
3,0.9013269504646914,0.9554636673417716,0.84799186578546,0.9032049206863062,0.951568894952251,0.5694404523189078,0.7200830351348039
4,0.8961147790756729,0.9558756006041518,0.8296898830706659,0.8900557925828684,0.9482517482517483,0.5384101002460293,0.6981186243229706
