,AUROC,AUPRC,accuracy,f1,recall,mcc,gmean
0,0.9475179278579787,0.967905435043368,0.8729994837377387,0.9011254019292605,0.9165985282093213,0.7245837321933816,0.8554170449782809
1,0.9370759618323203,0.958539686368488,0.862157976251936,0.892814130871136,0.9251247920133111,0.7037750306841569,0.8380570613140067
2,0.9461206499299566,0.9683229225217755,0.876097057305111,0.9053627760252366,0.9310624493106245,0.7287098749512888,0.8520974161653702
3,0.9331959562406489,0.9568147685322358,0.8606091894682498,0.8918269230769231,0.9115479115479116,0.6974374098772539,0.839823690426839
4,0.9275961967361637,0.9551249946796407,0.8513164687661332,0.886435331230284,0.9079159935379645,0.6731150028166786,0.825779119344164
