,AUROC,AUPRC,accuracy,f1,recall,mcc,gmean
0,0.8891850197123599,0.9059906109242399,0.8137767220902613,0.8357082984073764,0.828761429758936,0.6209470707502205,0.8110880593563038
1,0.8793573059801171,0.9004149049636841,0.7881235154394299,0.8132328308207705,0.815281276238455,0.5684600320396079,0.7833842855124225
2,0.8787248188346155,0.9019135425359162,0.8038004750593825,0.8226706741090597,0.8174061433447098,0.6031896618022725,0.801910974052285
3,0.87374039084931,0.9026203107973474,0.8019002375296912,0.8255959849435383,0.809016393442623,0.5972433158514362,0.8005086601854806
4,0.8777788387731791,0.9011015687976006,0.7971496437054632,0.8172871202396235,0.8031959629941127,0.5899267738313954,0.7962183279811127
