,AUROC,AUPRC,accuracy,f1,recall,mcc,gmean
0,0.6666666666666666,0.3162393162393162,0.9,0.0,0.0,0.0,0.0
1,0.6916666666666667,0.4657142857142857,0.8620689655172413,0.3333333333333333,0.2,0.41403933560541256,0.4472135954999579
2,0.33333333333333337,0.075,0.9310344827586207,0.0,0.0,0.0,0.0
3,0.46794871794871795,0.1437037037037037,0.8275862068965517,0.0,0.0,-0.09245003270420485,0.0
4,0.5149999999999999,0.3766835016835017,0.8620689655172413,0.0,0.0,0.0,0.0
