,AUROC,AUPRC,accuracy,f1,recall,mcc,gmean
0,0.8094660729244743,0.9804953380036966,0.9446153846153846,0.9713603818615751,0.9959216965742251,0.21930033303379562,0.3069345355860101
1,0.8826997950819673,0.989150983374323,0.9446153846153846,0.9712918660287081,0.9983606557377049,0.3099938112028718,0.3532634738650645
2,0.8564497950819672,0.9881968057882509,0.9415384615384615,0.9696485623003195,0.9950819672131147,0.2617340345004695,0.35268292544669544
3,0.8438714005366654,0.9848468489476855,0.9415384615384615,0.9696727853152434,0.9975369458128078,0.2727429792163172,0.33088632843517146
4,0.8668778030480159,0.9886988996591306,0.9468822170900693,0.9724990035870865,0.9983633387888707,0.31652094885152354,0.3600799584343554
