,AUROC,AUPRC,accuracy,f1,recall,mcc,gmean
0,0.818394718725413,0.9852440489176749,0.9640449438202248,0.9813809154383243,0.995279307631786,0.5054558130164888,0.5849164572812312
1,0.8793493102311786,0.989679128486726,0.9573033707865168,0.9779837775202781,0.998422712933754,0.3804928337990225,0.4228734780473898
2,0.8464930345245306,0.9882097151800926,0.9625468164794008,0.9806351665375678,0.9968503937007874,0.4782588824303102,0.5398027770942752
3,0.8297212069887681,0.9828222230891044,0.9558052434456928,0.9771406431615652,0.997626582278481,0.4064432618029598,0.45909277859122183
4,0.8208504500791984,0.9853466545331775,0.9617691154422788,0.980209545983702,0.9921445404556166,0.4508663783801081,0.5703448886004513
