,AUROC,AUPRC,accuracy,f1,recall,mcc,gmean
0,0.8867962628089212,0.9795117048540223,0.9164012738853503,0.9544072948328267,0.9936708860759493,0.5216269048412773,0.5869178595337362
1,0.896199472060554,0.9844280210356793,0.9084394904458599,0.9503668536901165,0.9874439461883409,0.4219669889492076,0.5292692530093634
2,0.9150190714785476,0.9830357056671767,0.893312101910828,0.941586748038361,0.9872029250457038,0.40025044634356877,0.5059066110320394
3,0.8904359626802376,0.9842456428343557,0.9148089171974523,0.9542148053059478,0.9911111111111112,0.4166844886784441,0.5071833444313137
4,0.8709387566278779,0.9755525603144112,0.8924302788844621,0.94148244473342,0.985480943738657,0.3474570303162427,0.46796983372356077
