,AUROC,AUPRC,accuracy,f1,recall,mcc,gmean
0,0.7921947726459004,0.9805859222077087,0.9712849964106246,0.9851301115241635,0.9962406015037594,0.6021407021371121,0.6654123538591221
1,0.843421052631579,0.9874211689724566,0.9770114942528736,0.9880952380952381,0.9984962406015038,0.6877386503333685,0.7178808385623409
2,0.7537279349638053,0.9765693521495791,0.9712849964106246,0.9851190476190477,0.9977392614920875,0.619893625549359,0.6621182557481768
3,0.8298794489092997,0.9884437247582999,0.9748563218390804,0.9870609981515711,0.996268656716418,0.5766043743968977,0.6492289872160373
4,0.8053430181460993,0.9859542567597762,0.9734195402298851,0.9862810530218762,0.9970014992503748,0.5988599412551421,0.6555471192362564
