,AUROC,AUPRC,accuracy,f1,recall,mcc,gmean
0,0.8321893917231136,0.9920314481153102,0.9709208400646203,0.985233798195242,1.0,0.16198909975469544,0.1643989873053573
1,0.8605560630280888,0.9949809944095228,0.9749393694421988,0.9873106835857552,0.9983443708609272,-0.00623515208189036,0.0
2,0.8207339211618256,0.9913374854562175,0.9749393694421988,0.9872898728987289,0.9991701244813278,0.19903301894432282,0.24989624402956317
3,0.7197354771784232,0.9887263404403751,0.9749393694421988,0.9872898728987289,0.9991701244813278,0.19903301894432282,0.24989624402956317
4,0.8608503251674735,0.9948198397032861,0.9717057396928052,0.985649856498565,0.999168744804655,-0.00478186608319857,0.0
