,AUROC,AUPRC,accuracy,f1,recall,mcc,gmean
0,0.8329252092636161,0.984516859569929,0.9552772808586762,0.976915974145891,0.9990557129367328,0.38179081307247337,0.4114990604715128
1,0.8819189882697945,0.9914951598526273,0.9499105545617174,0.974050046339203,0.9952651515151515,0.332759443016701,0.4202133994475531
2,0.8649426546862445,0.9873750207476535,0.9490161001788909,0.9735253135160241,0.9952516619183286,0.36302205249795144,0.4461505714259097
3,0.8075371992768738,0.9847300026421877,0.9570661896243292,0.9780018331805683,0.996265172735761,0.15288879759340063,0.25217334118500767
4,0.8178520937121314,0.9836908998525532,0.9525514771709938,0.9755872869645325,0.998114985862394,0.24168856756106655,0.2985253916369585
