,AUROC,AUPRC,accuracy,f1,recall,mcc,gmean
0,0.7411934892555048,0.9735468808132993,0.9378531073446328,0.9678496868475992,0.9982773471145564,0.14074948279218308,0.19594714231478114
1,0.8163839411931015,0.9851726183115453,0.9539951573849879,0.9763583575279967,0.998303647158609,0.2338110794319635,0.2884301832273293
2,0.7562125107112254,0.9761154025812926,0.9402744148506861,0.9691666666666666,0.9965724078834619,0.08206288664520626,0.16638078881184484
3,0.7773674290662728,0.9785708465330307,0.9475383373688459,0.9729954299958454,0.9991467576791809,0.1751170823236172,0.2115133908832923
4,0.8159946275803671,0.985548253944663,0.9539951573849879,0.9763779527559056,0.9974597798475868,0.18720527292493477,0.26227910638223007
