,AUROC,AUPRC,accuracy,f1,recall,mcc,gmean
0,0.8005271650100382,0.7936126980331653,0.7210526315789474,0.6959847036328872,0.6523297491039427,0.4437902348577905,0.7164812655848236
1,0.8192562965898115,0.8047766028565305,0.7469244288224957,0.7262357414448669,0.7047970479704797,0.49213273943746866,0.743929592777688
2,0.8305693923850858,0.7982813701564346,0.7824561403508772,0.7624521072796935,0.7262773722627737,0.5651014792412152,0.7784915050763436
3,0.7832764505119454,0.7798371886331191,0.718804920913884,0.7101449275362319,0.6689419795221843,0.44226447593888824,0.7185044896086402
4,0.8057402372713792,0.7398249818159769,0.7574692442882249,0.7463235294117647,0.725,0.5152022751721924,0.7562885152764786
