,AUROC,AUPRC,accuracy,f1,recall,mcc,gmean
0,0.9796988665200473,0.9887279538168526,0.9387755102040817,0.9458917835671342,0.9182879377431906,0.8776426459585165,0.9425199021030062
1,0.9916206539556554,0.9948963573165795,0.9478458049886621,0.9565217391304348,0.9440298507462687,0.8918817795449153,0.9488810732511145
2,0.9860653914590747,0.9930343937870578,0.9410430839002267,0.9523809523809523,0.9252669039145908,0.877767730641025,0.9467588463633492
3,0.9888983583026824,0.9944769241121005,0.9455782312925171,0.9563636363636364,0.926056338028169,0.8876291755834189,0.9530797416740187
4,0.9941634241245136,0.9961126653767433,0.9590909090909091,0.9647058823529412,0.9571984435797666,0.9162237465872666,0.9594708413832561
