,AUROC,AUPRC,accuracy,f1,recall,mcc,gmean
0,0.9699345805820495,0.93380743910829,0.9230009871668312,0.8395061728395061,0.7816091954022989,0.7929830565452575,0.8716549448440694
1,0.9799008314134027,0.9424147950738241,0.9447186574531096,0.890625,0.8507462686567164,0.8554276391530812,0.9124007934309082
2,0.9650419539308429,0.9366692641590351,0.945705824284304,0.8817204301075269,0.8436213991769548,0.8480360650191615,0.9082928997094817
3,0.9816202825216107,0.9581974421069236,0.9437314906219151,0.8784648187633263,0.8306451612903226,0.8443814195181174,0.9024178639992795
4,0.9747979746317512,0.9505184696216648,0.9407114624505929,0.8790322580645161,0.8384615384615385,0.8416147670496501,0.9046501977892147
