,AUROC,AUPRC,accuracy,f1,recall,mcc,gmean
0,0.9110240425786609,0.8821533046263252,0.8369272237196765,0.8163884673748103,0.8213740458015267,0.6697714405268156,0.8351789737943144
1,0.8966662623767835,0.8674089713377467,0.8234501347708895,0.7993874425727412,0.7885196374622356,0.6419939442307312,0.8194441667157283
2,0.8964222655887,0.863899695518332,0.813216453135536,0.7799841143764893,0.7756714060031595,0.6177486633549236,0.8077601968641137
3,0.899935530977644,0.8560086817510116,0.8301886792452831,0.7993630573248408,0.7955625990491284,0.6521949847624648,0.8251332602636227
4,0.9037908126842513,0.8800189685389617,0.8347943358057991,0.8044692737430168,0.7801857585139319,0.6626467068788201,0.8271500687659582
