,AUROC,AUPRC,accuracy,f1,recall,mcc,gmean
0,0.8604717249218528,0.7947381671250242,0.753731343283582,0.6632653061224489,0.5652173913043478,0.4964723551657295,0.7114138670653762
1,0.8856287425149701,0.8170188038836511,0.8164794007490637,0.7461139896373057,0.72,0.6036878311033655,0.793385831638246
2,0.8312240047534165,0.7837254199714241,0.7528089887640449,0.648936170212766,0.5980392156862745,0.46429971157286387,0.7123392543651981
3,0.8694907513130852,0.8362068567955802,0.7865168539325843,0.7272727272727273,0.6551724137931034,0.564511587525927,0.7625032990842792
4,0.9023867809057528,0.8610755912608817,0.846441947565543,0.7734806629834254,0.7368421052631579,0.659631217378394,0.8174953538771771
