,AUROC,AUPRC,accuracy,f1,recall,mcc,gmean
0,0.7296606000983767,0.7350876056899753,0.6039603960396039,0.5652173913043478,0.48598130841121495,0.22898874967486418,0.5984074618587769
1,0.7003532182103611,0.6702635138200568,0.6683168316831684,0.6854460093896714,0.7019230769230769,0.33548255990544507,0.6663886128675202
2,0.7397798742138365,0.7053628376973022,0.6683168316831684,0.6699507389162561,0.7083333333333334,0.34059294100691717,0.6691189175222619
3,0.654532967032967,0.65410692400641,0.6089108910891089,0.6146341463414634,0.6057692307692307,0.21791793423134,0.6089984572058625
4,0.7788211788211788,0.7636179712339672,0.6965174129353234,0.6965174129353234,0.7692307692307693,0.40559440559440557,0.6996502622814412
