,AUROC,AUPRC,accuracy,f1,recall,mcc,gmean
0,0.7670208333333334,0.7618735076632233,0.7064516129032258,0.7465181058495822,0.8375,0.42128702702676546,0.6889000895146794
1,0.7670174842980818,0.7938447239179449,0.6666666666666666,0.7253333333333334,0.7906976744186046,0.31566175046209016,0.6356147504713884
2,0.7767916805880388,0.7884215609932702,0.6967741935483871,0.7513227513227513,0.8658536585365854,0.4023636197503739,0.6624630810685357
3,0.7937294425234039,0.8036200263877763,0.7346278317152104,0.7771739130434783,0.8562874251497006,0.46807150428347344,0.7117135823686322
4,0.8123203719357566,0.8298815308253065,0.7508090614886731,0.7913279132791328,0.863905325443787,0.49817342617391,0.7284810909800399
