,AUROC,AUPRC,accuracy,f1,recall,mcc,gmean
0,0.8105658709106984,0.8968462940562136,0.7741935483870968,0.8653846153846154,0.9698275862068966,0.2740067309945783,0.43186259972332386
1,0.869050766790058,0.9622076962451316,0.8576051779935275,0.9182156133828996,0.9959677419354839,0.4822609841932119,0.5421181795246554
2,0.8201488095238096,0.9091629098998959,0.8258064516129032,0.8977272727272727,0.9875,0.4216256578368071,0.5177216571534499
3,0.8808427973699942,0.9594114770821248,0.8155339805825242,0.8930581613508443,0.99581589958159,0.38139643376568316,0.44627702149709436
4,0.8661984459055588,0.9515444021017487,0.8122977346278317,0.8897338403041825,0.9790794979079498,0.3612640031100647,0.48762326594608946
