,AUROC,AUPRC,accuracy,f1,recall,mcc,gmean
0,0.7714996446339729,0.40946120436349237,0.867741935483871,0.046511627906976744,0.023809523809523808,0.14370223147168934,0.1543033499620919
1,0.7867152081329852,0.5091399395272704,0.8317152103559871,0.21212121212121213,0.1206896551724138,0.2869553195416754,0.346711436057195
2,0.7715951245363009,0.4346572558039184,0.8419354838709677,0.19672131147540983,0.11764705882352941,0.2144559850430416,0.3403382373905639
3,0.7769789397240378,0.4986396458539917,0.8414239482200647,0.1694915254237288,0.09259259259259259,0.27869002252497443,0.3042903097250923
4,0.7164445665613409,0.43609017761070007,0.8284789644012945,0.18461538461538463,0.10344827586206896,0.2610148478121045,0.3209924163227569
