,AUROC,AUPRC,accuracy,f1,recall,mcc,gmean
0,0.8152985074626865,0.9875686554879526,0.9293286219081273,0.9632352941176471,0.9776119402985075,0.06387095572640386,0.2552922430338098
1,0.6627882599580713,0.9553559871304745,0.9363957597173145,0.967032967032967,0.9962264150943396,0.15085843774667276,0.23525711880766867
2,0.6179902473005922,0.9466131721991295,0.9257950530035336,0.9613259668508287,1.0,0.20510883085611992,0.21320071635561044
3,0.780703422053232,0.9782137247020091,0.9222614840989399,0.959409594095941,0.9885931558935361,0.08378592497765873,0.22232781606150143
4,0.7819651741293533,0.9815627912659735,0.9434628975265018,0.9708029197080292,0.9925373134328358,0.12951625777558728,0.2572336568741651
