,AUROC,AUPRC,accuracy,f1,recall,mcc,gmean
0,0.836343732895457,0.96173905914185,0.8747056052755534,0.9320040899795501,0.9978106185002736,0.294374191080407,0.33854598189132473
1,0.8348673380363423,0.9648351193085412,0.8836552048987282,0.9372618745237491,0.997836668469443,0.29219380845330434,0.33599691909949564
2,0.8121781540899189,0.9599805809780753,0.8741753063147973,0.9321128909229596,0.9983660130718954,0.23827703283160867,0.2771234122569131
3,0.8317694730373331,0.9613183541348564,0.8761186999528968,0.9332317847169332,0.9989130434782608,0.2464400473549967,0.27866470446436353
4,0.812830894130739,0.9623630383421734,0.8897266729500471,0.9409984871406959,0.9989293361884368,0.262593513848723,0.294145267797227
