,AUROC,AUPRC,accuracy,f1,recall,mcc,gmean
0,0.8343092748542538,0.869745499003746,0.7615201900237529,0.7876480541455161,0.7738985868661679,0.5163280773766042,0.7593174744612723
1,0.8274145809104387,0.8702645983747024,0.7524940617577197,0.7808161548169962,0.7791771620486986,0.49659134178454645,0.7478197473402105
2,0.8387294279892745,0.8697784857828953,0.7615201900237529,0.7880067567567568,0.7960750853242321,0.5156792092522096,0.7560901764662767
3,0.828424099286839,0.875815382740957,0.7534441805225653,0.779430514237144,0.7516393442622951,0.5025748279537723,0.7537827178057905
4,0.8271711944645421,0.864857698103938,0.7482185273159145,0.7773109243697479,0.7779646761984861,0.4876948198842967,0.7430001142607598
