,AUROC,AUPRC,accuracy,f1,recall,mcc,gmean
0,0.849970265737443,0.9359555262936883,0.7713414634146342,0.8644578313253012,0.987611837577426,0.2963732758925378,0.39895928331784447
1,0.8557792565036284,0.9371817556897846,0.7676664972038637,0.8612207713331309,0.9881533101045297,0.3127537259475958,0.41338076289404
2,0.8683628827999079,0.9465352734771179,0.7854600915099136,0.8732732732732733,0.9945280437756497,0.34911703046172643,0.4233343644519178
3,0.8707264869987175,0.9462501418150137,0.7793594306049823,0.8697478991596639,0.9884038199181446,0.30809494415028005,0.4070877066976594
4,0.8657655193968044,0.9444563546017337,0.7712252160650738,0.8621323529411765,0.9839160839160839,0.3349149821458308,0.44893992504082286
