,AUROC,AUPRC,accuracy,f1,recall,mcc,gmean
0,0.9053367872087511,0.9411520194556727,0.8193082085699536,0.8647604327666152,0.9149632052330335,0.6032493219042533,0.7744183504936567
1,0.8928328069996718,0.9315646260753854,0.7914300464636035,0.8448540706605223,0.9151414309484193,0.5472641604722916,0.7342507306847639
2,0.8980129764801298,0.9410815601222987,0.8022715539494063,0.8554171385428464,0.9188969991889699,0.5607004930832504,0.7412899888210811
3,0.8915647491066485,0.9317321358800849,0.7945276200309758,0.8475095785440613,0.9058149058149059,0.5471705477826206,0.7401285693627475
4,0.8714260621566465,0.9205633863254488,0.780072276716572,0.8385140257771039,0.8933764135702746,0.5072274666980149,0.7194591907647787
