,AUROC,AUPRC,accuracy,f1,recall,mcc,gmean
0,0.8024691358024691,0.4907407407407407,0.9,0.0,0.0,0.0,0.0
1,0.6583333333333333,0.2910606060606061,0.7931034482758621,0.0,0.0,-0.08625819491779428,0.0
2,0.3333333333333333,0.07870370370370369,0.896551724137931,0.0,0.0,-0.05143444998736397,0.0
3,0.48717948717948717,0.13227513227513227,0.896551724137931,0.0,0.0,0.0,0.0
4,0.81,0.49166666666666664,0.8620689655172413,0.0,0.0,0.0,0.0
