,AUROC,AUPRC,accuracy,f1,recall,mcc,gmean
0,0.42857142857142855,0.17772394014654075,0.8157894736842105,0.0,0.0,0.0,0.0
1,0.53125,0.18474945533769066,0.8421052631578947,0.0,0.0,0.0,0.0
2,0.5980392156862745,0.13032581453634084,0.918918918918919,0.0,0.0,0.0,0.0
3,0.411764705882353,0.10727588383838384,0.8947368421052632,0.0,0.0,0.0,0.0
4,0.5454545454545455,0.22762605042016806,0.8648648648648649,0.0,0.0,-0.058025885318565944,0.0
