,AUROC,AUPRC,accuracy,f1,recall,mcc,gmean
0,0.7044546036794099,0.9678422091926548,0.937046004842615,0.9675,1.0,0.0,0.0
1,0.7772759400621996,0.9816366086003394,0.9515738498789347,0.9751861042183623,1.0,0.0,0.0
2,0.7345222793487576,0.9752345774746699,0.9418886198547215,0.970074812967581,1.0,0.0,0.0
3,0.6486106158626662,0.9620248013771914,0.9459241323648103,0.972210700953961,1.0,0.0,0.0
4,0.7683654997226197,0.9829678612868251,0.9531880548829701,0.9760330578512396,1.0,0.0,0.0
