,AUROC,AUPRC,accuracy,f1,recall,mcc,gmean
0,0.7990989260735264,0.985119316095968,0.9499105545617174,0.9742410303587856,1.0,0.2197582398239256,0.22549380840084865
1,0.8357847629521017,0.9870629163338305,0.9481216457960644,0.9732472324723247,0.9990530303030303,0.2496595895046133,0.28384642461439147
2,0.8601577909270218,0.9865977003947,0.943649373881932,0.970954356846473,1.0,0.17038855027411945,0.17541160386140583
3,0.8370880267000417,0.9904446170860579,0.9579606440071556,0.9785290086797624,1.0,0.0,0.0
4,0.8213780799784569,0.9859313211432597,0.9507609668755596,0.9747358750574184,1.0,0.1302961493427114,0.1336306209562122
