,AUROC,AUPRC,accuracy,f1,recall,mcc,gmean
0,0.8023640342250198,0.9845491544214137,0.9580524344569289,0.9784117193523516,0.998426435877262,0.3501195595569615,0.3949735821619241
1,0.8247622298601629,0.9838291733449342,0.9595505617977528,0.9791505791505791,1.0,0.43139804634702944,0.44048819592160315
2,0.7827013930950938,0.979578419157625,0.9558052434456928,0.9772288691624855,0.9968503937007874,0.3183804666197856,0.39161409452532525
3,0.7981703512212516,0.9822086652395313,0.9558052434456928,0.9771760154738878,0.9992088607594937,0.40159815290321677,0.42773091432422755
4,0.7875226971269621,0.9837687095311619,0.9640179910044977,0.9814814814814815,0.9992144540455616,0.45312734101537067,0.4788819348084313
