,AUROC,AUPRC,accuracy,f1,recall,mcc,gmean
0,0.765406930681001,0.9395888039533727,0.8451208594449419,0.9157330735509012,0.9968186638388123,0.09102116316225953,0.1513782401222231
1,0.7445358687584778,0.9295829571801504,0.8531781557743957,0.9204655674102813,0.9958027282266527,0.08475354130468538,0.1558456653877876
2,0.7291413030123645,0.9052084456764335,0.8272157564905999,0.9051597051597051,0.9978331527627302,0.0754606052314271,0.12421919971890459
3,0.7728540933263426,0.9334298602419088,0.8567591763652641,0.9220272904483431,0.9978902953586498,0.21042020162692124,0.2548557226017707
4,0.7775070751814938,0.939220723185211,0.8487018800358102,0.917921321029626,1.0,0.12163812379088655,0.13206763594884358
