,AUROC,AUPRC,accuracy,f1,recall,mcc,gmean
0,0.7920460942415312,0.9890229343924563,0.9676232523914643,0.9835205992509364,1.0,0.20510607375175252,0.20851441405707477
1,0.8253338176283382,0.9911939615557879,0.9683357879234168,0.9839011606140022,1.0,0.14834790603836095,0.15075567228888181
2,0.756162143510809,0.9845670358517341,0.9631811487481591,0.9812312312312312,1.0,0.13742406218310724,0.14002800840280097
3,0.7973680025445293,0.9855708195682571,0.9646539027982327,0.9820089955022488,1.0,0.0,0.0
4,0.7984746620400491,0.9877946889200149,0.9617083946980854,0.980465815176559,1.0,0.13470304004502687,0.13736056394868904
