,AUROC,AUPRC,accuracy,f1,recall,mcc,gmean
0,0.7761231868083419,0.9751281416358241,0.9461538461538461,0.972244250594766,1.0,0.22612931654505672,0.23249527748763857
1,0.8260348360655738,0.9834063414415746,0.9407692307692308,0.9694080254270957,1.0,0.18781296163526964,0.19364916731037085
2,0.8169415983606558,0.9828784793905967,0.9392307692307692,0.9686134286849424,0.9991803278688525,0.12110343974296074,0.15804906895240262
3,0.804072049341183,0.9800204613304326,0.9384615384615385,0.9681528662420382,0.9983579638752053,0.1690686638623032,0.22068164509473218
4,0.7843326885880079,0.9758499666982947,0.9430331023864511,0.9706115965051628,1.0,0.1916674509049769,0.19738550848793068
