,AUROC,AUPRC,accuracy,f1,recall,mcc,gmean
0,0.8558408679927668,0.9756537387658981,0.8861464968152867,0.9391748192258613,0.9981916817359855,0.20253639853877173,0.24472740121236758
1,0.8693572496263078,0.9784039955648082,0.8909235668789809,0.942120828052387,1.0,0.15894823457015916,0.16843038421330378
2,0.8728840815221072,0.9739842404713951,0.8742038216560509,0.9326513213981245,1.0,0.14688551995908936,0.15713484026367722
3,0.8557523324851569,0.9758912254182994,0.8988853503184714,0.9465263157894737,0.9991111111111111,0.1652517678908939,0.19527931757989603
4,0.8271769687911461,0.9672238980254534,0.8820717131474104,0.9369676320272572,0.9981851179673321,0.17036649362662115,0.21370212953651171
