,AUROC,AUPRC,accuracy,f1,recall,mcc,gmean
0,0.7730039384174723,0.9792681287507503,0.9734386216798278,0.9862708719851577,0.9992481203007518,0.6334485980190613,0.6544075140267018
1,0.826224836284259,0.98553145276791,0.9770114942528736,0.9881040892193309,0.9992481203007518,0.6872166297115816,0.7068409015827932
2,0.7786474389714781,0.9829904850460952,0.9655419956927495,0.9821693907875185,0.9962321024868124,0.5218248147400906,0.5892128590678066
3,0.806493972445465,0.9850556881919265,0.978448275862069,0.988929889298893,1.0,0.6432825700322957,0.6504436355879909
4,0.7907447138499716,0.9848132677846271,0.9762931034482759,0.9877732493516117,0.9992503748125937,0.6484286649302388,0.6692830665658981
