,AUROC,AUPRC,accuracy,f1,recall,mcc,gmean
0,0.7527960933456354,0.9851737800347372,0.970113085621971,0.984829848298483,1.0,0.0,0.0
1,0.7933889015757022,0.9915828577889673,0.9765561843168957,0.9881390593047035,1.0,0.0,0.0
2,0.8265819502074689,0.9936249741677916,0.9741309620048505,0.9868959868959869,1.0,0.0,0.0
3,0.7599714730290457,0.9901638970262492,0.9741309620048505,0.9868959868959869,1.0,0.0,0.0
4,0.789301256662266,0.9905084389901087,0.9717057396928052,0.985649856498565,0.999168744804655,-0.00478186608319857,0.0
