,AUROC,AUPRC,accuracy,f1,recall,mcc,gmean
0,0.7522555496586937,0.9330256643170802,0.8798319327731092,0.9351473922902495,1.0,0.2972738538533126,0.31722063428725766
1,0.7085302621492252,0.9188232151198017,0.8764705882352941,0.9332121762835075,0.9980563654033042,0.2730465284213568,0.3149376537576376
2,0.7207027013232272,0.9268659623008615,0.8780487804878049,0.9344780840488025,0.9961464354527938,0.19252675518162002,0.2568461847346925
3,0.7129214476999188,0.9284022922664991,0.873109243697479,0.9312699135184342,0.9922405431619786,0.2247739535263468,0.3159875076205934
4,0.7053956834532373,0.9267254460849739,0.8973927670311186,0.9449458483754513,0.9971428571428571,0.32899813129019,0.378779345258761
