,AUROC,AUPRC,accuracy,f1,recall,mcc,gmean
0,0.8654368123914302,0.9926927002370851,0.9784615384615385,0.9889415481832543,0.9968152866242038,0.6063368760463574,0.6731254396889604
1,0.8661376783064296,0.9908604620628741,0.9807544264819091,0.9900438072481084,0.9975922953451043,0.7217829854231861,0.7638700022230177
2,0.8722472395287151,0.9896763430232339,0.9761354888375674,0.9876641464385197,0.9951884522854851,0.6408822797620028,0.7188410572649361
3,0.8380482344560903,0.9913056457454794,0.9838337182448037,0.9917872506843958,1.0,0.5633163040333997,0.5679618342470648
4,0.8851278670321663,0.9938864910349823,0.9815242494226328,0.9904988123515439,0.9984038308060654,0.6863984614244194,0.7217384197252578
