,AUROC,AUPRC,accuracy,f1,recall,mcc,gmean
0,0.850347687400319,0.9624767542545172,0.8762331838565023,0.9320197044334976,0.9957894736842106,0.3740175578879043,0.4325363791616211
1,0.8519132501485442,0.9594121945868381,0.8493273542600897,0.9172413793103448,0.9957219251336898,0.23455563658143935,0.29750397571702986
2,0.8604051699099622,0.9676542466359309,0.8556053811659193,0.9204152249134948,0.9914802981895634,0.2709132148610794,0.35995617519201334
3,0.853286257140091,0.9648740238491839,0.862780269058296,0.9244444444444444,0.9968051118210862,0.3310856717237536,0.38373858368677655
4,0.8464188544574397,0.9558143792556363,0.862780269058296,0.9240694789081886,0.9978563772775991,0.3667717523658299,0.412267568186066
