,AUROC,AUPRC,accuracy,f1,recall,mcc,gmean
0,0.7785475864957074,0.7899828086295819,0.6894736842105263,0.610989010989011,0.4982078853046595,0.40150266363756965,0.6594405701226265
1,0.7877485821838084,0.7830979090488219,0.7012302284710018,0.62882096069869,0.5313653136531366,0.4115568346021059,0.6743083828932428
2,0.8112546853422766,0.8033001982622396,0.7263157894736842,0.6736401673640168,0.5875912408759124,0.4610022451287546,0.7086830762092637
3,0.7550885393480735,0.775079867593321,0.6520210896309314,0.5822784810126582,0.4709897610921502,0.3382277961888801,0.6305639709828864
4,0.7745921898171032,0.777102307257762,0.6748681898066784,0.6004319654427646,0.49642857142857144,0.3683779773970178,0.648727794120964
