,AUROC,AUPRC,accuracy,f1,recall,mcc,gmean
0,0.9460697399527187,0.8985088950041582,0.8835143139190523,0.7203791469194313,0.5823754789272031,0.6823097620382224,0.7585549153696993
1,0.9608985274967444,0.9296982746956916,0.8884501480750246,0.7390300230946882,0.5970149253731343,0.7051491798717799,0.7700702005619026
2,0.9441050718828496,0.9060435156058833,0.9012833168805529,0.7474747474747475,0.6090534979423868,0.7185447995357277,0.7778808424807782
3,0.9605576639257853,0.9236319525989776,0.8933859822309971,0.7258883248730964,0.5766129032258065,0.701118122993973,0.7578599317514634
4,0.946112929623568,0.9033462859379929,0.8764822134387352,0.6928746928746928,0.5423076923076923,0.6625788876995916,0.7334717235386577
