,AUROC,AUPRC,accuracy,f1,recall,mcc,gmean
0,0.9415390796819488,0.9675837188980019,0.9024943310657596,0.9138276553106213,0.8871595330739299,0.8037129564751669,0.9053498021500239
1,0.9741286342852212,0.9852260008156625,0.9206349206349206,0.9330783938814532,0.9104477611940298,0.8372931344547196,0.9233406842291695
2,0.9607762455516013,0.9805807384529996,0.9229024943310657,0.9377289377289377,0.9110320284697508,0.8392459673159655,0.9272467184457044
3,0.9554700816363147,0.979111647297731,0.8843537414965986,0.9084380610412927,0.8908450704225352,0.752761413305003,0.8816811339487002
4,0.9664901873232549,0.9785431374868234,0.9159090909090909,0.9284332688588007,0.933852140077821,0.8265949956795221,0.9120262040642896
