,AUROC,AUPRC,accuracy,f1,recall,mcc,gmean
0,0.8335831821655816,0.7959189579433881,0.7493261455525606,0.7024,0.6702290076335878,0.48840609038371835,0.7376356141899308
1,0.8237084775913144,0.784846477680392,0.7540431266846361,0.7172734314484895,0.6993957703927492,0.5003862255151087,0.7470978931951273
2,0.8176470588235294,0.7674142862513387,0.7430883344571814,0.7053364269141531,0.7203791469194313,0.4781053231244635,0.7399244229370779
3,0.8309945507883985,0.792850312837811,0.7553908355795148,0.7116759332803813,0.7099841521394612,0.49927738768837254,0.7484406097315007
4,0.8127332615747677,0.779854315860976,0.7471341874578556,0.7049567269866247,0.6934984520123839,0.48402570777660736,0.7394894573290444
