,AUROC,AUPRC,accuracy,f1,recall,mcc,gmean
0,0.8176186416595624,0.7677821716109182,0.6902985074626866,0.4645161290322581,0.3130434782608696,0.3984990509976427,0.5521406840999522
1,0.8301796407185629,0.7727476616332349,0.7715355805243446,0.6163522012578616,0.49,0.5017529765777591,0.6787184118872351
2,0.7978906714200832,0.7266308382203822,0.7453183520599251,0.569620253164557,0.4411764705882353,0.4469613889957575,0.6416889479197478
3,0.8254738524777346,0.7993726584466694,0.6928838951310862,0.4810126582278481,0.3275862068965517,0.4099272158780807,0.5647197770411545
4,0.8592717258261934,0.7994209429521375,0.7902621722846442,0.6410256410256411,0.5263157894736842,0.527241898149808,0.7018946208310262
