,AUROC,AUPRC,accuracy,f1,recall,mcc,gmean
0,0.673290703393999,0.6260942753564231,0.6089108910891089,0.6359447004608295,0.6448598130841121,0.21375453139260314,0.6054352927878207
1,0.6153355572998429,0.6217143377973098,0.5742574257425742,0.6640625,0.8173076923076923,0.15475354413803738,0.5084644596728394
2,0.6785573899371069,0.620775949944722,0.599009900990099,0.6086956521739131,0.65625,0.20417361147030214,0.5992330003256207
3,0.6229886185243328,0.6350607873470928,0.5445544554455446,0.6229508196721312,0.7307692307692307,0.08420456012731227,0.5035197931597234
4,0.7528471528471529,0.6866294454555626,0.6567164179104478,0.7088607594936709,0.9230769230769231,0.4013158824017398,0.6346630624175341
