,AUROC,AUPRC,accuracy,f1,recall,mcc,gmean
0,0.704934792219275,0.8751476866078636,0.7741935483870968,0.8648648648648649,0.9655172413793104,0.2770750118319997,0.4450335029460972
1,0.7955446853516659,0.932859518898101,0.8478964401294499,0.9134438305709024,1.0,0.43925218727211796,0.47907013758040845
2,0.7955654761904762,0.9134722657825807,0.8258064516129032,0.8984962406015038,0.9958333333333333,0.42673872320782824,0.4917776307389734
3,0.8123729826658697,0.9234807060854362,0.8058252427184466,0.8880597014925373,0.99581589958159,0.33140073533223885,0.3955822994631276
4,0.8144650328750747,0.9294678525269106,0.8058252427184466,0.8872180451127819,0.9874476987447699,0.32711971804762163,0.42823258172703316
