,AUROC,AUPRC,accuracy,f1,recall,mcc,gmean
0,0.6736044547902689,0.494588063987922,0.6516129032258065,0.2602739726027397,0.1743119266055046,0.12482984765920639,0.3983740746175631
1,0.6945378151260504,0.6034847912304169,0.6440129449838188,0.3125,0.21008403361344538,0.18056155623151038,0.43862597571543016
2,0.6787719298245614,0.5536441495357803,0.6419354838709678,0.3508771929824561,0.25,0.18324187474803896,0.4715595625715076
3,0.763077593722755,0.6829561047767455,0.6634304207119741,0.3333333333333333,0.20967741935483872,0.28513845614484407,0.4504187724984452
4,0.7492844132188394,0.640271093219404,0.6375404530744336,0.28205128205128205,0.1746031746031746,0.21724294872825514,0.40861993213432707
