,AUROC,AUPRC,accuracy,f1,recall,mcc,gmean
0,0.7056236673773987,0.2689350192036317,0.864516129032258,0.0,0.0,0.0,0.0
1,0.7424783624124194,0.4973411063167555,0.8122977346278317,0.0,0.0,0.0,0.0
2,0.7759103641456583,0.48323755448858685,0.8354838709677419,0.0,0.0,0.0,0.0
3,0.7358750907770516,0.35792820280653365,0.8252427184466019,0.0,0.0,0.0,0.0
4,0.6567866465173787,0.3865279340522991,0.8122977346278317,0.0,0.0,0.0,0.0
