,AUROC,AUPRC,accuracy,f1,recall,mcc,gmean
0,0.8497512437810946,0.981270634785364,0.9469964664310954,0.9727767695099818,1.0,0.0,0.0
1,0.8087002096436059,0.9840985959838178,0.9363957597173145,0.9671532846715328,1.0,0.0,0.0
2,0.7907523510971787,0.9680895821517238,0.9222614840989399,0.9595588235294118,1.0,0.0,0.0
3,0.8161596958174904,0.9792658037352655,0.9293286219081273,0.9633699633699634,1.0,0.0,0.0
4,0.686318407960199,0.9715166084308765,0.9469964664310954,0.9727767695099818,1.0,0.0,0.0
