,AUROC,AUPRC,accuracy,f1,recall,mcc,gmean
0,0.8502048846876433,0.9639574073652873,0.8911917098445595,0.940294649780305,0.9956212370005474,0.43802180823026904,0.49552166853731017
1,0.8464419512618776,0.9684316733848182,0.8954309938765898,0.9426059979317477,0.9859383450513791,0.4203417743934444,0.5297816342401177
2,0.8440856529091822,0.9644122013760759,0.8972667295004713,0.9433471933471933,0.988562091503268,0.46171025833420537,0.5546435450279997
3,0.8403335765862652,0.96112135842896,0.8926048045219029,0.9411764705882353,0.991304347826087,0.4152462993906385,0.4987001077913844
4,0.8346404002765178,0.9685134388196284,0.9019792648444863,0.9469116896375702,0.9930406852248393,0.40398929436429615,0.48027797244922965
