,AUROC,AUPRC,accuracy,f1,recall,mcc,gmean
0,0.8521619147528716,0.9373452015603765,0.8099593495934959,0.8805111821086262,0.9483826565726085,0.45544430613971265,0.6306887186592491
1,0.8556207592151108,0.9354393694017379,0.8113879003558719,0.8807457409193186,0.9547038327526133,0.47481911923738135,0.636843523412306
2,0.8657135891427721,0.943678739842374,0.8078291814946619,0.8793873643905552,0.9425444596443229,0.4408941449505957,0.62754729376422
3,0.8713180732668362,0.9474526003196626,0.8108795119471276,0.8812260536398467,0.9413369713506139,0.44836151880715647,0.635583954921187
4,0.8701983305335261,0.9462762937617822,0.8022369089984749,0.8730003264773099,0.9349650349650349,0.4553469560173426,0.6477673637899524
