,AUROC,AUPRC,accuracy,f1,recall,mcc,gmean
0,0.8895100342365967,0.9367062886441329,0.8329631274988893,0.8835913312693499,0.9290364583333334,0.5994242269665022,0.7629610456042675
1,0.8903593078628946,0.943094229267839,0.8360728565082186,0.8881479236132162,0.9427284427284427,0.5991997572850903,0.7510086575770974
2,0.8919071547114144,0.9361210783082426,0.8346666666666667,0.8838226108682073,0.945855614973262,0.6172822800893838,0.7621092726190669
3,0.8942103599331619,0.9405231795891491,0.8302976454908929,0.8820259419394688,0.9363934426229508,0.5960706520854901,0.7541889521052251
4,0.8921032625171987,0.9429793047947725,0.8364444444444444,0.8883495145631068,0.9354632587859425,0.5960875629959709,0.7555378440743403
