,AUROC,AUPRC,accuracy,f1,recall,mcc,gmean
0,0.8658269330369568,0.8949714918249787,0.7809976247030879,0.8081564710778194,0.8071487946799667,0.5530407551698365,0.7760345636143973
1,0.8548500147899913,0.8864218389369766,0.7743467933491687,0.8016701461377871,0.8060453400503779,0.5400228426683102,0.7686772703734572
2,0.868556328625411,0.8946224379217433,0.7933491686460807,0.8155998304366257,0.8208191126279863,0.5806740608279706,0.789222643673401
3,0.8556321200333425,0.8965260202309995,0.7786223277909738,0.806799336650083,0.7975409836065573,0.5479066091968865,0.7747150342373699
4,0.84396175274808,0.8764381003590704,0.7695961995249406,0.7959612957509465,0.7956265769554247,0.5313680888965023,0.7651328571935448
