,AUROC,AUPRC,accuracy,f1,recall,mcc,gmean
0,0.5,0.18421052631578946,0.8157894736842105,0.0,0.0,0.0,0.0
1,0.5,0.15789473684210525,0.8421052631578947,0.0,0.0,0.0,0.0
2,0.5,0.08108108108108109,0.918918918918919,0.0,0.0,0.0,0.0
3,0.5,0.10526315789473684,0.8947368421052632,0.0,0.0,0.0,0.0
4,0.5,0.10810810810810811,0.8918918918918919,0.0,0.0,0.0,0.0
