,AUROC,AUPRC,accuracy,f1,recall,mcc,gmean
0,0.7298632966168372,0.9755255588930944,0.9565543071161049,0.9776234567901234,0.996852871754524,0.32109287775209056,0.3946622115323994
1,0.821737134516691,0.9811785642447112,0.9558052434456928,0.9772639691714836,1.0,0.3377783092360645,0.34554737023254406
2,0.7528164748637188,0.9764725820133139,0.9565543071161049,0.9775888717156105,0.9960629921259843,0.3468027663621965,0.4288222853263219
3,0.8077587359600641,0.98280242019092,0.951310861423221,0.9749325106054763,1.0,0.2835028945226961,0.29070094986690553
4,0.7587279306659112,0.9793351575220666,0.9632683658170914,0.9811175337186898,1.0,0.43523536810462155,0.4435327625727437
