,AUROC,AUPRC,accuracy,f1,recall,mcc,gmean
0,0.7336224829041841,0.931199222753031,0.8756302521008403,0.9330316742081448,1.0,0.2459632429857123,0.2630254549223457
1,0.7042778069524172,0.9277251121639977,0.8773109243697479,0.9333333333333333,0.9931972789115646,0.28802147228920866,0.36839706616718115
2,0.6927069376921997,0.9204055432762984,0.8864592094196804,0.9387199273717658,0.9961464354527938,0.3044728803636221,0.3632353578955876
3,0.6938918678208248,0.918546218663981,0.8739495798319328,0.9316939890710383,0.9922405431619786,0.23524809323638637,0.32571246757384303
4,0.7048406988694758,0.9340431430886325,0.8973927670311186,0.9449458483754513,0.9971428571428571,0.32899813129019,0.378779345258761
