,AUROC,AUPRC,accuracy,f1,recall,mcc,gmean
0,0.8643279083785412,0.9762787349637243,0.9004777070063694,0.9462827675118178,0.9954792043399638,0.3851517730787721,0.44620156977311587
1,0.8701237159304136,0.9788218220527487,0.8957006369426752,0.9442315879097488,0.9946188340807175,0.26012356873995035,0.3359531939841717
2,0.8697722707472859,0.9734778479824407,0.8853503184713376,0.9379310344827586,0.9945155393053017,0.31316538400207583,0.38384324333331343
3,0.8721594571670909,0.9813840362871021,0.9084394904458599,0.9510429970200085,0.9928888888888889,0.3415806223082251,0.42650124019519653
4,0.8346767018967297,0.9681182545357445,0.8884462151394422,0.940068493150685,0.9963702359346642,0.2741589235267908,0.33272782269107054
