,AUROC,AUPRC,accuracy,f1,recall,mcc,gmean
0,0.7090712694376308,0.9812866107261742,0.970113085621971,0.984829848298483,1.0,0.0,0.0
1,0.7385961406713861,0.9887829854442831,0.9765561843168957,0.9881390593047035,1.0,0.0,0.0
2,0.7660269709543569,0.989353364783457,0.9741309620048505,0.9868959868959869,1.0,0.0,0.0
3,0.6960191908713692,0.9840934397997467,0.9741309620048505,0.9868959868959869,1.0,0.0,0.0
4,0.8044349909539877,0.9924988619385231,0.9725141471301536,0.9860655737704918,1.0,0.0,0.0
