,AUROC,AUPRC,accuracy,f1,recall,mcc,gmean
0,0.8408771929824562,0.9596726655169662,0.8771300448430494,0.932077342588002,0.9894736842105263,0.38448785234728117,0.47736651315188405
1,0.8526916221033869,0.9608191229596952,0.8654708520179372,0.9248496993987976,0.9871657754010695,0.37791516921148693,0.4799361217150843
2,0.8477345338367702,0.9615906361095912,0.8672645739910314,0.9262948207171314,0.9904153354632588,0.3678277802146345,0.4563028762145904
3,0.838700503436925,0.9586003044917822,0.8717488789237668,0.9288203086112494,0.9936102236421726,0.3986901785555772,0.46922808178847364
4,0.8299530051941628,0.9544139730973616,0.8717488789237668,0.92781423523473,0.984994640943194,0.4295241074929663,0.5355736165423058
