,AUROC,AUPRC,accuracy,f1,recall,mcc,gmean
0,0.7743585153359589,0.9800159336562151,0.9705671213208902,0.984786641929499,0.9977443609022556,0.5842174826096518,0.6292299277254217
1,0.8316213921901527,0.9870909709255868,0.9748563218390804,0.987012987012987,1.0,0.6513966670670068,0.6599120175960898
2,0.7442282660820717,0.9786727298487401,0.9676956209619526,0.9832775919732442,0.9969856819894499,0.5591488875779789,0.6145291625811345
3,0.7520665901262916,0.9821882498757842,0.978448275862069,0.9889135254988913,0.9985074626865672,0.6443817541728398,0.6788590414534015
4,0.7682171845111927,0.9821102911429772,0.9755747126436781,0.9873980726464048,0.9985007496251874,0.635910712156549,0.6690319755547856
