,AUROC,AUPRC,accuracy,f1,recall,mcc,gmean
0,0.8216741459177764,0.9876334353012782,0.98,0.9897233201581027,0.9968152866242038,0.6417187372483398,0.7059799170742054
1,0.8186498682576698,0.9851955368151482,0.9722863741339491,0.985691573926868,0.9951845906902087,0.5746481733300354,0.6571701136114247
2,0.8444189130837085,0.9879056410944436,0.968437259430331,0.9837107667858562,0.9927826784282278,0.5007646989391241,0.6179316238089491
3,0.8392311997557749,0.9930320102708984,0.9830638953040801,0.9913995308835027,1.0,0.5342015938161444,0.5388159060803247
4,0.8538724452618065,0.9908574135503709,0.9822940723633564,0.9909054962435745,1.0,0.7007049741617701,0.7071067811865476
