,AUROC,AUPRC,accuracy,f1,recall,mcc,gmean
0,0.7226051608342171,0.9233754928454907,0.8460161145926589,0.9163424124513618,0.9989395546129375,0.09823278956038332,0.1312367927419311
1,0.7474726793437924,0.9419019750224551,0.855863921217547,0.9220338983050848,0.9989506820566632,0.12375109758891553,0.1560918024172629
2,0.724062056717785,0.9173896252252891,0.8272157564905999,0.9053457577243746,1.0,0.06529319014947163,0.0717958158617738
3,0.7752727635882455,0.9484584830139489,0.8540734109221128,0.9206812652068127,0.9978902953586498,0.17205884303865185,0.21734169050409702
4,0.7455918543127846,0.9308560583157447,0.8478066248880931,0.9174757281553398,1.0,0.0992725653737995,0.10783277320343841
