,AUROC,AUPRC,accuracy,f1,recall,mcc,gmean
0,0.7440108881745064,0.7498023411432554,0.6859649122807018,0.6691312384473198,0.6487455197132617,0.3715247175362456,0.6842272063402391
1,0.7661841551301418,0.7517784348726209,0.6994727592267135,0.6666666666666666,0.6309963099630996,0.3967507582211382,0.693295220637261
2,0.761811994476228,0.7655206045600506,0.6929824561403509,0.6812386156648452,0.6824817518248175,0.38513459691837476,0.6925184268686101
3,0.7198335559182867,0.7625396581916033,0.6379613356766256,0.6156716417910447,0.5631399317406144,0.28343771599956225,0.6356034063484439
4,0.7481772120612952,0.7591724033444622,0.6836555360281195,0.6727272727272727,0.6607142857142857,0.3670277821385825,0.6829249992655481
