,AUROC,AUPRC,accuracy,f1,recall,mcc,gmean
0,0.9526201150397563,0.9731377637846242,0.9047619047619048,0.9156626506024096,0.8871595330739299,0.8087458356310979,0.9080086912880163
1,0.9805776033129151,0.988060692477758,0.9387755102040817,0.9499072356215214,0.9552238805970149,0.8712855375201655,0.9340240900407571
2,0.9690836298932385,0.9843132354244195,0.9319727891156463,0.9456521739130435,0.9288256227758007,0.8558254647502531,0.9331527320606811
3,0.9695209473400916,0.9852563373987125,0.9251700680272109,0.940754039497307,0.9225352112676056,0.8405294004207622,0.9262283661572528
4,0.983574663519806,0.9886549104084003,0.9227272727272727,0.9330708661417323,0.9221789883268483,0.8420317758916367,0.9228378926469818
