,AUROC,AUPRC,accuracy,f1,recall,mcc,gmean
0,0.9497839732615961,0.9072035561881712,0.9190523198420533,0.8305785123966942,0.7701149425287356,0.7819862618254207,0.8646299694688432
1,0.9595011519583292,0.930513909354856,0.9318854886475815,0.8617234468937875,0.8022388059701493,0.8208333615764336,0.8860076276068405
2,0.9561220672331783,0.917749271605655,0.932872655478776,0.853448275862069,0.8148148148148148,0.8115753072325202,0.8890872794479687
3,0.9696368332279148,0.9403534257650195,0.9397828232971372,0.8676789587852495,0.8064516129032258,0.8330112653535814,0.8903635248646732
4,0.9483173076923077,0.9037346179082726,0.9199604743083004,0.8316008316008316,0.7692307692307693,0.7839859580347298,0.8647251533491421
