,AUROC,AUPRC,accuracy,f1,recall,mcc,gmean
0,0.838186355307139,0.7797078368319746,0.7681940700808625,0.7374045801526717,0.7374045801526717,0.52992568992348,0.7644662819331356
1,0.8415587947751045,0.7900545803400583,0.7681940700808625,0.7353846153846154,0.7220543806646526,0.5295602998914929,0.7625670566022933
2,0.8447040237896106,0.7938011161026739,0.7680377612946729,0.7295597484276729,0.7330173775671406,0.5265159580299682,0.7629561161212661
3,0.8432984729945396,0.7868139254926558,0.7601078167115903,0.7210031347962382,0.7290015847860539,0.5107402516863814,0.7555756472897702
4,0.8384424322454882,0.7991593855527501,0.76062036412677,0.7215686274509804,0.7120743034055728,0.511839082968533,0.753855589163422
