,AUROC,AUPRC,accuracy,f1,recall,mcc,gmean
0,0.812617220801364,0.7643349325335657,0.7014925373134329,0.5180722891566265,0.3739130434782609,0.4055366444843138,0.5952831550354335
1,0.7827844311377246,0.6748208449171638,0.7078651685393258,0.5714285714285714,0.52,0.3571108482289264,0.6531361468693226
2,0.7646167557932264,0.6731932959556141,0.704119850187266,0.5212121212121212,0.4215686274509804,0.3437112470346488,0.60866197505772
3,0.8189369719113953,0.7469599467147308,0.651685393258427,0.4294478527607362,0.3017241379310345,0.2892721783786462,0.5270161864159982
4,0.7827417380660955,0.7269249207352595,0.7453183520599251,0.6222222222222222,0.5894736842105263,0.4325415591654216,0.7000611968353663
