,AUROC,AUPRC,accuracy,f1,recall,mcc,gmean
0,0.7211876397827377,0.5755046310332501,0.6838709677419355,0.40963855421686746,0.3119266055045872,0.24343214679929523,0.525579215097373
1,0.7035824856258294,0.5641561170109723,0.6731391585760518,0.47668393782383417,0.3865546218487395,0.27273232246753704,0.5740981428086087
2,0.7272587719298246,0.5843122961803449,0.6741935483870968,0.48205128205128206,0.39166666666666666,0.2778581941579539,0.5778817945056347
3,0.693875326939843,0.5967530754450375,0.6504854368932039,0.4065934065934066,0.29838709677419356,0.23207091156840548,0.5143113152870138
4,0.7488940931563882,0.6228893402224427,0.686084142394822,0.5025641025641026,0.3888888888888889,0.32992611004237854,0.5885468298933696
