,AUROC,AUPRC,accuracy,f1,recall,mcc,gmean
0,0.7773541114058355,0.906374744150936,0.7870967741935484,0.8735632183908046,0.9827586206896551,0.331874303111347,0.4489894341032309
1,0.7990811739820202,0.9338122188272505,0.8317152103559871,0.9051094890510949,1.0,0.3492380464879995,0.3841106397986879
2,0.7395833333333333,0.8714705949266397,0.8129032258064516,0.8917910447761194,0.9958333333333333,0.3655403515004954,0.43004706276229376
3,0.7632695756126718,0.914086007301591,0.7928802588996764,0.8814814814814815,0.99581589958159,0.2525557790346342,0.31556550818833007
4,0.76667662881052,0.9211158051187583,0.7896440129449838,0.8789571694599627,0.9874476987447699,0.22983020828957526,0.3359332754742091
