,AUROC,AUPRC,accuracy,f1,recall,mcc,gmean
0,0.7003820184790334,0.311291275347424,0.864516129032258,0.0,0.0,0.0,0.0
1,0.7685121582634977,0.43674019766432903,0.8122977346278317,0.03333333333333333,0.017241379310344827,0.06455386741490413,0.1310446052156301
2,0.7913543795896737,0.3986409039368117,0.8354838709677419,0.03773584905660377,0.0196078431372549,0.07291854744036005,0.13975742262647806
3,0.6908133623819898,0.36032441866566023,0.8284789644012945,0.03636363636363636,0.018518518518518517,0.12382201069232533,0.13608276348795434
4,0.7465998076658882,0.4097403872592603,0.8122977346278317,0.06451612903225806,0.034482758620689655,0.09159178687690266,0.18495403646255393
