,AUROC,AUPRC,accuracy,f1,recall,mcc,gmean
0,0.7352083333333332,0.7468450327773484,0.6709677419354839,0.6964285714285714,0.73125,0.34088390812309877,0.6660517997873739
1,0.7567900186725512,0.7773607905100132,0.6990291262135923,0.743801652892562,0.7848837209302325,0.38459050241601034,0.6812160733953517
2,0.7500626461744069,0.7511614981718365,0.6935483870967742,0.7214076246334311,0.75,0.38337697437109475,0.6874610823355948
3,0.76090073374378,0.7665911394015925,0.6990291262135923,0.7138461538461538,0.6946107784431138,0.3976306789950393,0.6994015442007272
4,0.770731191885038,0.7800919245963606,0.7216828478964401,0.7556818181818182,0.7869822485207101,0.435414377389919,0.7112785388041127
