,AUROC,AUPRC,accuracy,f1,recall,mcc,gmean
0,0.7949004975124379,0.9860560241326014,0.9469964664310954,0.9727767695099818,1.0,0.0,0.0
1,0.7944444444444444,0.9812116844433921,0.9363957597173145,0.9671532846715328,1.0,0.0,0.0
2,0.6746778126088471,0.957444286060831,0.9222614840989399,0.9595588235294118,1.0,0.0,0.0
3,0.625,0.9390791253283335,0.9293286219081273,0.9633699633699634,1.0,0.0,0.0
4,0.7416666666666667,0.9745556551701926,0.9469964664310954,0.9727767695099818,1.0,0.0,0.0
