,AUROC,AUPRC,accuracy,f1,recall,mcc,gmean
0,0.9328887728435611,0.9600493615587268,0.8714506969540526,0.8984088127294981,0.9002452984464432,0.7234395202919542,0.8603008969637389
1,0.9209514754321031,0.9482627949939006,0.856995353639649,0.8878088294856217,0.9118136439267887,0.6928554968710475,0.8364672189637585
2,0.928844789132198,0.9576344972813792,0.8606091894682498,0.892515923566879,0.9091646390916464,0.6954097797180636,0.8397137405769252
3,0.9202583741689888,0.9494527414609806,0.8518327310273619,0.8844140153040677,0.8992628992628993,0.6789618624670586,0.8326382653925882
4,0.9164372828943264,0.9487581283237259,0.8492514197212184,0.8828250401284109,0.8885298869143781,0.6716702443251735,0.8323302589961139
