,AUROC,AUPRC,accuracy,f1,recall,mcc,gmean
0,0.8883120961652824,0.950961885860472,0.8440040650406504,0.8985123966942149,0.9353062629043358,0.5719987421336056,0.7405881831907433
1,0.8786094155248748,0.945450112531676,0.826131164209456,0.8863031914893617,0.9289198606271777,0.5302836117379613,0.7140436046676679
2,0.8833823190800612,0.9528533377151929,0.8403660396542959,0.8953333333333333,0.9186046511627907,0.5632542451283304,0.750930039668256
3,0.896170142661471,0.958707052470451,0.8469750889679716,0.8996332110703568,0.9201909959072305,0.5809470440981247,0.7630443094400524
4,0.8857900014324596,0.9520455573846462,0.8271479410269446,0.8859825620389,0.9237762237762238,0.5389742232835288,0.7255326489701529
