,AUROC,AUPRC,accuracy,f1,recall,mcc,gmean
0,0.8473775499637568,0.9644532911461084,0.8883655204898728,0.9386804657179819,0.9928845101258894,0.4172060634134954,0.49143916043494146
1,0.8600585046957717,0.9706551252959312,0.8973151201130476,0.9436109674081739,0.9864791779340184,0.434250522894505,0.5400216723572592
2,0.8355767326355561,0.9642905477715842,0.8911404335532517,0.9403563129357088,0.9918300653594772,0.4120046834290501,0.4927023547768665
3,0.8334047088646489,0.9595168175467843,0.8893075836081017,0.9393548387096774,0.9891304347826086,0.3911981914111521,0.4875150430413208
4,0.8396965468984472,0.9693906576611209,0.9019792648444863,0.9468030690537085,0.9908993576017131,0.4071970909041459,0.49575624062013657
