,AUROC,AUPRC,accuracy,f1,recall,mcc,gmean
0,0.8851699082167832,0.9416270172770034,0.8160817414482452,0.8680688336520076,0.88671875,0.5663560057572755,0.7675147489528392
1,0.8895611639514079,0.9459453847373174,0.8280764104842292,0.878645343367827,0.9015444015444015,0.5867739900633441,0.7738693867260188
2,0.8823489517581808,0.9336636624404929,0.8208888888888889,0.8702093397745572,0.9030748663101604,0.5865833318281034,0.7707562286773166
3,0.8868631170121484,0.9418412658741054,0.8174144824522435,0.8694823753572563,0.8977049180327868,0.5698217187890218,0.7631483075948653
4,0.8875604580117067,0.9449766944243446,0.8253333333333334,0.8769953051643192,0.8952076677316294,0.5776956537969067,0.771967527479402
