,AUROC,AUPRC,accuracy,f1,recall,mcc,gmean
0,0.40909090909090906,0.12339181286549708,0.868421052631579,0.0,0.0,0.0,0.0
1,0.6714285714285714,0.11764705882352941,0.9459459459459459,0.0,0.0,0.0,0.0
2,0.35454545454545455,0.12207602339181285,0.868421052631579,0.0,0.0,0.0,0.0
3,0.5,0.1891891891891892,0.8108108108108109,0.0,0.0,0.0,0.0
4,0.47187500000000004,0.13341913341913342,0.8648648648648649,0.0,0.0,0.0,0.0
