,AUROC,AUPRC,accuracy,f1,recall,mcc,gmean
0,0.7603011004343228,0.9871057291595005,0.970113085621971,0.984829848298483,1.0,0.0,0.0
1,0.8019525005709067,0.9933877370046535,0.9765561843168957,0.9881390593047035,1.0,0.0,0.0
2,0.8533065352697097,0.9943540181677862,0.9741309620048505,0.9868959868959869,1.0,0.0,0.0
3,0.6931664937759336,0.98521104106806,0.9741309620048505,0.9868959868959869,1.0,0.0,0.0
4,0.8035181653708865,0.992458746547534,0.9725141471301536,0.9860655737704918,1.0,0.0,0.0
