,AUROC,AUPRC,accuracy,f1,recall,mcc,gmean
0,0.8761116427432217,0.9718735916437788,0.8878923766816144,0.9371543489190548,0.9810526315789474,0.4685644982080867,0.5872434456286522
1,0.8724777183600714,0.968227219693709,0.8762331838565023,0.9306532663316583,0.9903743315508021,0.446300283282036,0.5297226261035681
2,0.8873317842966405,0.9756337739871761,0.8654708520179372,0.9243188698284561,0.9755058572949947,0.37667690778126023,0.5211426857454615
3,0.8883362377771324,0.9761677063873967,0.8717488789237668,0.927521540800811,0.9744408945686901,0.4190310460818471,0.5617703904055915
4,0.8796391175812398,0.9705999930508848,0.8690582959641255,0.9264112903225806,0.984994640943194,0.41265814733621586,0.5201950819990923
