,AUROC,AUPRC,accuracy,f1,recall,mcc,gmean
0,0.82468671679198,0.9868085374902686,0.9655419956927495,0.9821693907875185,0.9939849624060151,0.5058234451841912,0.6023980403135659
1,0.8706160562697065,0.9888265658634907,0.9748563218390804,0.987012987012987,1.0,0.6513966670670068,0.6599120175960898
2,0.7485156767372292,0.9751210009503422,0.9612347451543432,0.9799405646359584,0.9939713639788997,0.4495944844827676,0.5488200466728321
3,0.8561638920780712,0.9917833706660091,0.9755747126436781,0.9874353288987435,0.9970149253731343,0.5884184772943402,0.64947209862213
4,0.8117342190973479,0.9861098935010415,0.9698275862068966,0.9844444444444445,0.9962518740629686,0.5288736806661981,0.6005929448774703
