,AUROC,AUPRC,accuracy,f1,recall,mcc,gmean
0,0.7922820863277633,0.9829282776349961,0.9446153846153846,0.971473851030111,1.0,0.15977433801196336,0.1643989873053573
1,0.8321106557377049,0.9860690607432512,0.9384615384615385,0.9682539682539683,1.0,0.0,0.0
2,0.7958247950819674,0.9816117698621729,0.9384615384615385,0.9682539682539683,1.0,0.0,0.0
3,0.8298089631142616,0.9854659426365754,0.9392307692307692,0.9685634699562277,0.9991789819376026,0.1883584277582632,0.2207723672548213
4,0.8081280421705953,0.9828828118263673,0.9407236335642802,0.9694323144104804,0.9991816693944353,0.07328912476152824,0.1139139382025345
