,AUROC,AUPRC,accuracy,f1,recall,mcc,gmean
0,0.7443516862121514,0.9736936473511014,0.9378531073446328,0.9678765123070505,0.9991386735572783,0.12245868136250988,0.16005917764259103
1,0.8041348600508906,0.9793620165733433,0.9515738498789347,0.9751861042183623,1.0,0.0,0.0
2,0.7179317813957917,0.9742508593689885,0.9410815173527038,0.9696465696465697,0.9991431019708654,-0.0070594440060835805,0.0
3,0.7616270184911619,0.9762008206142694,0.9459241323648103,0.972210700953961,1.0,0.0,0.0
4,0.7687961692312184,0.9847284593082258,0.9531880548829701,0.9760132340777502,0.9991532599491956,0.08626625861886539,0.13125082987909695
