,AUROC,AUPRC,accuracy,f1,recall,mcc,gmean
0,0.8491422987840184,0.9919220106398923,0.9761538461538461,0.9877615475720489,0.9960191082802548,0.55569280498383,0.638327786077252
1,0.8616024107332143,0.9889553224328742,0.9715165511932256,0.9852882703777336,0.9943820224719101,0.564155070824947,0.6569050722158449
2,0.8346261797544877,0.9873406770117727,0.9668976135488837,0.9829297340214371,0.9927826784282278,0.4657231570042174,0.5862214108447832
3,0.8308105220311387,0.9933164817880251,0.9792147806004619,0.9894490035169988,0.998422712933754,0.37451413410071055,0.4395942512466623
4,0.877745584510219,0.9932089372048775,0.9776751347190146,0.9885511251480458,0.9992019154030327,0.6011746647176653,0.6252935741340708
