,AUROC,AUPRC,accuracy,f1,recall,mcc,gmean
0,0.8105664121893056,0.986934617534305,0.9499105545617174,0.9742410303587856,1.0,0.2197582398239256,0.22549380840084865
1,0.8223362658846529,0.9869568799441369,0.945438282647585,0.9719282098481362,1.0,0.12348366980902432,0.1270001270001905
2,0.8380451457374534,0.9853914617404138,0.9463327370304114,0.9722991689750693,1.0,0.2697707921985813,0.2773500981126146
3,0.782585374575362,0.9866615922875527,0.9579606440071556,0.978509373571102,0.9990662931839402,0.0966071337419413,0.14579687802628524
4,0.8011225932408779,0.9835454569674877,0.9516562220232766,0.9751609935602575,0.9990574929311969,0.19226427647328695,0.23134592523170602
