,AUROC,AUPRC,accuracy,f1,recall,mcc,gmean
0,0.7914166994492525,0.9809734491375766,0.9573033707865168,0.9779667568612292,0.995279307631786,0.3578566682508151,0.44962885735093394
1,0.8434248316775743,0.9885492371040017,0.9573033707865168,0.9780007719027403,0.999211356466877,0.37796638852186076,0.40503040094367204
2,0.7595093882495456,0.9812330249309709,0.9595505617977528,0.9791344667697064,0.9976377952755906,0.40888546070930104,0.4635470125333446
3,0.8405631574255661,0.9874644848879217,0.952808988764045,0.9756474681097796,0.9984177215189873,0.33110616252115094,0.3749962857128707
4,0.783273022291476,0.981778224024966,0.9640179910044977,0.9814957594448728,1.0,0.4531787651271403,0.4616435357484827
