,AUROC,AUPRC,accuracy,f1,recall,mcc,gmean
0,0.8045382297427067,0.9900824734165677,0.9661515820456218,0.9827844311377245,1.0,0.0,0.0
1,0.792860107928601,0.9910066951744276,0.9668630338733432,0.9831523773867465,0.9992389649923896,-0.004967509791238875,0.0
2,0.7166089082917023,0.9818896495253989,0.9617083946980854,0.9804804804804805,0.9992348890589136,-0.005362377330786893,0.0
3,0.7555263994910942,0.9869512421249909,0.9646539027982327,0.9820089955022488,1.0,0.0,0.0
4,0.809607460420733,0.9898823963984702,0.9609720176730486,0.9800976342470897,1.0,0.0,0.0
