,AUROC,AUPRC,accuracy,f1,recall,mcc,gmean
0,0.8660880048221822,0.976217039344117,0.9052547770700637,0.9484178586909406,0.9891500904159132,0.4371102519388928,0.5325001025845552
1,0.8647393696530229,0.9790103654937767,0.9028662420382165,0.947594501718213,0.989237668161435,0.36301763365779666,0.4663603430779428
2,0.8831223057304716,0.9754994021898169,0.8949044585987261,0.94275802254987,0.993601462522852,0.404701389003758,0.4763755528638412
3,0.8723392705682782,0.981689295233323,0.9179936305732485,0.9558129558129558,0.9902222222222222,0.45013564711650417,0.5429539411297197
4,0.8482734896741515,0.9722033365578822,0.8892430278884462,0.9399048854301773,0.9863883847549909,0.31295374234892015,0.4323916098861836
