,AUROC,AUPRC,accuracy,f1,recall,mcc,gmean
0,0.7641600936991014,0.9423777870314503,0.8857142857142857,0.9380127620783957,0.9980601357904947,0.35481958885080717,0.3961410030616391
1,0.730356916502182,0.938008961130742,0.8773109243697479,0.9333941605839416,0.9941690962099126,0.28620712934785997,0.3601030823811751
2,0.7205208692212481,0.9283956131178204,0.8957106812447435,0.9435850773430391,0.9990366088631984,0.3981786889009274,0.4304089003622679
3,0.7214098786669838,0.9290753549689753,0.873109243697479,0.9312072892938497,0.991270611057226,0.22852141494316194,0.32555323389648294
4,0.7402740664611168,0.9380787458288341,0.8931875525651808,0.9426118391323994,0.9933333333333333,0.28565970054004514,0.36848253214881294
