,AUROC,AUPRC,accuracy,f1,recall,mcc,gmean
0,0.7846899720871272,0.9449226592911947,0.8549686660698299,0.920666013712047,0.9968186638388123,0.2391152017941575,0.29314270148577876
1,0.7641657922350471,0.9447510015016419,0.855863921217547,0.9211170994610485,0.9863588667366212,0.18677536209066437,0.31020982147597803
2,0.7622890395505467,0.9292011338168304,0.8325872873769025,0.9076543209876543,0.9956663055254604,0.1723557488729151,0.23760325330980298
3,0.8017533018750156,0.953987848755562,0.8549686660698299,0.9205882352941176,0.990506329113924,0.20635184061844902,0.3062282598569996
4,0.7806601451950289,0.946320196408913,0.8531781557743957,0.9200779727095516,0.9989417989417989,0.1964479239970964,0.22862679285189935
