,AUROC,AUPRC,accuracy,f1,recall,mcc,gmean
0,0.9652013532240971,0.9136076099670664,0.9230009871668312,0.8458498023715415,0.8199233716475096,0.7953085992557676,0.8866359675987097
1,0.9739356906741461,0.943341560238714,0.930898321816387,0.8648648648648649,0.835820895522388,0.8194137519099977,0.8981376883430947
2,0.9576879910213243,0.9062453411965327,0.9299111549851925,0.8498942917547568,0.8271604938271605,0.8047385764170129,0.8921926339124842
3,0.9721589711153279,0.9294617759405365,0.9368213228035538,0.8672199170124482,0.842741935483871,0.8264151419501156,0.9028850144713595
4,0.967317921440262,0.9335240907206735,0.9357707509881423,0.8722986247544204,0.8538461538461538,0.8297669008458096,0.9072978802660062
