,AUROC,AUPRC,accuracy,f1,recall,mcc,gmean
0,0.9695271527660295,0.9838094081253582,0.9387755102040817,0.9467455621301775,0.933852140077821,0.87523919744914,0.939733635866004
1,0.9783021309636787,0.9871499084363413,0.9251700680272109,0.9383177570093458,0.9365671641791045,0.8432272536107298,0.9219263721686847
2,0.9814279359430605,0.9908048120808802,0.9365079365079365,0.9487179487179487,0.9217081850533808,0.8681372898097601,0.9418832879470147
3,0.9808692921862383,0.9907788347518738,0.9297052154195011,0.9439421338155516,0.9190140845070423,0.8521532645820827,0.9339086365097218
4,0.9820969148008761,0.988380099226496,0.9431818181818182,0.9510763209393346,0.9455252918287937,0.8834177944176591,0.9427037913478435
