,AUROC,AUPRC,accuracy,f1,recall,mcc,gmean
0,0.8595465888267848,0.8146764968230515,0.7742587601078167,0.7330677290836654,0.7022900763358778,0.5397080127415057,0.7639951674698431
1,0.8463523864129197,0.8112979017010296,0.7628032345013477,0.7201907790143084,0.6842900302114804,0.5174654562747557,0.7518290191952758
2,0.8337292073227396,0.7900562095856369,0.7646662171274443,0.7232355273592387,0.7203791469194313,0.5185613793381266,0.7580292262031112
3,0.8431619175725462,0.7945394445669677,0.7796495956873315,0.7390263367916999,0.7337559429477021,0.5484151751738904,0.7726468449539151
4,0.8439288184619254,0.8153706413257724,0.7720836142953472,0.7282958199356914,0.7012383900928792,0.5336926312365622,0.7614180365979765
