,AUROC,AUPRC,accuracy,f1,recall,mcc,gmean
0,0.7983233873259449,0.7659632576921778,0.7350746268656716,0.6243386243386243,0.5130434782608696,0.4594417613263831,0.6802537012315447
1,0.8069760479041916,0.7271335257119367,0.7378277153558053,0.5930232558139535,0.51,0.4190735488392356,0.6677336770547476
2,0.7711229946524064,0.6681334362808657,0.7153558052434457,0.5581395348837209,0.47058823529411764,0.37257884813882075,0.6386259760257971
3,0.7992692395524094,0.7474465628144179,0.7191011235955056,0.6192893401015228,0.5258620689655172,0.42419524901006306,0.6754342779312592
4,0.7958996328029375,0.6738143956358053,0.7565543071161048,0.6242774566473989,0.5684210526315789,0.4515333822813811,0.699361485319361
