,AUROC,AUPRC,accuracy,f1,recall,mcc,gmean
0,0.7520413182488933,0.7550316942814561,0.7029702970297029,0.7029702970297029,0.6635514018691588,0.41091982292179047,0.7042140040514768
1,0.7206632653061225,0.6952916747131126,0.6881188118811881,0.7149321266968326,0.7596153846153846,0.37644983293622114,0.6819608813136367
2,0.7735357704402516,0.683402256111072,0.7128712871287128,0.71,0.7395833333333334,0.4279262907132044,0.7136775825426348
3,0.6797978806907379,0.6679643386294918,0.6138613861386139,0.6138613861386139,0.5961538461538461,0.22880690737833595,0.6141323601065036
4,0.7322177822177822,0.6838277961799885,0.681592039800995,0.6559139784946236,0.6703296703296703,0.3601609703893434,0.6805415954494355
