,AUROC,AUPRC,accuracy,f1,recall,mcc,gmean
0,0.8349911582670203,0.917986574640167,0.8032258064516129,0.8772635814889336,0.9396551724137931,0.4152497191224676,0.6111077619606535
1,0.8574828133262823,0.9430396484479563,0.883495145631068,0.9294117647058824,0.9556451612903226,0.6049673716955913,0.7509908843005256
2,0.8349107142857144,0.9252965856185857,0.8354838709677419,0.899803536345776,0.9541666666666667,0.4723764779198018,0.6394752312862254
3,0.8984757919904365,0.9640131820092679,0.86084142394822,0.9145129224652088,0.9623430962343096,0.5656138567432338,0.7035050153586595
4,0.8571129707112971,0.9304417425613754,0.8543689320388349,0.9090909090909091,0.9414225941422594,0.5536205892728616,0.7242284680121728
