,AUROC,AUPRC,accuracy,f1,recall,mcc,gmean
0,0.7604180930211327,0.5628372306381,0.7161290322580646,0.5463917525773195,0.48623853211009177,0.35002913530691376,0.6393961389627133
1,0.7703007518796993,0.6787666019947893,0.7346278317152104,0.6403508771929824,0.6134453781512605,0.4317763956921165,0.7051337619849313
2,0.7981798245614037,0.6600447966541291,0.7322580645161291,0.6244343891402715,0.575,0.42255036452442724,0.6914896201222706
3,0.7440061028770706,0.6465303016376134,0.6763754045307443,0.5238095238095238,0.4435483870967742,0.3018380243645759,0.6076381018109792
4,0.8134703790441494,0.7205272830491609,0.7313915857605178,0.6468085106382979,0.6031746031746031,0.4348761112013622,0.7031396820249867
