,AUROC,AUPRC,accuracy,f1,recall,mcc,gmean
0,0.7104211087420043,0.2937162294964963,0.8387096774193549,0.21875,0.16666666666666666,0.1475429341171916,0.3966589321542015
1,0.7553235334523973,0.43930273825495386,0.8252427184466019,0.41304347826086957,0.3275862068965517,0.33419240232440134,0.5549858934626848
2,0.8177757589522296,0.48259022480632363,0.8483870967741935,0.43373493975903615,0.35294117647058826,0.364204063323723,0.5778090299049901
3,0.7534132171387072,0.453249150572075,0.8478964401294499,0.4050632911392405,0.2962962962962963,0.3634811791755377,0.5346389248422032
4,0.7122544305536477,0.4413352114803184,0.8252427184466019,0.35714285714285715,0.25862068965517243,0.30213228273381765,0.4972793130707661
