,AUROC,AUPRC,accuracy,f1,recall,mcc,gmean
0,0.6756218905472637,0.9555977568919162,0.9257950530035336,0.9611829944547134,0.9701492537313433,0.1255737837757557,0.3596571059090113
1,0.6097484276729559,0.9354371730955656,0.9257950530035336,0.9611829944547134,0.9811320754716981,0.14494055698895017,0.3301737043624324
2,0.5988331591779867,0.9208123005511627,0.9222614840989399,0.9591078066914498,0.9885057471264368,0.23209834936942894,0.36714607208100986
3,0.5765209125475285,0.9234509869737313,0.9222614840989399,0.959409594095941,0.9885931558935361,0.08378592497765873,0.22232781606150143
4,0.691044776119403,0.9624456265494267,0.9328621908127208,0.9650092081031307,0.9776119402985075,0.14997210655773321,0.36103775246706216
