,AUROC,AUPRC,accuracy,f1,recall,mcc,gmean
0,0.8641816077160904,0.9634627571839364,0.9010833725859633,0.9451983298538622,0.9912424740010947,0.507744897263832,0.5844457190136225
1,0.8684197021076692,0.9701832523144913,0.9020254357041921,0.9460300985988583,0.9859383450513791,0.47076378183912226,0.5753650943262688
2,0.8571546917135152,0.966975470864437,0.8996229971724788,0.9445745511319282,0.988562091503268,0.4784931027991202,0.5700105403310421
3,0.8647488093409126,0.9683649045379353,0.897786151672162,0.9438260419363189,0.9907608695652174,0.45571626594844417,0.5390514905354181
4,0.8621109359456405,0.969059133010107,0.9033930254476908,0.9474493719559087,0.9892933618843683,0.42256522326166523,0.5184062568353787
