,AUROC,AUPRC,accuracy,f1,recall,mcc,gmean
0,0.9478385794219569,0.9678744101774784,0.8791946308724832,0.906099518459069,0.9231398201144726,0.7379286528278736,0.8614708423672213
1,0.9369361721394048,0.9588091742344081,0.8626742385131647,0.8925686591276252,0.9193011647254575,0.7050278875597632,0.8413824542577538
2,0.9430919597434196,0.9670034227258609,0.8719669592152813,0.9014308426073132,0.9197080291970803,0.7201714681758629,0.8515009777228909
3,0.9375734927410906,0.9600741795961145,0.8642230252968508,0.8940797422472815,0.9090909090909091,0.7058967371797932,0.8462266498493092
4,0.9219078258578491,0.9498263291453982,0.8508002065049045,0.8848146671980869,0.8966074313408724,0.6736661844041231,0.8307181839163359
