,AUROC,AUPRC,accuracy,f1,recall,mcc,gmean
0,0.899312436939977,0.9605683104225115,0.8323170731707317,0.8950381679389313,0.9683413626978665,0.5269155999091656,0.659047348333967
1,0.8999652877839197,0.9568221194832074,0.820538891713269,0.886895225889138,0.9644599303135889,0.5036877271553766,0.6457288590005099
2,0.908351505465184,0.9615345203821546,0.842399593289273,0.901021711366539,0.9651162790697675,0.551768218043735,0.6856645322563957
3,0.9067778494852041,0.959355016832882,0.842399593289273,0.901712111604312,0.9699863574351978,0.5482892861150882,0.6745247369467163
4,0.9027522756573035,0.9621056330647318,0.8164717844433147,0.8841091492776886,0.9629370629370629,0.4949993084478709,0.6408103973770781
