,AUROC,AUPRC,accuracy,f1,recall,mcc,gmean
0,0.9092165646853146,0.9514501369763989,0.8342958685028876,0.8870039382005452,0.953125,0.602128140074543,0.7428858395671374
1,0.9200120390938181,0.9607790978233449,0.8382940915148823,0.8911483253588517,0.9588159588159588,0.6053793972067296,0.7390034932636393
2,0.9103041355196526,0.9441136986599806,0.828,0.8818320610687023,0.9652406417112299,0.604426803794289,0.7323844898350425
3,0.9112938626202411,0.9531587104335795,0.8360728565082186,0.8883509833585477,0.9626229508196721,0.6123571161933272,0.7409006335633165
4,0.9177304633753877,0.9590248355376395,0.8488888888888889,0.8992890995260664,0.9699680511182108,0.6296441521888991,0.7450346350037955
