,AUROC,AUPRC,accuracy,f1,recall,mcc,gmean
0,0.8903286867826736,0.9068272049657208,0.8152019002375297,0.8398517908604364,0.8478802992518704,0.6216371584388597,0.8088511797038543
1,0.8720151317227859,0.8944804594846778,0.8023752969121141,0.823579304495335,0.815281276238455,0.5991705184377055,0.8002816492307047
2,0.8814994567782009,0.9039687472397785,0.8085510688836105,0.8288747346072187,0.8327645051194539,0.611669185776211,0.8049864895491209
3,0.8750166712975828,0.905197128835995,0.7933491686460807,0.8166877370417194,0.7942622950819672,0.5815369912274971,0.7931756018855518
4,0.8791694058711405,0.902861963686785,0.8104513064133017,0.8307170131523123,0.8233809924306139,0.6155554500706698,0.8083880542015855
