,AUROC,AUPRC,accuracy,f1,recall,mcc,gmean
0,0.7160493827160493,0.474025974025974,0.9,0.0,0.0,0.0,0.0
1,0.6416666666666667,0.34611111111111115,0.7931034482758621,0.0,0.0,-0.08625819491779428,0.0
2,0.36111111111111116,0.07019704433497537,0.896551724137931,0.0,0.0,-0.05143444998736397,0.0
3,0.34615384615384615,0.10600255427841636,0.8620689655172413,0.0,0.0,-0.06419407387663693,0.0
4,0.8,0.6388888888888888,0.896551724137931,0.4,0.25,0.472455591261534,0.5
