,AUROC,AUPRC,accuracy,f1,recall,mcc,gmean
0,0.8201895653029112,0.9835937559844941,0.9602996254681648,0.9793694044375243,0.989771833202203,0.47472909542817526,0.6092326628233471
1,0.8424184283629172,0.9860216067640324,0.9610486891385768,0.9798293250581847,0.9960567823343849,0.4744291944098469,0.5452800957181396
2,0.8042337976983647,0.9829841574332523,0.9573033707865168,0.9779155366137157,0.9937007874015747,0.388507748370646,0.49457382739587324
3,0.7879078267070778,0.9778111705573641,0.949812734082397,0.9738994935722634,0.9889240506329114,0.3556878776561974,0.5007126317530607
4,0.7695066513850076,0.9804222687287976,0.95952023988006,0.9790209790209791,0.9897879025923016,0.4272101832543203,0.569667116657399
