,AUROC,AUPRC,accuracy,f1,recall,mcc,gmean
0,0.8194413826550858,0.9804731865342242,0.9476923076923077,0.9729299363057324,0.9967373572593801,0.29602664781542826,0.3670071354449172
1,0.8724897540983606,0.9899027724418246,0.9423076923076923,0.9700359568517779,0.9950819672131147,0.2804604190642076,0.3698969728070281
2,0.8730020491803279,0.9901234033162224,0.9384615384615385,0.9680255795363709,0.9926229508196721,0.21619327814658545,0.3341707377482552
3,0.8539839400857062,0.987623250692836,0.9384615384615385,0.9680511182108626,0.9950738916256158,0.2181828204726311,0.3115772451107298
4,0.8401864093353455,0.9851173383700639,0.9438029253271748,0.9707883153261304,0.9926350245499181,0.29549884196486964,0.4093748055480682
