,AUROC,AUPRC,accuracy,f1,recall,mcc,gmean
0,0.7746807494927797,0.9798566732543617,0.9691313711414213,0.9840089252510227,0.9947368421052631,0.5700378090674584,0.6529286250990105
1,0.8408137278680572,0.9879682849973914,0.9734195402298851,0.9861991794106677,0.9939849624060151,0.642078926882415,0.7273627102404706
2,0.7611838048914159,0.9785030192961354,0.9662598707824839,0.9824953445065177,0.9939713639788997,0.5471364796891486,0.6376712702485968
3,0.7859285304247992,0.9839876355171451,0.9712643678160919,0.9851742031134173,0.9917910447761195,0.5332774871174386,0.662326813790866
4,0.7843535128987231,0.982715618585821,0.9719827586206896,0.9854964670881369,0.9932533733133433,0.591342778616337,0.6924605609679853
