,AUROC,AUPRC,accuracy,f1,recall,mcc,gmean
0,0.8316003841186794,0.9913408621546682,0.9690949227373068,0.9842223891810669,0.9977151561309977,0.31715770505647306,0.3896488411521825
1,0.8506987685069878,0.9919133180605855,0.9720176730486009,0.9857142857142858,0.997716894977169,0.38267132108058555,0.4517504352967295
2,0.7623055343024739,0.9843102030408778,0.9609720176730486,0.9800376647834275,0.9954093343534812,0.16420023768088504,0.27941245559468086
3,0.8510337150127226,0.9920120852857345,0.96759941089838,0.9834462001504891,0.9977099236641221,0.3100231442565308,0.38144378860807854
4,0.8417407648377069,0.9912977139041211,0.9602356406480118,0.9796380090497737,0.9954022988505747,0.1938913409855018,0.30644065861118075
