,AUROC,AUPRC,accuracy,f1,recall,mcc,gmean
0,0.804676929827769,0.9493097860820006,0.8585496866606983,0.9210789210789211,0.9777306468716861,0.311155061699169,0.45596956148568785
1,0.7738815806311263,0.9375851195950224,0.8657117278424351,0.9255952380952381,0.9790136411332634,0.3074604871941912,0.4505177495659513
2,0.7757983268365147,0.9294385233660483,0.8424350940017905,0.9115577889447236,0.9826652221018418,0.2893208702772585,0.4149935880231438
3,0.8052986043492372,0.9506569672577435,0.8639212175470009,0.9236180904522613,0.9694092827004219,0.3459214560605032,0.5136758527337757
4,0.814430294081457,0.9525464162704825,0.8603401969561325,0.922,0.9756613756613757,0.31906597593260516,0.47034619641425657
