,AUROC,AUPRC,accuracy,f1,recall,mcc,gmean
0,0.858017877822814,0.9910310987051707,0.9792307692307692,0.9892984542211652,0.9936305732484076,0.6459028404325173,0.7513739586313346
1,0.8705518035070716,0.9892998308081532,0.9799846035411856,0.9896249002394254,0.9951845906902087,0.7162186589165798,0.7871742092528003
2,0.879426007032262,0.9919013401728316,0.9745958429561201,0.986857825567503,0.9935846030473136,0.6208524147810743,0.7182615803007322
3,0.8732955123638954,0.9944098524637319,0.9838337182448037,0.9917743830787309,0.998422712933754,0.5698640070613621,0.6216801520542756
4,0.8737031125299282,0.9917405906304069,0.9822940723633564,0.9908838684106223,0.9976057462090981,0.7040857176694647,0.750908860929563
