,AUROC,AUPRC,accuracy,f1,recall,mcc,gmean
0,0.8788155515370706,0.9756702512291002,0.9140127388535032,0.952920662598082,0.9882459312839059,0.508606529834368,0.6019608305120571
1,0.8887510733708616,0.9812728554868237,0.9068471337579618,0.9492407809110629,0.9811659192825112,0.4248918073365834,0.5595874009888735
2,0.8911486898232783,0.9790477518883509,0.9012738853503185,0.9455662862159789,0.9844606946983546,0.4671159163518589,0.5781267013103268
3,0.8947684478371501,0.9851162185754766,0.9171974522292994,0.9553264604810997,0.9884444444444445,0.44665803203477417,0.5493770085654189
4,0.8457824751195093,0.9701260936990175,0.8876494023904382,0.9386155855463648,0.9782214156079855,0.32742090929495765,0.47976009092976646
