,AUROC,AUPRC,accuracy,f1,recall,mcc,gmean
0,0.8898851674641148,0.9753482830096348,0.8932735426008969,0.9395017793594306,0.9726315789473684,0.5129186467984814,0.6514760568367642
1,0.8785086155674391,0.9652456293626873,0.8789237668161435,0.9311575726670066,0.9764705882352941,0.47338704351073224,0.6028797992034414
2,0.8878037564139801,0.9722564499609241,0.8878923766816144,0.9363867684478372,0.979765708200213,0.5078428322317698,0.6242431762015309
3,0.8928804821376707,0.971171023926108,0.8878923766816144,0.9361267245784364,0.9755058572949947,0.5122490141222411,0.6404341276175198
4,0.8748071328457179,0.9617267297761534,0.884304932735426,0.9340153452685422,0.9785637727759914,0.507466637660747,0.6264988858055894
