,AUROC,AUPRC,accuracy,f1,recall,mcc,gmean
0,0.8269954066036074,0.9859831037916045,0.9543828264758497,0.9764434180138568,0.9981114258734656,0.36365323987505727,0.4113045442420333
1,0.878948252688172,0.9911035604778198,0.9499105545617174,0.9740018570102136,0.9933712121212122,0.35059983123141975,0.4563852673114721
2,0.849229308203667,0.984270731642543,0.947227191413238,0.9725453699395068,0.9924026590693258,0.35008474998211186,0.46232917389054773
3,0.8045970161114092,0.9860490988305499,0.9579606440071556,0.9784502521779,0.996265172735761,0.1937357644309745,0.291184692831223
4,0.8125420762084288,0.9828440490229874,0.9525514771709938,0.9755196304849885,0.9952874646559849,0.28107966642705645,0.37707283583186363
