,AUROC,AUPRC,accuracy,f1,recall,mcc,gmean
0,0.7821564497653621,0.7702425642470636,0.7263157894736842,0.7011494252873564,0.6559139784946236,0.45459212480103584,0.7215774268425543
1,0.8044466182916864,0.7946485670600831,0.7557117750439367,0.7392120075046904,0.7269372693726938,0.5098402279048171,0.7539079033438285
2,0.8225611560465574,0.7754059994722602,0.7543859649122807,0.7435897435897436,0.7408759124087592,0.5079181278262122,0.7537716697543659
3,0.7681468566058267,0.7654457093045292,0.6906854130052724,0.6823104693140795,0.6450511945392492,0.3853269042707017,0.6904903836237232
4,0.7830758774097876,0.7164719749224115,0.7152899824253075,0.7011070110701108,0.6785714285714286,0.4307319016660391,0.7138035940889175
