,AUROC,AUPRC,accuracy,f1,recall,mcc,gmean
0,0.9799737777025884,0.9882480723742276,0.9433106575963719,0.949290060851927,0.9105058365758755,0.8894253391846476,0.9490042328695898
1,0.9839962039513415,0.9909414893636758,0.9433106575963719,0.952561669829222,0.9365671641791045,0.8829846284649513,0.9451231136416083
2,0.9859875444839856,0.9931025691780152,0.9433106575963719,0.9541284403669725,0.9252669039145908,0.8830714403129762,0.9498079970797919
3,0.9741970933883556,0.9880799832277334,0.9229024943310657,0.9384057971014492,0.9119718309859155,0.8381182840979986,0.9271964144630265
4,0.9859560715272905,0.9908201158524156,0.9522727272727273,0.9585798816568047,0.9455252918287937,0.9027837464430711,0.95360246314443
