,AUROC,AUPRC,accuracy,f1,recall,mcc,gmean
0,0.9677029836145757,0.9168643363648373,0.9170779861796644,0.8189655172413793,0.7279693486590039,0.7764509604020667,0.8458042162066413
1,0.9748447360512872,0.9499691837056976,0.9230009871668312,0.8368200836820083,0.746268656716418,0.7974266378489276,0.8580510636128856
2,0.963842124953236,0.9307481266465035,0.930898321816387,0.8423423423423423,0.7695473251028807,0.8044956682257343,0.8692269873603532
3,0.9771874341134303,0.9528104121502777,0.9368213228035538,0.8558558558558559,0.7661290322580645,0.8253734063313439,0.8718487122793147
4,0.9670877659574467,0.9306374744610523,0.9268774703557312,0.8412017167381974,0.7538461538461538,0.8036146430909493,0.862450928417372
