,AUROC,AUPRC,accuracy,f1,recall,mcc,gmean
0,0.887052366964705,0.8491832707544857,0.8092991913746631,0.7814671814671814,0.7725190839694657,0.6124795365056069,0.8047662326504819
1,0.881847200476327,0.8343074683648789,0.807277628032345,0.7782945736434108,0.7583081570996979,0.6087240106985574,0.8012934171188432
2,0.8801449679397826,0.8283605865642519,0.799055967633176,0.7657232704402516,0.7693522906793049,0.5898352451606661,0.7948421218701269
3,0.8881146619649489,0.8494993357833802,0.8113207547169812,0.7767145135566188,0.7717908082408875,0.6134028938301583,0.8054430960044239
4,0.8900041057736053,0.8600618753515432,0.8078219824679703,0.7688564476885644,0.7337461300309598,0.6070777543185205,0.7966718391445999
