,AUROC,AUPRC,accuracy,f1,recall,mcc,gmean
0,0.7006520778072503,0.8718545086242743,0.7516129032258064,0.8566108007448789,0.9913793103448276,0.10279394750134828,0.1952689772462617
1,0.7525118984664199,0.911695649061969,0.8025889967637541,0.8904847396768402,1.0,0.0,0.0
2,0.7727976190476191,0.8999372198472357,0.7741935483870968,0.8727272727272727,1.0,0.0,0.0
3,0.7786013150029887,0.9192056834462823,0.7734627831715211,0.8722627737226277,1.0,0.0,0.0
4,0.69163179916318,0.8738376097462413,0.7734627831715211,0.8722627737226277,1.0,0.0,0.0
