,AUROC,AUPRC,accuracy,f1,recall,mcc,gmean
0,0.7178328540782326,0.5408849967810234,0.6709677419354839,0.3855421686746988,0.29357798165137616,0.20855164506239598,0.5070141095833802
1,0.6952454666076957,0.5834568083591409,0.6537216828478964,0.44559585492227977,0.36134453781512604,0.22598253272504318,0.54989846676505
2,0.7325657894736843,0.6127984323729202,0.6806451612903226,0.4530386740331492,0.3416666666666667,0.2896388074312709,0.5529030243957478
3,0.7025937227550131,0.6099597843704122,0.6601941747572816,0.38596491228070173,0.2661290322580645,0.25994757078551245,0.495973323803833
4,0.760365166102871,0.6374552958644935,0.6407766990291263,0.3583815028901734,0.24603174603174602,0.21702740035787116,0.47383623088689786
