,AUROC,AUPRC,accuracy,f1,recall,mcc,gmean
0,0.7460021321961621,0.3670650586116972,0.864516129032258,0.0,0.0,0.0,0.0
1,0.7223519714246462,0.3829335661338421,0.8122977346278317,0.0,0.0,0.0,0.0
2,0.6882050117344234,0.3686385388663014,0.8354838709677419,0.0,0.0,0.0,0.0
3,0.7175381263616558,0.34603313245259526,0.8252427184466019,0.0,0.0,0.0,0.0
4,0.6992375326281083,0.35352650335409297,0.8155339805825242,0.03389830508474576,0.017241379310344827,0.11853524609940265,0.13130643285972254
