,AUROC,AUPRC,accuracy,f1,recall,mcc,gmean
0,0.7278541666666667,0.7446123412155016,0.6548387096774193,0.6603174603174603,0.65,0.30983866769659335,0.6549809157525126
1,0.7072865387879816,0.7428686648022502,0.6407766990291263,0.6855524079320113,0.7034883720930233,0.26779186243413555,0.628801458988452
2,0.7333569996658869,0.7371544583773599,0.6806451612903226,0.7096774193548387,0.7378048780487805,0.35726252434801425,0.6743969351905847
3,0.7127856962132075,0.7363880431438826,0.6472491909385113,0.6625386996904025,0.6407185628742516,0.2946928132727578,0.6477851014472934
4,0.7417793744716822,0.7620393756579127,0.6601941747572816,0.6920821114369502,0.6982248520710059,0.3131465050839742,0.654911865815909
