,AUROC,AUPRC,accuracy,f1,recall,mcc,gmean
0,0.9633084577114428,0.9978112725501975,0.950530035335689,0.9745454545454545,1.0,0.25170811269260246,0.2581988897471611
1,0.8996855345911949,0.9891419917177918,0.9363957597173145,0.967032967032967,0.9962264150943396,0.15085843774667276,0.23525711880766867
2,0.9130094043887147,0.9912984192140943,0.9222614840989399,0.9595588235294118,1.0,0.0,0.0
3,0.9338403041825095,0.9942834144171276,0.9328621908127208,0.9651376146788991,1.0,0.21594259809902924,0.22360679774997896
4,0.8441542288557213,0.9877467533561675,0.9540636042402827,0.97632058287796,1.0,0.35660186105408376,0.3651483716701107
