,AUROC,AUPRC,accuracy,f1,recall,mcc,gmean
0,0.8694458736193613,0.9446513846867722,0.8201219512195121,0.8830138797091871,0.9194769442532691,0.5040268417331819,0.704513314767215
1,0.8638770270624295,0.9392563185138989,0.8144382308083375,0.8793388429752066,0.926829268292683,0.49441675682245695,0.6883804150459362
2,0.8729063672441114,0.949099874865085,0.8281647178444331,0.8888888888888888,0.9247606019151847,0.52005506394372,0.7122112918360843
3,0.8780277099280294,0.9495881843785995,0.8327402135231317,0.8901502504173623,0.9092769440654843,0.542531040317976,0.7440106398537015
4,0.8728516362594576,0.9473687695190971,0.8195221148957804,0.8802698145025295,0.9125874125874126,0.5211436333887954,0.7223027727098327
