,AUROC,AUPRC,accuracy,f1,recall,mcc,gmean
0,0.8780421401515152,0.9348292209045143,0.8134162594402488,0.8678414096916299,0.8977864583333334,0.5553820236349433,0.7533602850656643
1,0.8851849902782472,0.9441548843438705,0.8191914704575745,0.8740328071804395,0.9086229086229086,0.560531919482264,0.7504423339555665
2,0.8796392502021305,0.9297389291409421,0.816,0.8679846938775511,0.9097593582887701,0.573117231261731,0.7570497105038478
3,0.8874389197489048,0.9383028922598052,0.8223011994669036,0.8740554156171285,0.9101639344262296,0.5792410327591366,0.7618719710881057
4,0.8871677432895687,0.9433684457388845,0.824,0.8777777777777778,0.9086261980830671,0.5689550615618444,0.756988383341317
