,AUROC,AUPRC,accuracy,f1,recall,mcc,gmean
0,0.8634308537599091,0.8936900508688961,0.7895486935866983,0.8139437211255774,0.8054862842892768,0.571963341336157,0.7866697009656411
1,0.8572251404130542,0.8873953114237351,0.7828978622327791,0.8085462924172602,0.8102434928631402,0.5578696768081556,0.7781172260870446
2,0.8704685791000442,0.898647480793315,0.7942992874109264,0.816135881104034,0.8199658703071673,0.5827570018059296,0.7904817841075046
3,0.8634264147448366,0.8989594100303658,0.7885985748218527,0.8167970358172087,0.8131147540983606,0.5669820046999513,0.7834161435283993
4,0.8566834446766393,0.8834374618822085,0.7809976247030879,0.8025695931477516,0.7880571909167368,0.5573663349835063,0.7799034440699678
