,AUROC,AUPRC,accuracy,f1,recall,mcc,gmean
0,0.5,0.1,0.9,0.0,0.0,0.0,0.0
1,0.5,0.1724137931034483,0.8275862068965517,0.0,0.0,0.0,0.0
2,0.29629629629629634,0.05829228243021346,0.9310344827586207,0.0,0.0,0.0,0.0
3,0.7371794871794871,0.22495894909688013,0.896551724137931,0.0,0.0,0.0,0.0
4,0.6300000000000001,0.1939655172413793,0.8620689655172413,0.0,0.0,0.0,0.0
