,AUROC,AUPRC,accuracy,f1,recall,mcc,gmean
0,0.8161296097386321,0.9859932161661629,0.964824120603015,0.981831664812755,0.9954887218045113,0.48050596854607874,0.5621638245673816
1,0.8621392190152802,0.9891115514934063,0.9777298850574713,0.9884801189149015,1.0,0.6990073785085569,0.7071067811865476
2,0.7547555433764928,0.9775623941454801,0.9655419956927495,0.9821295606850335,0.9939713639788997,0.5340600183714129,0.6257511300181251
3,0.8393010907003444,0.9871552386267601,0.9798850574712644,0.9896602658788775,1.0,0.6723776973407443,0.6793662204867574
4,0.799953471540092,0.9852826208427352,0.9712643678160919,0.9851961509992598,0.9977511244377811,0.5523681766661075,0.6010446884124772
