,AUROC,AUPRC,accuracy,f1,recall,mcc,gmean
0,0.8255074671346733,0.9918970147853139,0.9661515820456218,0.9827844311377245,1.0,0.0,0.0
1,0.7439376643143767,0.9855729092032822,0.96759941089838,0.9835329341317365,1.0,0.0,0.0
2,0.7156112636332268,0.9816186039933666,0.9624447717231223,0.9808630393996247,1.0,0.0,0.0
3,0.794887086513995,0.9889321050950597,0.9646539027982327,0.9820089955022488,1.0,0.0,0.0
4,0.7677582592351623,0.9824548368213747,0.9609720176730486,0.9800976342470897,1.0,0.0,0.0
