,AUROC,AUPRC,accuracy,f1,recall,mcc,gmean
0,0.7280895997657523,0.9277845721205833,0.8739495798319328,0.9321266968325792,0.9990300678952473,0.22015456128630329,0.2506632796040127
1,0.742018724082357,0.9385375985272275,0.873109243697479,0.9316432775011317,1.0,0.23273073748007092,0.24922239313961342
2,0.7241447511133229,0.9286111749896424,0.8830950378469302,0.9372460496613996,1.0,0.2647357513319192,0.28190459144096375
3,0.6932299959128647,0.917168356873264,0.873109243697479,0.9312072892938497,0.991270611057226,0.22852141494316194,0.32555323389648294
4,0.6833333333333333,0.9284072841886437,0.8915054667788057,0.941970310391363,0.9971428571428571,0.252840863845348,0.3053816711207898
