,AUROC,AUPRC,accuracy,f1,recall,mcc,gmean
0,0.8219003329473075,0.9888119581076554,0.98,0.9897151898734177,0.9960191082802548,0.6461802299392543,0.7215582804289531
1,0.8335503800841939,0.988066736305284,0.9730561970746728,0.9860834990059643,0.9951845906902087,0.5900622874616213,0.6713044212374328
2,0.8322358275245204,0.988223860407822,0.9699769053117783,0.9845299484331614,0.9951884522854851,0.5144858858061206,0.6030145519583608
3,0.7997227027577083,0.9924248485308033,0.9807544264819091,0.9902229174814235,0.998422712933754,0.44789865751299174,0.507599718582945
4,0.8440698844512301,0.9896764656993323,0.9815242494226328,0.9905138339920949,1.0,0.6850346061057248,0.6915640748081247
