,AUROC,AUPRC,accuracy,f1,recall,mcc,gmean
0,0.863456901748041,0.9761101361364908,0.8988853503184714,0.9452822059457131,0.9918625678119349,0.3744654959325723,0.4599971171647486
1,0.8780269058295964,0.9808143391455137,0.8996815286624203,0.945829750644884,0.9865470852017937,0.33853562747337895,0.45815241475879814
2,0.8796888753470106,0.9745539420437015,0.8877388535031847,0.9389346037245561,0.9908592321755028,0.34369689235470385,0.43544100107396855
3,0.8857675996607295,0.9837836001550158,0.9068471337579618,0.9501915708812261,0.992,0.32504913103128574,0.41733432512950297
4,0.8543705443459899,0.973620504342589,0.8884462151394422,0.9391833188531712,0.9809437386569873,0.32472482499563265,0.4668913122765624
