,AUROC,AUPRC,accuracy,f1,recall,mcc,gmean
0,0.871342902711324,0.9700115607195239,0.8896860986547085,0.9387144992526159,0.991578947368421,0.4710843355865303,0.5481591638379509
1,0.8653000594177065,0.9623427983011525,0.8771300448430494,0.9309823677581864,0.9882352941176471,0.45262432356264615,0.544491127783818
2,0.8778288072417466,0.9708417935276252,0.8771300448430494,0.9311903566047213,0.987220447284345,0.43740128347848717,0.5348547105794118
3,0.8448512682737921,0.9572332061651154,0.8672645739910314,0.9253279515640767,0.9765708200212992,0.38668560001432517,0.5267208862875152
4,0.8636414496543116,0.9648729515086397,0.8690582959641255,0.9264853977844915,0.9860664523043944,0.41173005834593307,0.5152469596868745
