,AUROC,AUPRC,accuracy,f1,recall,mcc,gmean
0,0.7708985494466734,0.9814689133476475,0.943076923076923,0.9707046714172605,1.0,0.0,0.0
1,0.7898411885245902,0.977009583977042,0.9384615384615385,0.9682539682539683,1.0,0.0,0.0
2,0.7486987704918033,0.9776736744587378,0.9384615384615385,0.9682539682539683,1.0,0.0,0.0
3,0.7738445672634067,0.9788440919853383,0.936923076923077,0.9674344718030182,1.0,0.0,0.0
4,0.7901141411779711,0.9817797171232117,0.9407236335642802,0.9694565648552161,1.0,0.0,0.0
