,AUROC,AUPRC,accuracy,f1,recall,mcc,gmean
0,0.6897568409196316,0.9628841094139159,0.937046004842615,0.9675,1.0,0.0,0.0
1,0.814228159457167,0.9850607389429666,0.9515738498789347,0.9751861042183623,1.0,0.0,0.0
2,0.7470365609825764,0.9771506453284977,0.9418886198547215,0.970074812967581,1.0,0.0,0.0
3,0.7295922265804083,0.9751606615994008,0.9459241323648103,0.972210700953961,1.0,0.0,0.0
4,0.7493503459955035,0.9779167089002339,0.9531880548829701,0.9760330578512396,1.0,0.0,0.0
