,AUROC,AUPRC,accuracy,f1,recall,mcc,gmean
0,0.7481744197482297,0.9777004048661035,0.9565543071161049,0.9776751347190146,0.999213217938631,0.30058341428979785,0.3305887864281512
1,0.8033452610763219,0.9820485791593336,0.952808988764045,0.9757599076567911,1.0,0.23848616688106655,0.24433888871261045
2,0.7727619624470018,0.9774425140240994,0.9573033707865168,0.9780346820809248,0.9992125984251968,0.34363940794920333,0.37195767720011397
3,0.8037306115172045,0.9830295567705418,0.952808988764045,0.975685063681976,1.0,0.32760754455427743,0.33567254331867563
4,0.7322511686605798,0.9740358201053898,0.9602698650674663,0.9796075413620623,1.0,0.3548317848354494,0.3621429841700741
