,AUROC,AUPRC,accuracy,f1,recall,mcc,gmean
0,0.7529985007496252,0.9354500400112178,0.8433303491495077,0.9150072850898494,0.9989395546129375,-0.012858392561793866,0.0
1,0.7483620402835718,0.9382058670436901,0.8531781557743957,0.9207729468599034,1.0,0.0,0.0
2,0.742834884006657,0.9201777085075916,0.8290062667860341,0.9062346588119784,1.0,0.11319259526682551,0.12435400084345175
3,0.7888173170549022,0.9526436838865712,0.8522829006266786,0.9199417758369723,1.0,0.1419852498017401,0.15384615384615385
4,0.7854220499569338,0.945484352046748,0.846911369740376,0.9170305676855895,1.0,0.07016484715613733,0.07624928516630233
