,AUROC,AUPRC,accuracy,f1,recall,mcc,gmean
0,0.8229301707719147,0.9878360995572294,0.947227191413238,0.9728984841525035,1.0,0.0,0.0
1,0.8051686217008798,0.9847401136985054,0.945438282647585,0.9719282098481362,1.0,0.12348366980902432,0.1270001270001905
2,0.8247351888377529,0.9817981669967839,0.9445438282647585,0.9714022140221402,1.0,0.20877606171730595,0.21483446221182986
3,0.7972962234539206,0.9884469606515605,0.9588550983899821,0.9789569990850869,0.9990662931839402,0.16145158088965583,0.20618792225642846
4,0.7686734213006596,0.9824798660578627,0.9498657117278424,0.9742647058823529,0.9990574929311969,0.0873095851694308,0.1335676322084485
