,AUROC,AUPRC,accuracy,f1,recall,mcc,gmean
0,0.7442264346155267,0.7729149567108807,0.7087719298245614,0.683206106870229,0.6415770609318996,0.4188266282889886,0.7043186337403995
1,0.7538262463161545,0.7503028730829095,0.6854130052724078,0.6455445544554456,0.6014760147601476,0.36866624246995033,0.6768835399680728
2,0.7705353620043401,0.775264963106206,0.7035087719298245,0.686456400742115,0.6751824817518248,0.405610468110806,0.7019264419631215
3,0.7396374338428056,0.7644209283549426,0.6572934973637962,0.6285714285714286,0.5631399317406144,0.32583921959454076,0.6530204230715214
4,0.7590274345032129,0.7606452922719408,0.6994727592267135,0.6779661016949152,0.6428571428571429,0.3999148348951909,0.6963644025344438
