,AUROC,AUPRC,accuracy,f1,recall,mcc,gmean
0,0.9674660674981658,0.925090073705576,0.9318854886475815,0.8606060606060606,0.8160919540229885,0.8178439499323402,0.8906751103042184
1,0.9772262846839628,0.9530595853717818,0.945705824284304,0.8923679060665362,0.8507462686567164,0.8580157427837559,0.913026368268497
2,0.9640799529688417,0.9298646319538282,0.9378084896347483,0.8639308855291576,0.823045267489712,0.825463178264461,0.8953588489170893
3,0.9780782205355261,0.9525144923525812,0.9378084896347483,0.8679245283018868,0.8346774193548387,0.8284614688861447,0.9003741579412555
4,0.9635817307692308,0.9199710067587614,0.9179841897233202,0.8309572301425662,0.7846153846153846,0.7794322587482103,0.8697380947841836
