,AUROC,AUPRC,accuracy,f1,recall,mcc,gmean
0,0.8631948728809657,0.8262726149874234,0.7890835579514824,0.7489975942261428,0.7129770992366412,0.5700856189075948,0.7781204953363453
1,0.8469000154365228,0.8098662973073473,0.77088948787062,0.724025974025974,0.6737160120845922,0.5343717323963271,0.7563629328397982
2,0.845563609329988,0.806294397611308,0.7795010114632501,0.7334963325183375,0.7109004739336493,0.5465836296775985,0.7684175753548989
3,0.8546214256386055,0.8211288450871335,0.7836927223719676,0.741337630942788,0.7290015847860539,0.5557926105560355,0.7751172161893032
4,0.8558253899560201,0.819460566398095,0.7761294672960216,0.7318255250403877,0.7012383900928792,0.5418390590491615,0.7647118574679006
