,AUROC,AUPRC,accuracy,f1,recall,mcc,gmean
0,0.8467462347257743,0.8299077388008919,0.7686567164179104,0.6555555555555556,0.5130434782608696,0.5471551214474097,0.7020855547383154
1,0.7909281437125749,0.7148436443284865,0.7340823970037453,0.6120218579234973,0.56,0.4165297707274845,0.685172297925355
2,0.7826500297088532,0.6541778032603378,0.704119850187266,0.582010582010582,0.5392156862745098,0.3579422292941863,0.6592727226844873
3,0.8228191367892214,0.748697683129799,0.6966292134831461,0.5524861878453039,0.43103448275862066,0.3831124814145282,0.62307021095748
4,0.7891370869033048,0.6965935594508985,0.7378277153558053,0.5977011494252874,0.5473684210526316,0.40948133053250324,0.6792969221522592
