,AUROC,AUPRC,accuracy,f1,recall,mcc,gmean
0,0.7056566650270536,0.7334325146475231,0.6336633663366337,0.6407766990291263,0.616822429906542,0.26903087932191033,0.6344744253002315
1,0.6662087912087913,0.6431624872652637,0.6188118811881188,0.641860465116279,0.6634615384615384,0.2359458010964307,0.6157279262148819
2,0.7127555031446541,0.6330271554444931,0.6336633663366337,0.63,0.65625,0.2692459589572296,0.6343638174030646
3,0.612146781789639,0.6623452630633905,0.5792079207920792,0.5933014354066986,0.5961538461538461,0.15743240856292157,0.5784255683729469
4,0.716883116883117,0.6476220110037066,0.6417910447761194,0.64,0.7032967032967034,0.293941629724149,0.6446583712203042
