,AUROC,AUPRC,accuracy,f1,recall,mcc,gmean
0,0.7840959328028295,0.9085802199047346,0.7838709677419354,0.872865275142315,0.9913793103448276,0.3196083387939653,0.40648479068406884
1,0.8282654680063458,0.9494786743910312,0.8220064724919094,0.8990825688073395,0.9879032258064516,0.2790502094332699,0.38178032118428373
2,0.7979761904761904,0.907107829410199,0.8193548387096774,0.8943396226415095,0.9875,0.3920507846363659,0.4897156609415596
3,0.8080095636580993,0.932523498433328,0.8025889967637541,0.8864059590316573,0.99581589958159,0.3132820700539451,0.3771729235058389
4,0.8306037059175135,0.94121029836968,0.8025889967637541,0.8864059590316573,0.99581589958159,0.3132820700539451,0.3771729235058389
