,AUROC,AUPRC,accuracy,f1,recall,mcc,gmean
0,0.7519166666666667,0.7289168039993633,0.6967741935483871,0.7202380952380952,0.75625,0.39300425905684017,0.6920681565664853
1,0.7403878798166695,0.770759912859632,0.6666666666666666,0.7048710601719198,0.7151162790697675,0.3223264867727383,0.65821396895347
2,0.766935349148012,0.7745190272989039,0.6870967741935484,0.7220630372492837,0.7682926829268293,0.37057597703289563,0.6766226737007764
3,0.7819220713502572,0.7906945306254575,0.6990291262135923,0.7240356083086054,0.7305389221556886,0.3932077834835498,0.6954108051402986
4,0.773330515638208,0.767594293881565,0.7443365695792881,0.7811634349030471,0.834319526627219,0.4823840343722506,0.7282779976954566
