,AUROC,AUPRC,accuracy,f1,recall,mcc,gmean
0,0.683546552949538,0.3388492387582993,0.867741935483871,0.046511627906976744,0.023809523809523808,0.14370223147168934,0.1543033499620919
1,0.7641159499931309,0.4564252023414544,0.8187702265372169,0.0967741935483871,0.05172413793103448,0.16491267326281694,0.2269759142912768
2,0.8176243470361118,0.4854078649861604,0.8419354838709677,0.14035087719298245,0.0784313725490196,0.1902827806043771,0.27897262389802413
3,0.708968772694263,0.3764776182618951,0.8284789644012945,0.07017543859649122,0.037037037037037035,0.1282556576521846,0.19207236593153856
4,0.773114438796538,0.41921796508747383,0.8155339805825242,0.09523809523809523,0.05172413793103448,0.13541500211074722,0.2265215076006859
