,AUROC,AUPRC,accuracy,f1,recall,mcc,gmean
0,0.7550321785567575,0.5865239401810413,0.7096774193548387,0.4642857142857143,0.3577981651376147,0.3141706059667964,0.5676234294505779
1,0.7193719593100398,0.5823652738774064,0.6472491909385113,0.41711229946524064,0.3277310924369748,0.20567061321784744,0.5269810037640573
2,0.7706140350877193,0.6700713215154759,0.7129032258064516,0.5435897435897435,0.44166666666666665,0.3706438747923873,0.6249210476447994
3,0.67384481255449,0.5681700092296981,0.6504854368932039,0.4,0.2903225806451613,0.2318597167103021,0.5088578934344532
4,0.7835458409228901,0.6760730676472295,0.6763754045307443,0.46236559139784944,0.3412698412698413,0.30856102387665085,0.5563876152644283
