,AUROC,AUPRC,accuracy,f1,recall,mcc,gmean
0,0.9165555838034315,0.9472985181359319,0.8435725348477027,0.8810365135453475,0.9174161896974653,0.6581453256416377,0.8110900514762739
1,0.8988081089340894,0.9315549723169222,0.821889519876097,0.8665377176015474,0.9317803660565723,0.6163245496803096,0.7735423709784194
2,0.9065915772690407,0.9391895630446586,0.8342798141455859,0.8777142857142857,0.9343065693430657,0.6347397487384869,0.7847247709598122
3,0.9045417942065986,0.9385758668890977,0.8322147651006712,0.8745658047086067,0.9279279279279279,0.633257531790816,0.7878950436631005
4,0.8991410531084102,0.9351585137160218,0.8280846670108415,0.8712794742945497,0.9103392568659128,0.6191137926235036,0.7881742412142436
