,AUROC,AUPRC,accuracy,f1,recall,mcc,gmean
0,0.831971441885235,0.9603595234389009,0.8714083843617523,0.9304458598726114,0.9994526546250684,0.2585950622953781,0.28466946047364633
1,0.8501320500724401,0.9685763677590434,0.8813000471031559,0.9361702127659575,0.9994591671173607,0.2644855639558146,0.2896484204320067
2,0.8213736154912625,0.9602079620481905,0.8722902921771913,0.9312357269728495,0.9994553376906318,0.2122139140292568,0.23646053650736315
3,0.8084507988938393,0.9557488470695066,0.8756476683937824,0.9330289193302892,0.9994565217391305,0.24086126283525056,0.2657686394859525
4,0.82590121229493,0.9646991427059999,0.8854853911404336,0.9388986673371889,0.9994646680942184,0.1943093460977512,0.21729887992589766
