,AUROC,AUPRC,accuracy,f1,recall,mcc,gmean
0,0.8626918528120595,0.9408632334335829,0.7987804878048781,0.8774752475247525,0.9759119064005506,0.41016358936483427,0.5402092970621643
1,0.8556056954232271,0.9345137562973642,0.7986781901372648,0.8753148614609572,0.9686411149825784,0.4302285431297013,0.5740700911658265
2,0.8582011621134753,0.9388193720255045,0.8027452974072191,0.87875,0.9616963064295485,0.41441616498976536,0.5739794404368348
3,0.8744829576862646,0.9452349783635113,0.813421453990849,0.8852048795746011,0.9652114597544338,0.44847919009834286,0.5970053678909089
4,0.8627749345626441,0.9383872696750717,0.7890188103711235,0.8690438624171662,0.9629370629370629,0.4019459218809786,0.5601841709888071
