,AUROC,AUPRC,accuracy,f1,recall,mcc,gmean
0,0.8675193946678321,0.9310757969552741,0.7952021323856064,0.8624291256341391,0.9407552083333334,0.49864023497956483,0.6737438940652523
1,0.8697626710539194,0.9319006643921874,0.8094180364282542,0.8720548762302416,0.9407979407979408,0.5277833211957782,0.6970806707485279
2,0.8625224293961615,0.921064685356032,0.7733333333333333,0.8464780252859723,0.9398395721925134,0.46206372667039947,0.6452298103052105
3,0.8693388429752067,0.9309192303150684,0.7929808973789427,0.8599759615384616,0.9383606557377049,0.4986998288953044,0.6764227655515458
4,0.8681831114013199,0.9341580818898167,0.8017777777777778,0.8684365781710914,0.9405750798722045,0.49993946395599986,0.6751814317049033
