,AUROC,AUPRC,accuracy,f1,recall,mcc,gmean
0,0.5308641975308642,0.20505050505050504,0.9,0.0,0.0,0.0,0.0
1,0.48333333333333334,0.23177106227106226,0.8275862068965517,0.0,0.0,0.0,0.0
2,0.462962962962963,0.09545454545454546,0.9310344827586207,0.0,0.0,0.0,0.0
3,0.5384615384615384,0.17261904761904762,0.896551724137931,0.0,0.0,0.0,0.0
4,0.51,0.18429487179487178,0.8620689655172413,0.0,0.0,0.0,0.0
