,AUROC,AUPRC,accuracy,f1,recall,mcc,gmean
0,0.8764023595830921,0.9940132502827004,0.9723076923076923,0.985837922895358,0.9976114649681529,0.4338178377920761,0.4994025092468381
1,0.8455889033586722,0.9818839656774196,0.9722863741339491,0.9857369255150554,0.9983948635634029,0.5598229510517746,0.5982600937451974
2,0.8439716858922954,0.9853941923293079,0.9692070823710547,0.9841646872525732,0.9967923015236567,0.48478589312397435,0.553809826154918
3,0.8076218581459245,0.9916141014868933,0.9799846035411856,0.98984375,0.999211356466877,0.4018616256141974,0.43976783239903294
4,0.8760279676602242,0.9899934649936173,0.9761354888375674,0.9877808435159637,1.0,0.5641047248457105,0.5710402407201608
