,AUROC,AUPRC,accuracy,f1,recall,mcc,gmean
0,0.755872969395287,0.9400125632536657,0.8815126050420168,0.9358215748748293,0.997090203685742,0.31262241802199603,0.3628927651212712
1,0.7326053757794155,0.9307339542980018,0.8789915966386554,0.9346049046321526,1.0,0.30434782608695654,0.32494624495722557
2,0.7231207492758616,0.9262121742465497,0.8805719091673675,0.9359205776173285,0.9990366088631984,0.2269744855404083,0.25721851571256954
3,0.7117471588309573,0.922520746190293,0.8764705882352941,0.9333937471681015,0.9990300678952473,0.2549315570723201,0.28580011137924927
4,0.7381706063720452,0.9420472712842053,0.8940285954583683,0.9432943294329433,0.9980952380952381,0.2869169070705044,0.3281891515862622
