,AUROC,AUPRC,accuracy,f1,recall,mcc,gmean
0,0.8705390749601275,0.9694205108165872,0.8789237668161435,0.9336609336609336,1.0,0.39899328699441905,0.4264014327112209
1,0.8670469399881164,0.9639775835911533,0.8565022421524664,0.9209486166007905,0.9967914438502674,0.3037051769047946,0.35688625022980325
2,0.8749757963016749,0.9728016295125512,0.862780269058296,0.9242949035131123,0.9946751863684771,0.33081037096068494,0.39779866722945467
3,0.8875223884209507,0.9746820820097597,0.8654708520179372,0.9256689791873142,0.9946751863684771,0.3523257547640404,0.4185671634591823
4,0.8678226917776757,0.9670079414812293,0.8573991031390135,0.921326076199901,0.9978563772775991,0.32510073618722257,0.370227205499512
