,AUROC,AUPRC,accuracy,f1,recall,mcc,gmean
0,0.818636378688036,0.991382646660617,0.9668874172185431,0.9831523773867465,1.0,0.1449784867004144,0.14744195615489714
1,0.7875847516258475,0.9901245471689859,0.96759941089838,0.9835329341317365,1.0,0.0,0.0
2,0.7382045396582504,0.9855267945912087,0.9624447717231223,0.9808630393996247,1.0,0.0,0.0
3,0.7710400763358779,0.98697194132314,0.9646539027982327,0.9820089955022488,1.0,0.0,0.0
4,0.7693125135545434,0.9845490285527763,0.9609720176730486,0.9800976342470897,1.0,0.0,0.0
