,AUROC,AUPRC,accuracy,f1,recall,mcc,gmean
0,0.7482276552043994,0.9727882033472194,0.937046004842615,0.9675,1.0,0.0,0.0
1,0.7931368391292054,0.9825253720501372,0.9531880548829701,0.9759933774834437,1.0,0.17824256586964027,0.18257418583505536
2,0.7225792630676949,0.9707566079598031,0.9418886198547215,0.970074812967581,1.0,0.0,0.0
3,0.7322729356629821,0.9685098777991759,0.9451170298627926,0.9717842323651452,0.9991467576791809,-0.006795372575876631,0.0
4,0.785168910041169,0.9857256509308397,0.9548022598870056,0.9768403639371381,1.0,0.18144336852872667,0.18569533817705186
