,AUROC,AUPRC,accuracy,f1,recall,mcc,gmean
0,0.8186528815892998,0.9855846709920391,0.9580524344569289,0.9783950617283951,0.997639653815893,0.35551226042424733,0.41408853582248156
1,0.8429481143179999,0.9892516014207035,0.9550561797752809,0.9768875192604006,1.0,0.3158436922068435,0.3232299675777271
2,0.7656511205330102,0.9817767134643753,0.9558052434456928,0.9772464327034324,0.9976377952755906,0.31034445692424284,0.3716644507633675
3,0.8323899090747013,0.9869048239415287,0.9535580524344569,0.976061776061776,1.0,0.3476112755339474,0.356034497458156
4,0.7655016547976253,0.9810793664056146,0.95952023988006,0.9792147806004619,0.9992144540455616,0.33266026079718247,0.3620007162470157
