,AUROC,AUPRC,accuracy,f1,recall,mcc,gmean
0,0.750590723946261,0.9859306895003609,0.9709208400646203,0.985233798195242,1.0,0.16198909975469544,0.1643989873053573
1,0.806748116008221,0.9934453290217599,0.9765561843168957,0.9881390593047035,1.0,0.0,0.0
2,0.7899377593360996,0.9901325541717843,0.9741309620048505,0.9868959868959869,1.0,0.0,0.0
3,0.6156379668049793,0.9778646905328388,0.9741309620048505,0.9868959868959869,1.0,0.0,0.0
4,0.7986162045865728,0.9922817106652452,0.9725141471301536,0.9860655737704918,1.0,0.0,0.0
