,AUROC,AUPRC,accuracy,f1,recall,mcc,gmean
0,0.8225780637313742,0.9863187108488216,0.9490161001788909,0.9737931034482759,1.0,0.17935144281575985,0.18411492357966466
1,0.8191593352883675,0.9850877179449741,0.945438282647585,0.9719023491478581,0.9990530303030303,0.13852494811191973,0.17952024149535162
2,0.8341515085104829,0.9851052631644032,0.9445438282647585,0.9714022140221402,1.0,0.20877606171730595,0.21483446221182986
3,0.7735959632079782,0.9816385617888148,0.9588550983899821,0.9789762340036563,1.0,0.1428299288623714,0.14586499149789456
4,0.8089908442170459,0.9864440838463598,0.9507609668755596,0.9747358750574184,1.0,0.1302961493427114,0.1336306209562122
