,AUROC,AUPRC,accuracy,f1,recall,mcc,gmean
0,0.8016511617653543,0.981229581787876,0.943076923076923,0.9707046714172605,1.0,0.0,0.0
1,0.8370799180327869,0.985906208612347,0.94,0.9690230341540905,1.0,0.15328955852218387,0.15811388300841897
2,0.8278227459016394,0.9832563776833491,0.9384615384615385,0.9682539682539683,1.0,0.0,0.0
3,0.8236563338539789,0.9837415215929142,0.9361538461538461,0.9669980119284294,0.9983579638752053,0.05346621311405522,0.11034082254736609
4,0.8034571811167555,0.983670772475987,0.9414934565050038,0.9698412698412698,1.0,0.11057396784631203,0.11396057645963795
