,AUROC,AUPRC,accuracy,f1,recall,mcc,gmean
0,0.7680010913510431,0.7271237993993704,0.7012302284710018,0.6768060836501901,0.6666666666666666,0.3993074172664619,0.6984688394243505
1,0.7710593293632163,0.7805443734426742,0.7012302284710018,0.6897810218978102,0.6608391608391608,0.4041489111282964,0.7002680551278866
2,0.787856136796066,0.7853971444802395,0.718804920913884,0.7058823529411765,0.6713286713286714,0.4400200331791066,0.7174708269720149
3,0.7338827250488027,0.7267907368619282,0.6678383128295254,0.64,0.5936395759717314,0.33869410700178926,0.663355504119909
4,0.7251200376200377,0.709320405628109,0.680140597539543,0.6513409961685823,0.6227106227106227,0.35832847609071916,0.6756583504362293
