,AUROC,AUPRC,accuracy,f1,recall,mcc,gmean
0,0.9609062933072471,0.9038934241271658,0.9032576505429417,0.7932489451476793,0.7203065134099617,0.7373780442747149,0.8344819670051025
1,0.960249924872283,0.9264712596164588,0.9170779861796644,0.8264462809917356,0.746268656716418,0.7805540403546668,0.8545416376032686
2,0.9509726898615788,0.8955241023269601,0.926949654491609,0.8348214285714286,0.7695473251028807,0.7930564123363921,0.8669243952695429
3,0.9673018131983977,0.9241349533070804,0.9239881539980257,0.8307692307692308,0.7620967741935484,0.7875787259206873,0.8626500364510479
4,0.965985576923077,0.9261054452169089,0.9209486166007905,0.8333333333333334,0.7692307692307693,0.7866781555746066,0.8653164184803459
