,AUROC,AUPRC,accuracy,f1,recall,mcc,gmean
0,0.9717052952123161,0.9832491464391726,0.9229024943310657,0.9341085271317829,0.9377431906614786,0.8412524117048795,0.9197866294684559
1,0.9776874299025107,0.9864473866867942,0.9138321995464853,0.9306569343065694,0.9514925373134329,0.8183957159147324,0.9022159473963798
2,0.9816725978647686,0.9907974647995436,0.927437641723356,0.9424460431654677,0.9323843416370107,0.8446773994384433,0.9255420648890051
3,0.9773705929846596,0.9885678384761615,0.9251700680272109,0.9413854351687388,0.9330985915492958,0.8382123818999752,0.9218960612329757
4,0.9842763283791542,0.9892989707593114,0.9477272727272728,0.9560229445506692,0.9727626459143969,0.8924467490568023,0.9421848862791263
