,AUROC,AUPRC,accuracy,f1,recall,mcc,gmean
0,0.8332120921923775,0.7786242110382127,0.738544474393531,0.6824877250409165,0.6366412213740458,0.46569444751677036,0.722112726993577
1,0.826068060364155,0.7714378150923163,0.7473045822102425,0.6840775063184499,0.6132930513595166,0.4870886066921029,0.7242287743847836
2,0.819423845367531,0.7758409417497328,0.7572488199595415,0.7058823529411765,0.6824644549763034,0.5004907891485911,0.744851298534006
3,0.8170965530438854,0.7558606826011113,0.7439353099730458,0.6822742474916388,0.6465927099841522,0.47092654054765226,0.7263492729357003
4,0.8332464092975428,0.8007064519512026,0.74645987862441,0.6829679595278246,0.6269349845201239,0.47982281064730364,0.7251320146220144
