,AUROC,AUPRC,accuracy,f1,recall,mcc,gmean
0,0.7977834612105712,0.729718742934756,0.7276119402985075,0.6010928961748634,0.4782608695652174,0.44734439959792605,0.6615318020264451
1,0.8214670658682635,0.7433167411788062,0.7640449438202247,0.631578947368421,0.54,0.48003948321787693,0.6964409092807232
2,0.7728461081402258,0.6898567300406698,0.7303370786516854,0.5813953488372093,0.49019607843137253,0.407631192202621,0.6563370871395601
3,0.8360356245718201,0.799446023018987,0.7153558052434457,0.5913978494623656,0.47413793103448276,0.422410912411008,0.653481550283448
4,0.7988984088127294,0.7051518717264117,0.7490636704119851,0.6081871345029239,0.5473684210526316,0.43269859252632986,0.6862881552733833
