,AUROC,AUPRC,accuracy,f1,recall,mcc,gmean
0,0.6975897688145598,0.69196084014694,0.6188118811881188,0.6350710900473934,0.6261682242990654,0.23638081409305128,0.6182978077316345
1,0.6421703296703296,0.6506637902912521,0.594059405940594,0.6272727272727273,0.6634615384615384,0.18584961202948555,0.5875974818087153
2,0.7280856918238994,0.6378782831288927,0.7029702970297029,0.7115384615384616,0.7708333333333334,0.41430165132534225,0.7032047037285174
3,0.6413363422291993,0.6187403170534402,0.6138613861386139,0.6285714285714286,0.6346153846153846,0.22663007778019179,0.6128529162998806
4,0.7299200799200799,0.6699690054639056,0.6915422885572139,0.7047619047619048,0.8131868131868132,0.4092805254101512,0.6931951244198711
