,AUROC,AUPRC,accuracy,f1,recall,mcc,gmean
0,0.765256287370487,0.6061713914422846,0.6967741935483871,0.5,0.43119266055045874,0.2980180523691578,0.6021171587001419
1,0.77156125608138,0.6432527522699384,0.6957928802588996,0.5523809523809524,0.48739495798319327,0.33491202081327565,0.6346196888620581
2,0.8222587719298246,0.7086744274777563,0.7483870967741936,0.6454545454545455,0.5916666666666667,0.4574640880034907,0.7080675455935027
3,0.7373583260680034,0.6622532048824314,0.6893203883495146,0.5514018691588785,0.47580645161290325,0.33253764614358755,0.629346265487588
4,0.8449128285193859,0.7535755714247093,0.7669902912621359,0.6842105263157895,0.6190476190476191,0.5098664626254129,0.7333901049630868
