,AUROC,AUPRC,accuracy,f1,recall,mcc,gmean
0,0.7833775419982316,0.897617442620358,0.8193548387096774,0.8884462151394422,0.9612068965517241,0.4642388965324562,0.6180761486682755
1,0.8636634056054997,0.9546993057269995,0.8576051779935275,0.9137254901960784,0.9395161290322581,0.5144090973325357,0.702040540245412
2,0.8539880952380952,0.939905017273483,0.8225806451612904,0.8919449901768173,0.9458333333333333,0.4268285127082502,0.6150880695748645
3,0.8652719665271966,0.949205186689323,0.8446601941747572,0.902834008097166,0.9330543933054394,0.5245745691928825,0.7116988422641248
4,0.8506873879258817,0.9277172896530392,0.86084142394822,0.9138276553106213,0.9539748953974896,0.5693415115962713,0.7196332997248828
