,AUROC,AUPRC,accuracy,f1,recall,mcc,gmean
0,0.7371179815209665,0.29417481421354635,0.8516129032258064,0.20689655172413793,0.14285714285714285,0.163264116276505,0.37084586077240445
1,0.7896002198104135,0.48642976887201395,0.8349514563106796,0.3013698630136986,0.1896551724137931,0.31563029199078907,0.43201016102392303
2,0.8510863804981452,0.5023091985854077,0.8451612903225807,0.4,0.3137254901960784,0.33551882661074584,0.5458742079635448
3,0.7411038489469861,0.4116533431252033,0.8317152103559871,0.2571428571428571,0.16666666666666666,0.23859500159093835,0.402605890751705
4,0.7632916609424372,0.5062023160070611,0.8284789644012945,0.3116883116883117,0.20689655172413793,0.2909696920610209,0.4484713239096581
