,AUROC,AUPRC,accuracy,f1,recall,mcc,gmean
0,0.7501041666666666,0.7355301454783199,0.6903225806451613,0.7125748502994012,0.74375,0.37975095965220756,0.686324753062766
1,0.7754413512137158,0.784458181466281,0.7346278317152104,0.770949720670391,0.8023255813953488,0.45868662113303754,0.721954852017578
2,0.8157367190110256,0.818994679565028,0.7225806451612903,0.7514450867052023,0.7926829268292683,0.4425479877046238,0.7143930996554225
3,0.7982415450788565,0.8138047991615464,0.7055016181229773,0.7377521613832853,0.7664670658682635,0.4045052979347321,0.6969856421831534
4,0.807861369399831,0.7950074788946127,0.7734627831715211,0.8066298342541437,0.863905325443787,0.5429886485745116,0.757548655986966
