,AUROC,AUPRC,accuracy,f1,recall,mcc,gmean
0,0.852860696517413,0.9909601431427714,0.9399293286219081,0.9690346083788707,0.9925373134328358,-0.019959059387355434,0.0
1,0.8324947589098534,0.984743303549223,0.9328621908127208,0.9651376146788991,0.9924528301886792,0.11440279891384282,0.2348111333472404
2,0.8092128178335075,0.9703932268276375,0.9257950530035336,0.9613259668508287,1.0,0.20510883085611992,0.21320071635561044
3,0.8757604562737642,0.9870799256662642,0.9293286219081273,0.9632352941176471,0.9961977186311787,0.1413335422165385,0.22318128490435513
4,0.7782338308457711,0.9824759581922768,0.9399293286219081,0.9689213893967094,0.9888059701492538,0.10528336065315055,0.25674967966864193
