,AUROC,AUPRC,accuracy,f1,recall,mcc,gmean
0,0.9031712092156168,0.9549565491474818,0.8567073170731707,0.9061251664447404,0.9366827253957329,0.6106890927823944,0.7688370814249312
1,0.8855872259044824,0.9466005802496016,0.835282155566853,0.8903924221921515,0.9170731707317074,0.5640853682584682,0.7507927224508045
2,0.898351640909645,0.9559472333519176,0.8525673614641586,0.9028150134048257,0.9213406292749658,0.600141028428655,0.7759279435525062
3,0.9096540888209939,0.9633656998879299,0.8703609557702084,0.9148580968280468,0.9345156889495225,0.6463028613396976,0.7987069960319946
4,0.8982100767016967,0.9535214494433859,0.8530757498729029,0.9018008834522596,0.9279720279720279,0.6149426892988901,0.7788141941500871
