,AUROC,AUPRC,accuracy,f1,recall,mcc,gmean
0,0.9499548797442117,0.9640730913485194,0.8967475477542591,0.9188969991889699,0.9264104660670482,0.7770707006758141,0.8852605066149313
1,0.9419731286857506,0.9555856974189226,0.8864223025296851,0.9109311740890689,0.9359400998336106,0.7565983980144997,0.868242841278066
2,0.9453983263289832,0.962465646729147,0.8848735157459989,0.9106928313976772,0.9221411192214112,0.7492736929249165,0.8693612350968609
3,0.9393825008350148,0.9526960538865875,0.8895198760970573,0.9130787977254264,0.9205569205569205,0.761737335818464,0.8775709201263395
4,0.9321983170049067,0.9495142636668599,0.8776458440887971,0.905313623651618,0.9151857835218093,0.7328442964208906,0.8616037374382008
