,AUROC,AUPRC,accuracy,f1,recall,mcc,gmean
0,0.9061125072843823,0.9500497903979377,0.836961350510884,0.8818796266495011,0.8919270833333334,0.6193140607097147,0.800743117127484
1,0.9108696214148152,0.9545751576479776,0.8494002665482008,0.8941617233843272,0.9214929214929215,0.6373472001111131,0.7966182129550944
2,0.9095173335791996,0.9468388641216711,0.8426666666666667,0.8856589147286822,0.9164438502673797,0.6381226690138724,0.7988162839006849
3,0.9182622047599693,0.9551675961784405,0.850733007552199,0.89272030651341,0.9167213114754098,0.6504205615450839,0.8079707244109876
4,0.9168522189314614,0.9579593847639062,0.8528888888888889,0.8974279516578866,0.9252396166134186,0.6418579265753253,0.7976130992497389
