,AUROC,AUPRC,accuracy,f1,recall,mcc,gmean
0,0.8641843814257606,0.9674957850640241,0.9053226566179934,0.9469517022961204,0.9819376026272578,0.542176927085098,0.6516300069832393
1,0.8860638814431158,0.9755845824960894,0.9147432878002826,0.9523307874637872,0.9778258518117902,0.5691577664321401,0.6915249839599452
2,0.8681060225177872,0.9689396294498669,0.9048067860508954,0.9465891062929667,0.9749455337690632,0.5317967255567794,0.6657004287246026
3,0.870989207251498,0.9710924214226629,0.9081488459726802,0.9485623845950937,0.9771739130434782,0.5437899748648584,0.6699839370883216
4,0.8646021261528605,0.9729011480347879,0.9170593779453345,0.9542381695267811,0.9823340471092077,0.5412266648992434,0.6552005139653666
