,AUROC,AUPRC,accuracy,f1,recall,mcc,gmean
0,0.39170506912442393,0.16646305532041236,0.8157894736842105,0.0,0.0,0.0,0.0
1,0.4427083333333333,0.17539682539682538,0.8421052631578947,0.0,0.0,0.0,0.0
2,0.5343137254901961,0.3944911297852474,0.918918918918919,0.0,0.0,0.0,0.0
3,0.5955882352941176,0.15967072854550168,0.8947368421052632,0.0,0.0,0.0,0.0
4,0.4015151515151515,0.10897727272727273,0.8918918918918919,0.0,0.0,0.0,0.0
