,AUROC,AUPRC,accuracy,f1,recall,mcc,gmean
0,0.22222222222222224,0.08444444444444443,0.9,0.0,0.0,0.0,0.0
1,0.6916666666666667,0.2736002886002886,0.7931034482758621,0.0,0.0,-0.08625819491779428,0.0
2,0.18518518518518523,0.06340579710144928,0.9310344827586207,0.0,0.0,0.0,0.0
3,0.2564102564102564,0.0904268145647456,0.896551724137931,0.0,0.0,0.0,0.0
4,0.62,0.430316091954023,0.8620689655172413,0.0,0.0,0.0,0.0
