,AUROC,AUPRC,accuracy,f1,recall,mcc,gmean
0,0.7863910422049958,0.9771026265900444,0.9418886198547215,0.9698744769874477,0.9982773471145564,0.2737326174343839,0.3199803434851547
1,0.8574851569126378,0.9888876972080347,0.9580306698950767,0.9783333333333334,0.9957591178965225,0.3811059016630689,0.4644866078560069
2,0.7562184613919832,0.9740999029760313,0.9426957223567393,0.9703549060542798,0.9957155098543273,0.19715221877627204,0.2880560578912733
3,0.7487392389587898,0.9715538614800963,0.9539951573849879,0.9761406446211804,0.9948805460750854,0.4002010574812075,0.48742529067343243
4,0.7770664836929546,0.9833935376031531,0.9548022598870056,0.9767248545303409,0.9949195596951735,0.26550358192081014,0.3704460609803889
