,AUROC,AUPRC,accuracy,f1,recall,mcc,gmean
0,0.8102279508294545,0.9825517975208606,0.9662598707824839,0.9825473449684367,0.9947368421052631,0.5150723790372439,0.6026258331144144
1,0.807785593014795,0.9786542534510819,0.9705459770114943,0.9847640282422891,0.9962406015037594,0.5810085583674083,0.6463577312600516
2,0.7207417049165353,0.9717505702427154,0.9655419956927495,0.9821561338289962,0.9954785229841748,0.525572075647708,0.6016578680413509
3,0.8047646383467278,0.9874274224066346,0.9748563218390804,0.9870801033591732,0.9977611940298508,0.568826357468367,0.619479059691364
4,0.80386961691568,0.983536310598627,0.9734195402298851,0.9863013698630136,0.9985007496251874,0.5944186616945116,0.6292512962377469
