,AUROC,AUPRC,accuracy,f1,recall,mcc,gmean
0,0.8236904018821722,0.985995575724437,0.9534883720930233,0.9759481961147086,0.996222851746931,0.35497064985910987,0.43097153488951107
1,0.8364338954056696,0.9874130753673974,0.9534883720930233,0.9758364312267658,0.9943181818181818,0.4158826139388765,0.5065552689186129
2,0.8131054131054131,0.9847774618350733,0.9490161001788909,0.9735006973500697,0.9943019943019943,0.37019060604052023,0.4627713826706348
3,0.766781890060989,0.9842205915972793,0.964221824686941,0.9816007359705612,0.996265172735761,0.4017156818829617,0.48287518540802826
4,0.7956021946950316,0.9858558574108913,0.9516562220232766,0.9751152073732718,0.9971724787935909,0.22374178250809526,0.29838441151498185
