,AUROC,AUPRC,accuracy,f1,recall,mcc,gmean
0,0.8694153104279686,0.9718187305968592,0.9171974522292994,0.9545056867891514,0.9864376130198915,0.5346667355552069,0.6333650574206179
1,0.8695544318290239,0.9750189802483668,0.910031847133758,0.9505037231712659,0.9730941704035875,0.4754607906094778,0.6326767512035925
2,0.8973779538221951,0.9796162345573499,0.9132165605095541,0.9517912428129146,0.9835466179159049,0.5510120222075388,0.6565520198473329
3,0.8913044953350299,0.9820609236579723,0.928343949044586,0.9609375,0.984,0.5534535072818062,0.6657143325173974
4,0.8590115417007698,0.9704064740848601,0.8948207171314742,0.941747572815534,0.9682395644283122,0.42171026035071185,0.5953052471691264
