,AUROC,AUPRC,accuracy,f1,recall,mcc,gmean
0,0.8251745672698662,0.9855351190760311,0.9617977528089887,0.9802248933695231,0.994492525570417,0.465912980180774,0.5574754830849113
1,0.8533593860351241,0.9876505990281248,0.9580524344569289,0.9783783783783784,0.999211356466877,0.39646014341853614,0.42304045672242535
2,0.7884433676559661,0.9819284457446226,0.9632958801498127,0.9810003877471888,0.9960629921259843,0.49703064541263736,0.567278561807915
3,0.8335153325013372,0.9845533625205494,0.9573033707865168,0.9778296382730455,0.9944620253164557,0.45450450184150804,0.542343669065372
4,0.7716379277040166,0.9782284436034003,0.9647676161919041,0.9818181818181818,0.9968578161822467,0.4788441023854247,0.5423603649150874
