,AUROC,AUPRC,accuracy,f1,recall,mcc,gmean
0,0.8231676844504578,0.9536896799209702,0.8639212175470009,0.9233870967741935,0.9713679745493107,0.36431716977955464,0.5230163991237675
1,0.799340337317329,0.9508494092803087,0.8675022381378693,0.9256281407035176,0.9664218258132214,0.3556390011235854,0.5318413001363272
2,0.7873110989489674,0.9379752733737972,0.8478066248880931,0.9140546006066734,0.9794149512459371,0.3326709668694127,0.46592576564362087
3,0.8359142885676479,0.9623356657156205,0.8719785138764548,0.9283208020050125,0.9767932489451476,0.3856212145136789,0.5267185226164549
4,0.8112464624092531,0.9540717609016641,0.8630259623992838,0.9229219143576827,0.9693121693121693,0.35386540330931177,0.5201016455160591
