,AUROC,AUPRC,accuracy,f1,recall,mcc,gmean
0,0.740137498551202,0.9252188005118727,0.8848739495798319,0.9371271225332721,0.9903006789524733,0.35321067869994544,0.44643677830335776
1,0.6871744261147228,0.9145699575502992,0.8798319327731092,0.9341923607915325,0.9863945578231292,0.32851700873954076,0.4427793770154468
2,0.719879671809006,0.9295824973331382,0.8864592094196804,0.9381584974805314,0.9865125240847784,0.32664119739173936,0.44271420319683397
3,0.7456581812858006,0.9419991581857451,0.873109243697479,0.930318412551915,0.9776915615906887,0.2822499509761855,0.43659948407267296
4,0.722761219595752,0.9370935741616115,0.896551724137931,0.9438612505705157,0.9847619047619047,0.3509393648725778,0.47613840071541613
