,AUROC,AUPRC,accuracy,f1,recall,mcc,gmean
0,0.7703198709184742,0.7444898002822213,0.7035087719298245,0.6613226452905812,0.5913978494623656,0.4131951124585884,0.6925471995604078
1,0.7889063622179846,0.7589478043397028,0.7293497363796133,0.7038461538461539,0.6752767527675276,0.4568596877359307,0.725064696585844
2,0.7846900276188598,0.7754714537226393,0.7140350877192982,0.6859344894026975,0.6496350364963503,0.42719675371722404,0.7089353060048688
3,0.7691423059801159,0.7569610356512505,0.7082601054481547,0.6879699248120301,0.6245733788395904,0.4269825311306129,0.7055836913165209
4,0.8023665348492338,0.7758127886710275,0.7293497363796133,0.7094339622641509,0.6714285714285714,0.4602350196996649,0.7262128280853548
