,AUROC,AUPRC,accuracy,f1,recall,mcc,gmean
0,0.9756205673758865,0.9501380766505645,0.9387956564659428,0.87890625,0.8620689655172413,0.8382623143861357,0.9122847086199597
1,0.98101773014124,0.9593672697090037,0.9545903257650543,0.914179104477612,0.914179104477612,0.8833066212561355,0.941252423855154
2,0.9695580140024584,0.9369843487296461,0.9447186574531096,0.8857142857142857,0.8930041152263375,0.8493083896239271,0.9263971864705959
3,0.981066835336285,0.955844699291359,0.9545903257650543,0.907258064516129,0.907258064516129,0.8771927050390048,0.9380730380241891
4,0.9715681260229132,0.9333171679911355,0.9387351778656127,0.8821292775665399,0.8923076923076924,0.8408478978831031,0.9230189561722745
