,AUROC,AUPRC,accuracy,f1,recall,mcc,gmean
0,0.9782608695652174,0.9797173344642622,0.9591836734693877,0.9651162790697675,0.9688715953307393,0.915977687612398,0.9571914805132316
1,0.9865412820291606,0.9923764230652015,0.927437641723356,0.9422382671480144,0.9738805970149254,0.8481856365882446,0.912768539496651
2,0.987299822064057,0.9938765498394255,0.9501133786848073,0.9609929078014184,0.9644128113879004,0.8918560667821062,0.944500847291207
3,0.993271732304656,0.9964587561162432,0.9523809523809523,0.9626998223801065,0.954225352112676,0.8971538887831593,0.9516314434876157
4,0.9941740554102613,0.9959035471487209,0.9590909090909091,0.9651162790697675,0.9688715953307393,0.9157077269998687,0.9570411654193365
