,AUROC,AUPRC,accuracy,f1,recall,mcc,gmean
0,0.8961297986169303,0.8620388847513246,0.8335579514824798,0.810727969348659,0.8076335877862595,0.6622205838457101,0.8305132194390731
1,0.9021002859432083,0.8794733774698077,0.8382749326145552,0.8192771084337349,0.8217522658610272,0.672948045747518,0.8365339408465282
2,0.9018734318371898,0.8714126651620968,0.8442346594740391,0.8173913043478261,0.8167456556082149,0.6815896306970776,0.8403837056908189
3,0.9028189869631374,0.8534249926577897,0.8416442048517521,0.8151062155782848,0.820919175911252,0.6766905813363784,0.8387535535265933
4,0.8977079796264857,0.8689472167029539,0.8320971004720162,0.8028503562945368,0.7848297213622291,0.6572973663554761,0.8256427982988314
