,AUROC,AUPRC,accuracy,f1,recall,mcc,gmean
0,0.862176754759875,0.7796687510526971,0.7761194029850746,0.7247706422018348,0.6869565217391305,0.5393699622223843,0.7610510074733031
1,0.8834131736526947,0.8356986379392484,0.8014981273408239,0.7414634146341463,0.76,0.5809797728283662,0.7924796225113984
2,0.8213903743315508,0.7500563928857199,0.7415730337078652,0.6310160427807486,0.5784313725490197,0.4389651343735394,0.6980577417477888
3,0.8773692623886732,0.8449222784383272,0.7902621722846442,0.7281553398058253,0.646551724137931,0.5738082142938008,0.7631020453870493
4,0.8945532435740514,0.7905808070870043,0.8352059925093633,0.7555555555555555,0.7157894736842105,0.6340630300925716,0.8031455905732676
