,AUROC,AUPRC,accuracy,f1,recall,mcc,gmean
0,0.7139695031972454,0.7197569770615242,0.6336633663366337,0.6476190476190476,0.6355140186915887,0.2666735441252233,0.6335434278430395
1,0.6777374411302982,0.6504538081890827,0.6336633663366337,0.6754385964912281,0.7403846153846154,0.2677115602518936,0.6207271524608843
2,0.7753537735849058,0.7045032926382644,0.7128712871287128,0.7128712871287128,0.75,0.42924528301886794,0.7137464271463297
3,0.6913265306122449,0.6788929022422168,0.6287128712871287,0.6606334841628959,0.7019230769230769,0.256065348102791,0.621911521315829
4,0.7238761238761239,0.6720087394411245,0.6169154228855721,0.6384976525821596,0.7472527472527473,0.26124389625867944,0.6167816310653069
