,AUROC,AUPRC,accuracy,f1,recall,mcc,gmean
0,0.6797263681592041,0.282031591226833,0.864516129032258,0.08695652173913043,0.047619047619047616,0.12177431175260117,0.21740211956657596
1,0.7316252232449512,0.4103313994939547,0.8187702265372169,0.17647058823529413,0.10344827586206896,0.19310031236814118,0.3190606490319378
2,0.8267847679612385,0.48246932913209767,0.8387096774193549,0.10714285714285714,0.058823529411764705,0.15039516721522575,0.24159737925609068
3,0.7421931735657226,0.46403099812874926,0.8414239482200647,0.19672131147540983,0.1111111111111111,0.2735690081607491,0.33267909652338623
4,0.7160324220359939,0.4116088123916928,0.8090614886731392,0.16901408450704225,0.10344827586206896,0.14696851160091673,0.3171171143042279
