,AUROC,AUPRC,accuracy,f1,recall,mcc,gmean
0,0.8223364279398763,0.9191821962586717,0.8032258064516129,0.8810916179337231,0.9741379310344828,0.4008732867593895,0.5359531697609733
1,0.8553344791115811,0.948062715062232,0.8252427184466019,0.8977272727272727,0.9556451612903226,0.34222684235355205,0.5310307468981836
2,0.8296428571428571,0.9247549860435198,0.8419354838709677,0.9048543689320389,0.9708333333333333,0.4899288754812305,0.6231639698613306
3,0.873759713090257,0.9541372862613307,0.8414239482200647,0.9037328094302554,0.9623430962343096,0.49273747339289625,0.6422092770499269
4,0.8547519426180514,0.9481655965392537,0.8058252427184466,0.8828125,0.9456066945606695,0.35772409673676564,0.5574041105863013
