,AUROC,AUPRC,accuracy,f1,recall,mcc,gmean
0,0.7222602583413209,0.573133346509675,0.6903225806451613,0.3924050632911392,0.28440366972477066,0.2550331196944562,0.5088562511911234
1,0.7014816452896947,0.5519605570219785,0.6440129449838188,0.42105263157894735,0.33613445378151263,0.20008746495916588,0.5303691770399206
2,0.7825219298245614,0.670303908436134,0.6935483870967742,0.47513812154696133,0.35833333333333334,0.32295533073505345,0.5695489135379689
3,0.7312118570183086,0.6443663091426278,0.6504854368932039,0.39325842696629215,0.28225806451612906,0.23175446766608043,0.5032587787914771
4,0.7942362737444705,0.7223272801254208,0.6796116504854369,0.4342857142857143,0.30158730158730157,0.32486557667441607,0.532408774468673
