,AUROC,AUPRC,accuracy,f1,recall,mcc,gmean
0,0.7499166666666667,0.7305259705668972,0.6967741935483871,0.7298850574712644,0.79375,0.3959599430972935,0.686264040536391
1,0.7380750297063317,0.7436011511866426,0.6957928802588996,0.7661691542288557,0.8953488372093024,0.38787981938634064,0.6313944656965019
2,0.7882350484463749,0.7851107269184647,0.7225806451612903,0.7700534759358288,0.8780487804878049,0.4548751088075359,0.6936300306686357
3,0.7580964830901578,0.7682158172989207,0.7152103559870551,0.7647058823529411,0.8562874251497006,0.4298303786187048,0.685824368565925
4,0.7864750633981403,0.7646745660343177,0.7313915857605178,0.7821522309711286,0.8816568047337278,0.463011911809841,0.6963556868465642
