,AUROC,AUPRC,accuracy,f1,recall,mcc,gmean
0,0.8303482587064677,0.9889201367108358,0.950530035335689,0.9744525547445255,0.996268656716418,0.2835208836179873,0.36446648802807974
1,0.8222222222222222,0.9821624252500224,0.9469964664310954,0.9724770642201835,1.0,0.3971625551812447,0.408248290463863
2,0.7251828631138977,0.9649766164230205,0.9328621908127208,0.9648798521256932,1.0,0.356525440341064,0.3692744729379982
3,0.7565589353612167,0.9732595586658364,0.9328621908127208,0.9651376146788991,1.0,0.21594259809902924,0.22360679774997896
4,0.7472636815920398,0.977773529160385,0.9540636042402827,0.97632058287796,1.0,0.35660186105408376,0.3651483716701107
