,AUROC,AUPRC,accuracy,f1,recall,mcc,gmean
0,0.8849978952151224,0.9532366587053035,0.8434959349593496,0.8964357767316745,0.9174122505161735,0.5794863207074323,0.763224897721833
1,0.8690019910403185,0.9385605702687442,0.8230808337569904,0.8822733423545331,0.9087108013937282,0.5312855223898412,0.7335205847102416
2,0.888358548577156,0.9515592468920575,0.8464667005592272,0.897208985704561,0.9015047879616963,0.5941285550696748,0.7870513481339214
3,0.8948086092480796,0.9568196595465248,0.8464667005592272,0.8973487423521413,0.9004092769440655,0.5929810783867533,0.7874276579207059
4,0.8836927504525269,0.9521534810446393,0.8286731062531775,0.8849436667804712,0.9062937062937063,0.5526948564812011,0.7507936184770128
