,AUROC,AUPRC,accuracy,f1,recall,mcc,gmean
0,0.8829312527992657,0.9076550215770983,0.809501187648456,0.8263317453443049,0.7930174563591023,0.6188855381275891,0.8120237592979913
1,0.860156498317983,0.8905665007419178,0.7771971496437055,0.7918331114070128,0.7489504617968094,0.558082137026797,0.7808002008101362
2,0.8765729654788948,0.8969625376516626,0.7961995249406176,0.8094180364282542,0.7773037542662116,0.5935655796219382,0.7983351997241497
3,0.860417245531166,0.8936267369762851,0.7653206650831353,0.7819947043248014,0.7262295081967213,0.5384973320111127,0.771319504421656
4,0.8589471905861958,0.8833655087767392,0.7814726840855107,0.7978910369068541,0.7636669470142977,0.5637558380972102,0.7838590991250624
