,AUROC,AUPRC,accuracy,f1,recall,mcc,gmean
0,0.9124594806235432,0.953034650434599,0.8480675255442026,0.888961038961039,0.8912760416666666,0.6484817724524891,0.820445949434852
1,0.9155689302748127,0.9581171644590176,0.8565082185695246,0.8981393882056133,0.9163449163449163,0.6572713684931443,0.8140074254698153
2,0.9080150959588079,0.9479632268873304,0.8391111111111111,0.8823146944083224,0.9070855614973262,0.6310458929559092,0.7992556493662544
3,0.9089138779749808,0.9527226205794501,0.8356286095068858,0.8799480856586632,0.8891803278688525,0.6198094875725161,0.8018742440127049
4,0.9033856486555818,0.9506213953058732,0.8426666666666667,0.8883280757097792,0.8996805111821087,0.6228734902929512,0.8005874571709021
