,AUROC,AUPRC,accuracy,f1,recall,mcc,gmean
0,0.9238830446324073,0.9537626191280504,0.843056272586474,0.8777152051488335,0.8920686835650041,0.6595179884894301,0.8229049678569055
1,0.931001618617497,0.952912789162057,0.856995353639649,0.8891556622649059,0.9242928452579035,0.6924817553579731,0.8308972054651411
2,0.9270977337241023,0.9558538626617328,0.858544140423335,0.891785150078989,0.9156528791565288,0.689963294841027,0.8333927760263675
3,0.9214491281530388,0.950154684798906,0.8559628291171916,0.887816646562123,0.9041769041769042,0.687724705807626,0.8364212847138416
4,0.909047889784853,0.9422278801322344,0.8399586990191017,0.876984126984127,0.8925686591276252,0.649041944814465,0.8164272283937437
