,AUROC,AUPRC,accuracy,f1,recall,mcc,gmean
0,0.8671023239988758,0.9663956637219506,0.8944889307583608,0.9415753781950965,0.9879584017515052,0.46565104183961914,0.56012815185649
1,0.8472660305629793,0.9665027216233133,0.8944889307583608,0.9417879417879418,0.9799891833423472,0.4253283349146154,0.5578211619555947
2,0.8611587214528391,0.9679806950775524,0.8972667295004713,0.9432882414151925,0.9874727668845316,0.46293070784045887,0.5605317835523254
3,0.8480325318789368,0.9665206032030069,0.8930758360810175,0.9411154345006485,0.9858695652173913,0.42635066572642916,0.5344701294275189
4,0.845781205213374,0.9682540969262989,0.9019792648444863,0.9465020576131687,0.9850107066381156,0.4193608421098317,0.5356973242361601
