,AUROC,AUPRC,accuracy,f1,recall,mcc,gmean
0,0.43209876543209874,0.12261904761904763,0.9,0.0,0.0,0.0,0.0
1,0.44166666666666665,0.34104761904761904,0.8275862068965517,0.0,0.0,0.0,0.0
2,0.2592592592592593,0.06798245614035087,0.9310344827586207,0.0,0.0,0.0,0.0
3,0.4487179487179487,0.13425925925925924,0.896551724137931,0.0,0.0,0.0,0.0
4,0.6200000000000001,0.261566091954023,0.8620689655172413,0.0,0.0,0.0,0.0
