,AUROC,AUPRC,accuracy,f1,recall,mcc,gmean
0,0.7959541711421411,0.9833377912671913,0.9626704953338119,0.9807692307692307,0.9969924812030075,0.42116848938459706,0.48721572449089967
1,0.8596046568032986,0.9896641891035122,0.9604885057471264,0.9796973052787006,0.9977443609022556,0.3410827099507094,0.4011564655130769
2,0.746454750976228,0.9771899092083123,0.9547738693467337,0.9767441860465116,0.9969856819894499,0.24733718704958746,0.3251782675172923
3,0.8084888059701492,0.9884576925524545,0.9655172413793104,0.982274741506647,0.9925373134328358,0.3813485447604221,0.516934797035142
4,0.782686243085354,0.9845443386780064,0.9647988505747126,0.9818853974121996,0.9955022488755623,0.4165886231960639,0.5074026785083746
