,AUROC,AUPRC,accuracy,f1,recall,mcc,gmean
0,0.8137193706886894,0.9860502656614047,0.9516994633273703,0.9750692520775623,0.9971671388101983,0.3007268820089418,0.36770790522843605
1,0.8347232404692082,0.986681694114371,0.9508050089445438,0.9745016226240149,0.9952651515151515,0.3531366682392636,0.43889858146203226
2,0.8339907955292571,0.9826950427758047,0.947227191413238,0.9726725335803613,0.9971509971509972,0.30796581662586,0.3715737627228061
3,0.8299560959135428,0.9905174352274897,0.9588550983899821,0.9788990825688073,0.996265172735761,0.2305195533169093,0.3255543835890052
4,0.8186010502221623,0.9871282981912527,0.9525514771709938,0.9755196304849885,0.9952874646559849,0.28107966642705645,0.37707283583186363
