,AUROC,AUPRC,accuracy,f1,recall,mcc,gmean
0,0.7905376580002681,0.9478439139199912,0.8585496866606983,0.9220138203356367,0.9904559915164369,0.28314973080501316,0.37723586167386236
1,0.7866941366160777,0.9510029653410526,0.8621307072515667,0.9239881539980257,0.9821615949632738,0.26708877213264914,0.4021160724916983
2,0.7947666171493672,0.941386946771426,0.8316920322291853,0.9059059059059059,0.980498374864572,0.20753007671228477,0.3482797266917544
3,0.8201414375951865,0.9587411280804733,0.8585496866606983,0.9216269841269841,0.979957805907173,0.27552997285645164,0.4170815351532244
4,0.7948197366802018,0.9505935509191873,0.8594449418084154,0.9220069547938401,0.982010582010582,0.29617835042557533,0.4274337880476454
