,AUROC,AUPRC,accuracy,f1,recall,mcc,gmean
0,0.8026406372934698,0.9800040419671521,0.9558052434456928,0.9771051610399689,0.990558615263572,0.3754425794247321,0.5129494440774708
1,0.8640472715287915,0.988647898194652,0.954307116104869,0.9764387794515257,0.9968454258675079,0.3131333412752597,0.3857238641608918
2,0.8103452453058753,0.9843388205398909,0.9580524344569289,0.9783616692426584,0.9968503937007874,0.37784411353574876,0.4465087667002267
3,0.8121378587983598,0.9824927246322676,0.950561797752809,0.974477958236659,0.9968354430379747,0.2824358007864531,0.3554707053428262
4,0.7916178383320669,0.9839115878721982,0.9580209895052474,0.9783113865220759,0.9921445404556166,0.3666912170978988,0.4939331624465965
