,AUROC,AUPRC,accuracy,f1,recall,mcc,gmean
0,0.7739946441028872,0.9885451580169966,0.9725363489499192,0.9860312243221035,0.9991673605328892,0.2880091236647439,0.32866106101968123
1,0.8612982416076731,0.9956783822640399,0.9741309620048505,0.9868959868959869,0.9975165562913907,-0.007639564101928776,0.0
2,0.8181016597510373,0.9925294361208574,0.9749393694421988,0.9872794419368075,0.9983402489626556,0.23040494915516288,0.3059320158797522
3,0.6926867219917012,0.9851340932601464,0.973322554567502,0.986469864698647,0.9983402489626556,0.09549902212593454,0.1766299317218998
4,0.8337000635665738,0.9928945072549448,0.9708973322554567,0.985233798195242,0.99833748960931,-0.0067653172008939055,0.0
