,AUROC,AUPRC,accuracy,f1,recall,mcc,gmean
0,0.8668203737191078,0.9763074548303673,0.9036624203821656,0.9473225946887244,0.9837251356238698,0.43486311485243284,0.5551881445319349
1,0.8787901917755939,0.980719114883054,0.8996815286624203,0.9450741063644289,0.9721973094170404,0.3927348963751508,0.5631791486080037
2,0.8676112126751983,0.9729519092246278,0.8941082802547771,0.9421487603305785,0.9899451553930531,0.4022323195636399,0.49439953738468034
3,0.8861747243426633,0.9824610477178868,0.910828025477707,0.9516407599309153,0.9795555555555555,0.41415336927078866,0.5604069767979034
4,0.8648328054754872,0.975246087126745,0.8980079681274901,0.9442993907745866,0.984573502722323,0.4004832422659212,0.5198798699494691
