,AUROC,AUPRC,accuracy,f1,recall,mcc,gmean
0,0.8536375376668103,0.9932938598278416,0.9668874172185431,0.9831017649267744,0.996953541507997,0.23555337261117576,0.32918765982537074
1,0.8886467413864674,0.9951591221864677,0.9690721649484536,0.9842460615153789,0.9984779299847792,0.23863520453948475,0.30128179650902775
2,0.7907496587005116,0.9889406270182541,0.9609720176730486,0.9800676946220384,0.9969395562356542,0.10364066471625563,0.19772624730163277
3,0.8225031806615776,0.9901314411007022,0.9646539027982327,0.9819684447783621,0.9977099236641221,0.16763332994287705,0.24971357638103628
4,0.8180871828236825,0.989607155669481,0.9624447717231223,0.9807909604519774,0.9977011494252873,0.23292256601100456,0.30679431211445535
