,AUROC,AUPRC,accuracy,f1,recall,mcc,gmean
0,0.8079559984127683,0.9834933019240661,0.943076923076923,0.9705648369132857,0.9951060358890701,0.18458401143809003,0.28404977236427226
1,0.8044877049180328,0.9821791409711299,0.9423076923076923,0.9700837654567211,0.9967213114754099,0.26379790746474585,0.33485989240424663
2,0.8101741803278688,0.9841233722803827,0.9392307692307692,0.968513351933041,0.9959016393442623,0.18601946216304158,0.27329951143538417
3,0.8378789699227043,0.984653838716887,0.9338461538461539,0.9656549520766773,0.9926108374384236,0.12621211145368802,0.24601839578234494
4,0.8516164686377452,0.9870681048430361,0.9430331023864511,0.970494417862839,0.9959083469721768,0.23677656431897243,0.32166908009322
