,AUROC,AUPRC,accuracy,f1,recall,mcc,gmean
0,0.7769155920136963,0.7534833179636651,0.7385964912280701,0.7161904761904762,0.6738351254480287,0.4789225271702019,0.7345278873420189
1,0.7784058545283439,0.7470012789720762,0.7363796133567663,0.7262773722627737,0.7343173431734318,0.4722041498450418,0.7362835559932216
2,0.7887280528703886,0.7384575357321832,0.7315789473684211,0.7357512953367875,0.7773722627737226,0.4673660205028288,0.7319539326208906
3,0.7406823465400405,0.7245714225400286,0.6854130052724078,0.6919104991394148,0.6860068259385665,0.37065195754869,0.68539444398772
4,0.7458168561542264,0.6882370979374208,0.6854130052724078,0.688695652173913,0.7071428571428572,0.37170948566986506,0.6854176323213349
