,AUROC,AUPRC,accuracy,f1,recall,mcc,gmean
0,0.9630130635037092,0.9232975247930765,0.932872655478776,0.8666666666666667,0.8467432950191571,0.8222514312563068,0.9028929167629925
1,0.9755083642191728,0.9559169441536031,0.9516288252714709,0.9090909090909091,0.914179104477612,0.8761652397455798,0.9392948777004836
2,0.9627171182726738,0.9261433062223852,0.9407699901283317,0.8744769874476988,0.8600823045267489,0.8359320354853561,0.9116142629280751
3,0.9772190596668775,0.9531271698613032,0.945705824284304,0.8865979381443299,0.8669354838709677,0.8513093953014742,0.9176077625562223
4,0.9706117021276596,0.9457860790851086,0.9308300395256917,0.8664122137404581,0.8730769230769231,0.819792703736487,0.9111090389470757
