,AUROC,AUPRC,accuracy,f1,recall,mcc,gmean
0,0.975236846557266,0.9865548347850986,0.927437641723356,0.9382239382239382,0.9455252918287937,0.8504734154364824,0.9235952860483642
1,0.9920628073505307,0.9950834047695558,0.9546485260770975,0.9629629629629629,0.9701492537313433,0.9046567629292065,0.9501871730754663
2,0.9811387900355872,0.9914085912685453,0.9455782312925171,0.9566787003610109,0.9430604982206405,0.8842153846363418,0.9465238894553103
3,0.9855342244550104,0.9931448073386261,0.9387755102040817,0.9516994633273703,0.9366197183098591,0.8690067471514488,0.9396425608182154
4,0.9924730496906294,0.9953423510864088,0.9590909090909091,0.9653846153846154,0.9766536964980544,0.9157650757590485,0.9553066686430697
