,AUROC,AUPRC,accuracy,f1,recall,mcc,gmean
0,0.876619490050553,0.8518896145046075,0.7991913746630728,0.7612179487179487,0.7251908396946565,0.5908660230978483,0.7886488782110957
1,0.8838227078601304,0.8537168934902932,0.7998652291105122,0.7591240875912408,0.7069486404833837,0.59424986199354,0.7863619088640748
2,0.8790670012080661,0.8307451342716813,0.799055967633176,0.7557377049180328,0.7282780410742496,0.5866759199529076,0.7876049336159496
3,0.8895405978340638,0.8438868328735675,0.8194070080862533,0.7781456953642384,0.7448494453248812,0.6281678883845364,0.8071033455085052
4,0.8867897658969265,0.8569534832839197,0.8064733648010789,0.7594300083822296,0.7012383900928792,0.6052195499178022,0.7889773213893272
