,AUROC,AUPRC,accuracy,f1,recall,mcc,gmean
0,0.8118215402102871,0.7475092663828595,0.7276119402985075,0.6178010471204188,0.5130434782608696,0.4413571900024724,0.6753063359268853
1,0.8806886227544909,0.8268972309257578,0.8314606741573034,0.7593582887700535,0.71,0.6342584196201966,0.8012340780971511
2,0.8017825311942959,0.7439320943453944,0.7303370786516854,0.6,0.5294117647058824,0.4102482075926763,0.6726116391442386
3,0.8346083580726193,0.78277449920481,0.7303370786516854,0.64,0.5517241379310345,0.4475587085853548,0.6918439803683755
4,0.8503671970624235,0.7701609036649846,0.7902621722846442,0.6626506024096386,0.5789473684210527,0.5265471498208918,0.7246321820521124
