,AUROC,AUPRC,accuracy,f1,recall,mcc,gmean
0,0.7556320708312838,0.7603317924689763,0.6881188118811881,0.6985645933014354,0.6822429906542056,0.37633249784563355,0.6884615754532372
1,0.6900510204081632,0.6535379502422454,0.6584158415841584,0.7063829787234043,0.7980769230769231,0.3227094261119164,0.6381082224910404
2,0.7682291666666666,0.7336789342242552,0.6881188118811881,0.6865671641791045,0.71875,0.37895981306359167,0.688945735464771
3,0.6716542386185244,0.671148447689469,0.6039603960396039,0.6226415094339622,0.6346153846153846,0.20644947494845342,0.6021937915964948
4,0.7603896103896105,0.6813301605696763,0.6865671641791045,0.7014218009478673,0.8131868131868132,0.40085425117382834,0.6878421862076163
