,AUROC,AUPRC,accuracy,f1,recall,mcc,gmean
0,0.7759861407249468,0.4496363989465363,0.867741935483871,0.36923076923076925,0.2857142857142857,0.31949717857557985,0.5234378729352966
1,0.8269336447314192,0.5122064585036463,0.8252427184466019,0.325,0.22413793103448276,0.28589455839088634,0.4648667688598729
2,0.8314028314028314,0.5284689682344497,0.8612903225806452,0.4266666666666667,0.3137254901960784,0.3923586757240352,0.5513938044306803
3,0.7985475671750182,0.5241601209274194,0.8414239482200647,0.2898550724637681,0.18518518518518517,0.292582658773989,0.4260916604707613
4,0.7355405962357467,0.3988999316145485,0.8058252427184466,0.2682926829268293,0.1896551724137931,0.201126114701903,0.424066497803932
