,AUROC,AUPRC,accuracy,f1,recall,mcc,gmean
0,0.7904970560043817,0.640698352386644,0.7161290322580646,0.5849056603773585,0.5688073394495413,0.3698237092901636,0.6728907502342997
1,0.8040911101282618,0.6718873848776385,0.7152103559870551,0.6333333333333333,0.6386554621848739,0.40059270903872285,0.6981367759853317
2,0.8038377192982457,0.7247853891953493,0.7258064516129032,0.6320346320346321,0.6083333333333333,0.41485299508397333,0.697614984548545
3,0.7443548387096774,0.6648353457276981,0.6763754045307443,0.5327102803738317,0.4596774193548387,0.30347410982386797,0.6145574885339571
4,0.7886416861826697,0.7027270568503864,0.7022653721682848,0.6,0.5476190476190477,0.37060294777365727,0.6654946763082629
