,AUROC,AUPRC,accuracy,f1,recall,mcc,gmean
0,0.7854774535809019,0.8974944621191612,0.8,0.8774703557312253,0.9568965517241379,0.3931034830296167,0.5647703225572138
1,0.8740745637228979,0.9606778178027416,0.86084142394822,0.9161793372319688,0.9475806451612904,0.5191516484796971,0.6939433529108701
2,0.8430357142857143,0.9338779263380033,0.8290322580645161,0.8937875751503006,0.9291666666666667,0.4678893577153772,0.6717957456024293
3,0.8388224745965331,0.9327410150542366,0.8381877022653722,0.9019607843137255,0.9623430962343096,0.48004844295414867,0.6314150750586787
4,0.822474596533174,0.9386402405857209,0.8058252427184466,0.8818897637795275,0.9372384937238494,0.3670727358483725,0.5785568541403717
