,AUROC,AUPRC,accuracy,f1,recall,mcc,gmean
0,0.9495024875621891,0.9970386676425741,0.9611307420494699,0.979890310786106,1.0,0.5061155274447416,0.5163977794943222
1,0.8848008385744235,0.9867864423053998,0.950530035335689,0.9740740740740741,0.9924528301886792,0.47971189180837187,0.5751674626253584
2,0.9210205503308951,0.9898239581338816,0.9328621908127208,0.9648798521256932,1.0,0.356525440341064,0.3692744729379982
3,0.9437262357414449,0.9952261499917716,0.9399293286219081,0.9685767097966729,0.9961977186311787,0.3816624423175673,0.44636256980871025
4,0.8798507462686568,0.9918725763253465,0.9575971731448764,0.977859778597786,0.9888059701492538,0.4964201658675858,0.6289057068112052
