,AUROC,AUPRC,accuracy,f1,recall,mcc,gmean
0,0.8882809605697508,0.9070131682975269,0.8114014251781473,0.8308478909245846,0.8104738154613467,0.6190529075344354,0.8115554764022332
1,0.8892303141541137,0.9141582389777492,0.8142517814726841,0.8329773601025203,0.818639798488665,0.6244047835833891,0.8135711663773052
2,0.8832105139939057,0.9006429267492051,0.8171021377672208,0.8332611520138589,0.8208191126279863,0.6311947415632375,0.8166152973139118
3,0.8815069000648329,0.9080906277798251,0.8061757719714965,0.8312655086848635,0.8237704918032787,0.6037691273687273,0.8025729671513436
4,0.8750399403557355,0.9000489394383563,0.8090261282660333,0.827171109200344,0.8090832632464255,0.6148001771106758,0.8090176114923611
