,AUROC,AUPRC,accuracy,f1,recall,mcc,gmean
0,0.9031291135180644,0.9622655061016457,0.8460365853658537,0.8971835765184933,0.9098417068134893,0.5919563898545214,0.7784421902537416
1,0.8864072201409448,0.9529641230427732,0.8271479410269446,0.8835616438356164,0.8989547038327527,0.5498496560958653,0.7546195266884295
2,0.9010097384567457,0.9601300082091699,0.84799186578546,0.898333900034002,0.9035567715458276,0.5974226390285962,0.7879465727055485
3,0.9101469639166415,0.96689861647449,0.8485002541942044,0.9005340453938585,0.9201909959072305,0.5857928322480275,0.7666464269093295
4,0.8873618002109622,0.952474603725876,0.8251143873919674,0.8811333794056669,0.8916083916083916,0.5510808178614761,0.7601329398085406
