,AUROC,AUPRC,accuracy,f1,recall,mcc,gmean
0,0.8729141703279634,0.9726862783084362,0.9067357512953368,0.9479221462388217,0.9863163656267104,0.5466031849117223,0.6401987470438416
1,0.8913113420945629,0.9799158638486026,0.9095619406500236,0.9495268138801262,0.9767441860465116,0.5377148374899267,0.6675290071496386
2,0.8799438578850343,0.9741518633991334,0.909048067860509,0.9490361763929231,0.9787581699346405,0.5523801046270813,0.6721119995728644
3,0.8789416577047166,0.9731979891547804,0.9029674988224211,0.9460167714884696,0.9809782608695652,0.5044166279313597,0.6230824016238918
4,0.8531852248394005,0.9710638086870869,0.9114043355325165,0.9511941848390446,0.9807280513918629,0.5032716398704913,0.6275632830089602
