,AUROC,AUPRC,accuracy,f1,recall,mcc,gmean
0,0.9089024256993007,0.9530327779482926,0.838738338516215,0.8841366102776891,0.9016927083333334,0.6205809989539305,0.7964531797543359
1,0.9132192758448139,0.956721735112576,0.8462905375388716,0.8918073796122576,0.9176319176319176,0.6301640112571323,0.7941190661168418
2,0.9068333416076823,0.9465340662914911,0.8444444444444444,0.8859934853420195,0.9090909090909091,0.6437900187121001,0.8068909869778992
3,0.9131666892471662,0.9538789204804573,0.8502887605508663,0.8920909382004483,0.9134426229508197,0.6500371565194909,0.8096385672527983
4,0.9197905832419953,0.9615175065237173,0.8511111111111112,0.8959950325985718,0.9220447284345048,0.6379525583701097,0.7970796256747624
