,AUROC,AUPRC,accuracy,f1,recall,mcc,gmean
0,0.9464632132493228,0.9690450070499826,0.8802271553949407,0.9053061224489796,0.9067865903515945,0.742393278583045,0.8700146557327907
1,0.9406431457774459,0.9592598848721441,0.8766133195663397,0.9028850060950833,0.9242928452579035,0.7354714541164993,0.8591721218244093
2,0.9454478636732284,0.9687887479063302,0.8864223025296851,0.9111470113085622,0.9148418491484185,0.7538336666295622,0.8748716213845341
3,0.9357336005380699,0.9567296196000382,0.8699019101703666,0.8968058968058968,0.8968058968058968,0.7208282431746119,0.8596441701793218
4,0.9306544544364093,0.9584969993853979,0.8631905007743934,0.8937875751503006,0.9006462035541195,0.7018112263871872,0.8471613252424923
