,AUROC,AUPRC,accuracy,f1,recall,mcc,gmean
0,0.4838709677419355,0.24047619047619048,0.8157894736842105,0.0,0.0,0.0,0.0
1,0.6510416666666667,0.26282372598162074,0.8421052631578947,0.0,0.0,0.0,0.0
2,0.7058823529411764,0.16014309764309764,0.918918918918919,0.0,0.0,0.0,0.0
3,0.43749999999999994,0.1192063492063492,0.868421052631579,0.0,0.0,-0.05638838744346009,0.0
4,0.14393939393939392,0.07933576839826839,0.8648648648648649,0.0,0.0,-0.058025885318565944,0.0
