,AUROC,AUPRC,accuracy,f1,recall,mcc,gmean
0,0.5679012345679013,0.14166666666666666,0.9,0.0,0.0,0.0,0.0
1,0.7333333333333334,0.38929824561403503,0.7931034482758621,0.0,0.0,-0.08625819491779428,0.0
2,0.22222222222222227,0.06547619047619047,0.7241379310344828,0.0,0.0,-0.13900960937138318,0.0
3,0.6025641025641025,0.21001221001221002,0.896551724137931,0.0,0.0,0.0,0.0
4,0.63,0.4583333333333333,0.8620689655172413,0.0,0.0,0.0,0.0
