,AUROC,AUPRC,accuracy,f1,recall,mcc,gmean
0,0.8710718897976756,0.9944375828071226,0.9661515820456218,0.9827067669172932,0.9954303122619954,0.2433000316890306,0.360331425748573
1,0.8544952954199531,0.9923903190335488,0.96759941089838,0.9834958739684921,0.997716894977169,0.17592881758812634,0.26081823542509736
2,0.8277900295542854,0.9897475784232739,0.9639175257731959,0.9815858699736941,0.9992348890589136,0.203680173072375,0.24244282395199585
3,0.8706265903307887,0.9936358202335205,0.9668630338733432,0.9830890642615558,0.9984732824427481,0.2646646874850136,0.3225021450902091
4,0.8100773512614762,0.9876278467361026,0.9631811487481591,0.9811746987951807,0.9984674329501916,0.250984840308799,0.3069121060570236
