,AUROC,AUPRC,accuracy,f1,recall,mcc,gmean
0,0.8860397830018084,0.9790765710851961,0.910828025477707,0.9507475813544415,0.9773960216998192,0.5048750982079524,0.6407076783634827
1,0.875018287059123,0.9762682894902064,0.9171974522292994,0.9543859649122807,0.9757847533632287,0.5232557286826041,0.6655143812101237
2,0.9054212652628253,0.9834405025443429,0.9020700636942676,0.9457432730480811,0.979890310786106,0.4809020809833912,0.6074298666927104
3,0.9103613231552162,0.9872246777958775,0.9323248407643312,0.9629952111449717,0.9831111111111112,0.586422655141219,0.6984291109843566
4,0.8670420981459734,0.9723916779709287,0.8972111553784861,0.9429960229783473,0.9682395644283122,0.43983373618689836,0.6110429009535165
