,AUROC,AUPRC,accuracy,f1,recall,mcc,gmean
0,0.7704123324278364,0.9743461803621564,0.9354317998385795,0.9663582842724979,0.9896640826873385,0.21677398316421687,0.3562022046548011
1,0.8261167656205824,0.9858793626745677,0.9588377723970944,0.978776529338327,0.9974554707379135,0.3875835713709846,0.44664425905588745
2,0.782181281538608,0.9754290906739137,0.9459241323648103,0.9720016715419975,0.9965724078834619,0.2791385276864314,0.35294695208406707
3,0.7850848148336814,0.9821071053084227,0.9515738498789347,0.9749791492910759,0.9974402730375427,0.32560919443480935,0.38583893342030273
4,0.8083301702239482,0.9876767077398164,0.9531880548829701,0.9759136212624585,0.9949195596951735,0.21216764539331973,0.32081569954089606
