,AUROC,AUPRC,accuracy,f1,recall,mcc,gmean
0,0.841342974295666,0.9859710299437213,0.946923076923077,0.9724770642201835,0.9942903752039152,0.30205938970261936,0.4015423726832504
1,0.8697387295081969,0.9895380682460232,0.9392307692307692,0.9683620344413296,0.990983606557377,0.2570006125326835,0.3855483640006874
2,0.824672131147541,0.9826252581647108,0.9423076923076923,0.9701076125946593,0.9975409836065574,0.2559111676000225,0.31583872207292085
3,0.8642767031118587,0.9889461556518493,0.9461538461538461,0.9720223820943246,0.9983579638752053,0.37282510321644996,0.412857553747065
4,0.9020022530660827,0.9913921041696672,0.9468822170900693,0.9723446893787575,0.9926350245499181,0.35983507564183914,0.46813800020751745
