,AUROC,AUPRC,accuracy,f1,recall,mcc,gmean
0,0.8106362188766647,0.9861944197039767,0.9784615384615385,0.9888977002379065,0.9928343949044586,0.63568250470104,0.7510728670710057
1,0.8541142978285229,0.9878288623191771,0.9761354888375674,0.9876444798724592,0.9943820224719101,0.6526555884572818,0.7376285132888407
2,0.8188190117821232,0.9855713021574953,0.9730561970746728,0.9860834990059643,0.9943865276663993,0.5855821385166587,0.677456735263384
3,0.9082247888470539,0.9965922989694913,0.9830638953040801,0.9913928012519562,0.999211356466877,0.535995871790199,0.5677378303597297
4,0.8977323987647039,0.9936876006017201,0.9838337182448037,0.9916831683168317,0.9992019154030327,0.731191062950978,0.7515093479195117
