,AUROC,AUPRC,accuracy,f1,recall,mcc,gmean
0,0.8318855908364652,0.9912032089960741,0.9717285945072698,0.9856380796060731,1.0,0.22917983590096086,0.23249527748763857
1,0.7785738753139987,0.9891333900771967,0.9757477768795473,0.9877149877149877,0.9983443708609272,0.10098274387607004,0.18554155319151996
2,0.8519839211618258,0.9947433239140532,0.9749393694421988,0.9872794419368075,0.9983402489626556,0.23040494915516288,0.3059320158797522
3,0.7683220954356846,0.9886984923064738,0.9741309620048505,0.986863711001642,0.9975103734439834,0.20851922521104074,0.30580483565564076
4,0.7541807246589409,0.9902278466640352,0.9708973322554567,0.985233798195242,0.99833748960931,-0.0067653172008939055,0.0
