,AUROC,AUPRC,accuracy,f1,recall,mcc,gmean
0,0.8036400525122331,0.983810123301395,0.9691313711414213,0.9840681733975547,0.9984962406015038,0.5552603669444465,0.5904923597107041
1,0.8621756002910502,0.9883764387807666,0.9762931034482759,0.9877277798438081,0.9984962406015038,0.6759535517638795,0.7065749219302592
2,0.7420588705441757,0.9740622783577138,0.9676956209619526,0.9832651543324656,0.9962321024868124,0.5619446848282276,0.6264623457771609
3,0.8143584959816305,0.9864762045120509,0.9806034482758621,0.9900258588843739,1.0,0.6864935709768271,0.6933752452815364
4,0.7849997415085561,0.9830948777922308,0.9727011494252874,0.9859363434492968,0.9985007496251874,0.5799865854994128,0.6154199083966435
