,AUROC,AUPRC,accuracy,f1,recall,mcc,gmean
0,0.7334791281591421,0.9292115544263213,0.8798319327731092,0.9338881183541378,0.979631425800194,0.3355165637746438,0.47745632850184344
1,0.6999740446311622,0.9309455855073538,0.8764705882352941,0.9322268326417704,0.9825072886297376,0.3090276070596264,0.4419060440606568
2,0.7107848766731744,0.9320221175395095,0.8830950378469302,0.9362092703074805,0.9826589595375722,0.3067637540236007,0.44184868095510854
3,0.7277632389632097,0.9303941785318517,0.8840336134453781,0.9363468634686347,0.9844810863239574,0.35821233144002435,0.4786366920546801
4,0.706817403220281,0.9340002323173257,0.8999158957106812,0.9455875628715135,0.9847619047619047,0.382977414269294,0.5050210378937826
