,AUROC,AUPRC,accuracy,f1,recall,mcc,gmean
0,0.795839884935581,0.9450912164218042,0.8460161145926589,0.9137412236710131,0.9660657476139979,0.24833831821293534,0.43447838602693956
1,0.8033680546669054,0.9468279629813713,0.873769024171889,0.9291101055806938,0.9695697796432319,0.3911895569534507,0.5544588030477308
2,0.8004266678580602,0.9407583981841446,0.8406445837063563,0.9094608341810784,0.9685807150595883,0.3054524278597042,0.47399449830249984
3,0.8244295059046762,0.958367062524782,0.8728737690241719,0.9287863590772317,0.9767932489451476,0.39176984797858033,0.5321768914346013
4,0.8348867970960994,0.9568840985237272,0.8710832587287377,0.9276381909547738,0.9767195767195768,0.3930476052113995,0.5328509261618158
