,AUROC,AUPRC,accuracy,f1,recall,mcc,gmean
0,0.8113414378795156,0.8108919306221758,0.7403508771929824,0.7279411764705882,0.7096774193548387,0.48051524241325166,0.7391081789034253
1,0.8005398845934767,0.7992422045721918,0.7293497363796133,0.7137546468401487,0.7084870848708487,0.4571603411389467,0.7281322523646061
2,0.8254771651213255,0.8114688176245297,0.7403508771929824,0.7299270072992701,0.7299270072992701,0.47992700729927007,0.7398954355004851
3,0.7826457931443834,0.804378566054174,0.687170474516696,0.6763636363636364,0.6348122866894198,0.3791728805045692,0.6866652211835718
4,0.8087802768166089,0.8037298437006215,0.7328646748681898,0.7295373665480427,0.7321428571428571,0.46566659014886036,0.7328530910016058
