,AUROC,AUPRC,accuracy,f1,recall,mcc,gmean
0,0.988284554220944,0.992654430999552,0.9523809523809523,0.9582504970178927,0.9377431906614786,0.9040732245511375,0.9551235724979934
1,0.9932275040980072,0.9961156470956349,0.963718820861678,0.9702602230483272,0.9738805970149254,0.9237922046538785,0.9608414481586949
2,0.9907139679715302,0.9955963436781607,0.9614512471655329,0.9695885509838998,0.9644128113879004,0.917059579961891,0.9603227326735944
3,0.9936081456894231,0.9966051677275611,0.9569160997732427,0.9657657657657658,0.9436619718309859,0.909561411797269,0.9620967801668727
4,0.9965129382747548,0.9975274577585249,0.9704545454545455,0.974757281553398,0.9766536964980544,0.9391514582176532,0.9691725121879192
