,AUROC,AUPRC,accuracy,f1,recall,mcc,gmean
0,0.896469580751204,0.8662065554383002,0.8241239892183289,0.8047868362004488,0.8213740458015267,0.6453166250583567,0.8238317175752866
1,0.896220624664623,0.864879285514617,0.828167115902965,0.806378132118451,0.8021148036253777,0.6519638891459884,0.8252966236130479
2,0.8908028993587955,0.8595605809240335,0.813216453135536,0.7792828685258965,0.7725118483412322,0.6174820684991268,0.8072400293670683
3,0.9041984754098055,0.857586084063075,0.8322102425876011,0.8047058823529412,0.8129952456418383,0.6577615607553554,0.8295414398415012
4,0.8944270596372863,0.8720289380253277,0.8179366149696561,0.785031847133758,0.7631578947368421,0.6281377587867087,0.8102344780685694
