,AUROC,AUPRC,accuracy,f1,recall,mcc,gmean
0,0.8853083262290423,0.8537947899060493,0.8059701492537313,0.7636363636363637,0.7304347826086957,0.6014403985301152,0.7938381624317341
1,0.8835329341317365,0.8341991762083589,0.8089887640449438,0.7627906976744186,0.82,0.6083503507198864,0.8111498455009946
2,0.8549019607843137,0.7806971838288774,0.7715355805243446,0.6903553299492385,0.6666666666666666,0.5105169665752871,0.7467099554551001
3,0.900291162365837,0.8593922847178703,0.8127340823970037,0.7727272727272727,0.7327586206896551,0.6169446152786472,0.8003481772586778
4,0.880905752753978,0.814281085054988,0.8052434456928839,0.7425742574257426,0.7894736842105263,0.5895206314147012,0.8016201464790703
