,AUROC,AUPRC,accuracy,f1,recall,mcc,gmean
0,0.7952291666666667,0.7646262465654071,0.7387096774193549,0.7507692307692307,0.7625,0.47657857002072124,0.7375070621130801
1,0.7879604481412325,0.8134829224631459,0.7249190938511327,0.7605633802816901,0.7848837209302325,0.4392605677233195,0.714064398140604
2,0.813752923488139,0.8274816121551118,0.7193548387096774,0.7433628318584071,0.7682926829268293,0.43558758679200693,0.7144515582373832
3,0.7818588175761154,0.8166871431346526,0.7022653721682848,0.7228915662650602,0.718562874251497,0.40127246372147274,0.7006063711820008
4,0.8155959425190195,0.8123850727214308,0.7637540453074434,0.7955182072829131,0.8402366863905325,0.5218211645075995,0.7511051311268429
