,AUROC,AUPRC,accuracy,f1,recall,mcc,gmean
0,0.7570628997867804,0.3582468831418517,0.864516129032258,0.16,0.09523809523809523,0.17335162747270633,0.3062950067011605
1,0.7740761093556808,0.4619069524471674,0.8090614886731392,0.21333333333333335,0.13793103448275862,0.17480428143530985,0.36467149625189516
2,0.8387084563555152,0.5321066242325363,0.8419354838709677,0.3466666666666667,0.2549019607843137,0.294689091028277,0.49404049305891024
3,0.8129992737835875,0.5154002857932132,0.8511326860841424,0.3235294117647059,0.2037037037037037,0.35047348507261133,0.4486726975674848
4,0.7698172825937629,0.46168043957696997,0.8284789644012945,0.273972602739726,0.1724137931034483,0.27706573674161794,0.411070864197676
