,AUROC,AUPRC,accuracy,f1,recall,mcc,gmean
0,0.7762335113423706,0.6126832016329711,0.7290322580645161,0.5531914893617021,0.47706422018348627,0.37553575352240404,0.6426359519401346
1,0.7672047766475011,0.663855934287116,0.7313915857605178,0.6278026905829597,0.5882352941176471,0.4214883875109491,0.6949619674650622
2,0.8053070175438597,0.7123560951795959,0.7483870967741936,0.6388888888888888,0.575,0.4560445037492521,0.7023456938603743
3,0.7294899738448124,0.6507915502048727,0.6763754045307443,0.494949494949495,0.3951612903225806,0.29865098414893754,0.5846033834615263
4,0.8355451470205569,0.763086818048803,0.7540453074433657,0.6607142857142857,0.5873015873015873,0.4816905026678523,0.7143377550649379
