,AUROC,AUPRC,accuracy,f1,recall,mcc,gmean
0,0.9093636181526806,0.9548574528195568,0.838738338516215,0.885956644674835,0.91796875,0.6162423459044383,0.7833843223498262
1,0.9128292055121323,0.95783607463634,0.8480675255442026,0.8943792464484249,0.9317889317889317,0.6317958573799447,0.785041918805745
2,0.9022960432062865,0.9449992715162997,0.8311111111111111,0.8793650793650793,0.9258021390374331,0.6086982025307999,0.771692512251948
3,0.9088511041864247,0.9538945828944002,0.8414038205242115,0.8879824286162535,0.9278688524590164,0.6249534680920414,0.782425046646421
4,0.9093360695879293,0.95648285751462,0.8444444444444444,0.891640866873065,0.9201277955271565,0.6207119196894231,0.7860636347473727
