,AUROC,AUPRC,accuracy,f1,recall,mcc,gmean
0,0.8935186977124815,0.9180570872050821,0.8180522565320665,0.8391432171356573,0.830423940149626,0.6299762659477979,0.8158603179815537
1,0.8875000688974751,0.9131758674616366,0.8052256532066508,0.8261238337574215,0.8178001679261125,0.6049555739280964,0.8031897031252858
2,0.8861250727039276,0.9091042615016394,0.8128266033254157,0.8304647160068847,0.8233788395904437,0.6217062140381818,0.8113877426695679
3,0.8818273594516994,0.9122506438480208,0.8109263657957244,0.8343047460449625,0.8213114754098361,0.6147172072023667,0.8088665363529167
4,0.8874825088786951,0.9103356399436942,0.8104513064133017,0.8286818376985831,0.8116063919259883,0.6174548558383209,0.8102780915267611
