,AUROC,AUPRC,accuracy,f1,recall,mcc,gmean
0,0.9448943109541447,0.966178390055606,0.8735157459989675,0.9016459253311923,0.9182338511856092,0.7255851436973687,0.855428424223818
1,0.9346904818499779,0.9544524654345249,0.8714506969540526,0.9002004008016032,0.9342762063227953,0.7241006808864996,0.8474580290390958
2,0.9477075729927007,0.9698682884158883,0.8735157459989675,0.9037328094302554,0.9326845093268451,0.7228548222829316,0.8473848507647578
3,0.9377124712320242,0.9605243059541873,0.8735157459989675,0.9025069637883009,0.9287469287469288,0.7252428120041291,0.8507643509122964
4,0.9276967326968366,0.9551860974970736,0.856995353639649,0.8904705417160933,0.9095315024232633,0.6860317782454723,0.8335677687070284
