,AUROC,AUPRC,accuracy,f1,recall,mcc,gmean
0,0.6060606060606061,0.18303030303030304,0.8421052631578947,0.0,0.0,-0.06399221901922213,0.0
1,0.7214285714285714,0.12916666666666665,0.8648648648648649,0.0,0.0,-0.07100716024967263,0.0
2,0.38484848484848483,0.15263977212506624,0.8421052631578947,0.0,0.0,-0.06399221901922213,0.0
3,0.5428571428571428,0.3000566893424036,0.8108108108108109,0.0,0.0,0.0,0.0
4,0.753125,0.4170940170940171,0.8648648648648649,0.0,0.0,0.0,0.0
