,AUROC,AUPRC,accuracy,f1,recall,mcc,gmean
0,0.654320987654321,0.5344827586206896,0.9,0.0,0.0,0.0,0.0
1,0.5333333333333333,0.2302164502164502,0.8275862068965517,0.0,0.0,0.0,0.0
2,0.5,0.10795454545454546,0.9310344827586207,0.0,0.0,0.0,0.0
3,0.4615384615384615,0.12148148148148147,0.896551724137931,0.0,0.0,0.0,0.0
4,0.475,0.23391812865497075,0.8620689655172413,0.0,0.0,0.0,0.0
