,AUROC,AUPRC,accuracy,f1,recall,mcc,gmean
0,0.7954350161117079,0.982888948866423,0.968413496051687,0.9836431226765799,0.9947368421052631,0.5567090434734968,0.6407232755171874
1,0.8780075187969926,0.9897589681242006,0.9777298850574713,0.9884801189149015,1.0,0.6990073785085569,0.7071067811865476
2,0.7482930282478134,0.976866662502611,0.9676956209619526,0.9832651543324656,0.9962321024868124,0.5619446848282276,0.6264623457771609
3,0.8384974167623421,0.9889231853354546,0.9770114942528736,0.9881831610044313,0.9985074626865672,0.6141718668246798,0.6499580486329701
4,0.8381778938117148,0.9900760191443797,0.9755747126436781,0.9873887240356083,0.9977511244377811,0.6374929347904026,0.6815206167324513
