,AUROC,AUPRC,accuracy,f1,recall,mcc,gmean
0,0.862454186072566,0.9906990827763572,0.9534883720930233,0.9760147601476015,0.9990557129367328,0.3368913616657947,0.3680559487566397
1,0.9038902126099707,0.9935657227929939,0.9525939177101967,0.9754743174456271,0.9981060606060606,0.3747270104433576,0.4208127057650866
2,0.8524508729636935,0.9866393830492426,0.9490161001788909,0.9736477115117892,1.0,0.34169687847089963,0.35082320772281167
3,0.8059578441305599,0.9864207931991957,0.9597495527728086,0.9794238683127572,1.0,0.20208250046409987,0.20628424925175867
4,0.8545341322202773,0.9892661483722026,0.9516562220232766,0.9751609935602575,0.9990574929311969,0.19226427647328695,0.23134592523170602
