,AUROC,AUPRC,accuracy,f1,recall,mcc,gmean
0,0.8782327229378456,0.994483839393604,0.9676232523914643,0.9835205992509364,1.0,0.20510607375175252,0.20851441405707477
1,0.8562076241870762,0.9936885415356155,0.96759941089838,0.9835082458770614,0.9984779299847792,0.14353914927184946,0.213038401359599
2,0.7999984997824685,0.9887320605071244,0.9624447717231223,0.9808630393996247,1.0,0.0,0.0
3,0.8465648854961833,0.9923602686029038,0.9661266568483063,0.9827327327327328,0.999236641221374,0.21035843769202622,0.24990456193582355
4,0.8289525048796358,0.9898889761405257,0.9624447717231223,0.9808342728297632,1.0,0.19056909612367695,0.19425717247145283
