,AUROC,AUPRC,accuracy,f1,recall,mcc,gmean
0,0.8329108064018341,0.9845894722404757,0.9476923076923077,0.9729514717581543,0.9975530179445351,0.2887329762252068,0.34831597106069795
1,0.8856147540983607,0.9892068882920297,0.943076923076923,0.9705179282868526,0.9983606557377049,0.270552448752056,0.31596845661200185
2,0.846234631147541,0.9872058147400647,0.94,0.9689243027888447,0.9967213114754099,0.19727782721504084,0.2734119572378936
3,0.8902088589851416,0.9913756578804891,0.9415384615384615,0.9697211155378486,0.9991789819376026,0.26280970815891386,0.2920543900556384
4,0.8816768338044934,0.9906225666013423,0.9384141647421094,0.9681782020684169,0.9959083469721768,0.07058218591559456,0.16083454004661
