,AUROC,AUPRC,accuracy,f1,recall,mcc,gmean
0,0.9673667155783812,0.9265119226660534,0.9170779861796644,0.832,0.7969348659003831,0.7784231661828105,0.8741181257462936
1,0.9791169988981269,0.9529223700857288,0.9417571569595261,0.884990253411306,0.8470149253731343,0.8476266201234227,0.9091480271275358
2,0.9676286676286677,0.9295088669424858,0.9427443237907206,0.8765957446808511,0.8477366255144033,0.8402021217263244,0.9080839915600577
3,0.9774615222433058,0.9468767058200623,0.9318854886475815,0.8547368421052631,0.8185483870967742,0.8117160093500758,0.8904316019199116
4,0.9751790098199672,0.9480348176060711,0.9357707509881423,0.869215291750503,0.8307692307692308,0.8283265334642516,0.8986487401101017
