,AUROC,AUPRC,accuracy,f1,recall,mcc,gmean
0,0.8647911338448424,0.8201860610172034,0.7649253731343284,0.6834170854271356,0.591304347826087,0.5193181107669574,0.7276459297170682
1,0.8824550898203593,0.8151435132408842,0.7902621722846442,0.7052631578947368,0.67,0.5449878029853089,0.7600819369635116
2,0.8330956625074272,0.7615626727575406,0.7415730337078652,0.6101694915254238,0.5294117647058824,0.43474745265910747,0.6797294208444249
3,0.8809374286366751,0.8512572918491002,0.7940074906367042,0.7368421052631579,0.6637931034482759,0.5803706567461945,0.7703618697519133
4,0.8949204406364749,0.825784444525627,0.8089887640449438,0.7085714285714285,0.6526315789473685,0.5726974734891284,0.7644167223030887
