,AUROC,AUPRC,accuracy,f1,recall,mcc,gmean
0,0.6753074274471225,0.6476072595082815,0.6386138613861386,0.663594470046083,0.6728971962616822,0.27350326110843226,0.635404058656387
1,0.640502354788069,0.6294360324115824,0.594059405940594,0.6583333333333333,0.7596153846153846,0.18965581072512788,0.5637359959727745
2,0.6937893081761006,0.6266708159798559,0.6188118811881188,0.6280193236714976,0.6770833333333334,0.24402198781523066,0.6190756956795607
3,0.6510498430141287,0.6413285368752137,0.5891089108910891,0.6527196652719666,0.75,0.17872417063865245,0.560156683619933
4,0.7052447552447552,0.6208885758023989,0.6517412935323383,0.6982758620689655,0.8901098901098901,0.3749012382258544,0.6360781434661975
