,AUROC,AUPRC,accuracy,f1,recall,mcc,gmean
0,0.6160270078180525,0.18085144732416625,0.864516129032258,0.0,0.0,0.0,0.0
1,0.7549457343041627,0.4833133106425073,0.8122977346278317,0.0,0.0,0.0,0.0
2,0.7092512680747975,0.37367967966287896,0.8354838709677419,0.03773584905660377,0.0196078431372549,0.07291854744036005,0.13975742262647806
3,0.7289760348583878,0.35765448515989595,0.8252427184466019,0.0,0.0,0.0,0.0
4,0.7016417090259652,0.3719680993785239,0.8122977346278317,0.0,0.0,0.0,0.0
