,AUROC,AUPRC,accuracy,f1,recall,mcc,gmean
0,0.6327536628782693,0.4764054280802975,0.6516129032258065,0.18181818181818182,0.11009174311926606,0.10086596708326535,0.3225938961822319
1,0.6642636001769129,0.5816635216794893,0.6666666666666666,0.3522012578616352,0.23529411764705882,0.24952635048822114,0.4695033935260828
2,0.6757675438596491,0.5586568710687829,0.6387096774193548,0.3170731707317073,0.21666666666666667,0.17018066479656244,0.4428773542158066
3,0.6914559721011333,0.5905451827797292,0.6310679611650486,0.19718309859154928,0.11290322580645161,0.19102808565241086,0.3323583532547422
4,0.6977838494231936,0.5826126766902099,0.5954692556634305,0.17218543046357615,0.10317460317460317,0.06776089064381689,0.3104980763635241
