,AUROC,AUPRC,accuracy,f1,recall,mcc,gmean
0,0.6669375,0.647937660595054,0.603225806451613,0.6666666666666666,0.76875,0.20836913646905864,0.5727128425310541
1,0.691796808691224,0.7115968182179198,0.6731391585760518,0.7430025445292621,0.8488372093023255,0.33175592509267837,0.6197945679010043
2,0.6883770464416974,0.6690401653886069,0.6451612903225806,0.7074468085106383,0.8109756097560976,0.28972610869526066,0.6100492112064007
3,0.734502825335245,0.7471177706806821,0.6796116504854369,0.7317073170731707,0.8083832335329342,0.35252289620556915,0.6534240395467064
4,0.7344885883347422,0.7474129789573254,0.6537216828478964,0.7191601049868767,0.8106508875739645,0.2949077143173422,0.6134929717393888
