,AUROC,AUPRC,accuracy,f1,recall,mcc,gmean
0,0.6886328470380194,0.8552100908000932,0.7645161290322581,0.8614800759013282,0.978448275862069,0.21567975310222132,0.35417804371386885
1,0.7851335272342675,0.9357888185101764,0.8252427184466019,0.9018181818181819,1.0,0.3069774480652788,0.3387537429470791
2,0.748720238095238,0.8826882285775071,0.8225806451612904,0.8968105065666041,0.9958333333333333,0.41212450495573977,0.4770943802006555
3,0.8124327555289899,0.9270696080383416,0.7961165048543689,0.8835489833641405,1.0,0.2813166771588242,0.31622776601683794
4,0.813777644949193,0.9288693957412766,0.7961165048543689,0.8822429906542056,0.9874476987447699,0.27170084646901194,0.3755848199322472
