,AUROC,AUPRC,accuracy,f1,recall,mcc,gmean
0,0.8471559460550397,0.8814642260461611,0.7790973871733967,0.8076127430699214,0.8113050706566916,0.5483147759908703,0.7728102365842789
1,0.8382241354285516,0.868349648802377,0.7529691211401425,0.78369384359401,0.7909319899244333,0.49593376081165563,0.7459366730923781
2,0.8534842099872334,0.8770005762979619,0.7776722090261282,0.8033613445378152,0.8156996587030717,0.5480899571796237,0.7716100478860453
3,0.8413855700657591,0.8840461458289436,0.7624703087885986,0.7938994229183842,0.7893442622950819,0.5137000228443718,0.7567093616915853
4,0.827556825485436,0.8606766550600237,0.7524940617577197,0.7813680234997902,0.7830109335576114,0.49620977583696263,0.7471241366467657
