,AUROC,AUPRC,accuracy,f1,recall,mcc,gmean
0,0.8341192177399073,0.9583789778176616,0.8860103626943006,0.9375322663913268,0.9939792008757526,0.39819644406002985,0.46719638231879534
1,0.8243822859466351,0.9610531949045291,0.8921337729627885,0.9411462349010538,0.9902650081124933,0.3853673577023067,0.47716733935642847
2,0.8291226747109101,0.9586290665274603,0.8916116870876531,0.9406910778751933,0.9934640522875817,0.414556475885535,0.486012588528565
3,0.8218332309110463,0.9551936891777865,0.8897786151672162,0.94,0.996195652173913,0.388748729163985,0.44398992651538244
4,0.8017743934310139,0.959929366992215,0.9000942507068803,0.9460834181078331,0.9957173447537473,0.3833716385062791,0.4427271748260748
