,AUROC,AUPRC,accuracy,f1,recall,mcc,gmean
0,0.8859343130827506,0.9359498677141458,0.8254109284762328,0.8779882024216082,0.9205729166666666,0.5811397398026465,0.7560796707566396
1,0.8896885715393605,0.9434556801487064,0.8320746334962239,0.8853155339805825,0.9388674388674388,0.5889210325039564,0.7467683793984085
2,0.8857607909332047,0.9310321764491636,0.8155555555555556,0.8702719599874961,0.93048128342246,0.5700229595304842,0.7393839364715297
3,0.8847509370907285,0.9351072908318405,0.8289649044868947,0.8816477098063327,0.940327868852459,0.592562131657133,0.7480200120924034
4,0.875886756372286,0.9340085315626928,0.8266666666666667,0.881746513038205,0.929073482428115,0.5707428965034553,0.7420663927109019
