,AUROC,AUPRC,accuracy,f1,recall,mcc,gmean
0,0.9034941859000345,0.9414614303777366,0.8244708311822406,0.8644338118022329,0.8863450531479967,0.6174788048481131,0.7980148797298201
1,0.8939398055395202,0.9249791614626668,0.8229220443985544,0.8625250501002004,0.8951747088186356,0.6179581645842993,0.7942827159656095
2,0.9043652768561528,0.9418003093867716,0.8249870934434693,0.8667976424361493,0.894566098945661,0.6149470604812285,0.7930900253572528
3,0.8973681019770405,0.9293635210728557,0.8337635518843572,0.8717131474103585,0.895986895986896,0.6380206152791933,0.8074454275358586
4,0.8944996429240017,0.9346363063865688,0.8177594217862674,0.861514319340918,0.8869143780290791,0.5978299063225163,0.7852725101493008
