,AUROC,AUPRC,accuracy,f1,recall,mcc,gmean
0,0.8439739674860851,0.933808051373572,0.8125,0.8828199428389965,0.956641431520991,0.4616439291164326,0.6230804451605976
1,0.8395928846506509,0.9282251928025197,0.797153024911032,0.8726460261729971,0.9526132404181185,0.42718886124752115,0.5999299165272886
2,0.8496092427300185,0.9360876874886488,0.8185053380782918,0.8867745004757374,0.9562243502051984,0.47294570631061394,0.633580993819817
3,0.8611800954707229,0.9427866338370707,0.8139298423995933,0.8842504743833017,0.9536152796725784,0.4535724258874099,0.6216067997697795
4,0.8616113867510515,0.9415825207501837,0.8017285205897305,0.8737046632124352,0.9433566433566434,0.4504617168441212,0.6328754318688282
