,AUROC,AUPRC,accuracy,f1,recall,mcc,gmean
0,0.8391419457735246,0.9595411140910757,0.8699551569506726,0.9283242708848245,0.988421052631579,0.32879952993564393,0.4309331146271967
1,0.8311289364230541,0.956637102551305,0.8609865470852018,0.9225387306346826,0.9871657754010695,0.34593555591236225,0.4504635494554444
2,0.8340322151224707,0.9579370275717296,0.8618834080717489,0.9233830845771144,0.9882854100106496,0.3291932205146431,0.4304689470530909
3,0.8330580162648853,0.9571762633448936,0.8663677130044843,0.9259075087021382,0.9914802981895634,0.3604097670954637,0.44403758566238405
4,0.8118588271321391,0.9490985729239498,0.8654708520179372,0.9250749250749251,0.992497320471597,0.3842586496026786,0.4611702475701502
