,AUROC,AUPRC,accuracy,f1,recall,mcc,gmean
0,0.7831180678926395,0.9829174162548482,0.9490161001788909,0.9737689829728486,0.9990557129367328,0.18686567496419032,0.22538731781243002
1,0.7869241813294233,0.9804061572423113,0.9481216457960644,0.9732225300092336,0.9981060606060606,0.25763043115069045,0.3107907802540305
2,0.777178756665936,0.9780792624636235,0.9481216457960644,0.973172987974098,0.9990503323836657,0.31981323581197696,0.35065658543475103
3,0.7793471998728569,0.9872335042745852,0.960644007155635,0.9798534798534798,0.9990662931839402,0.2531524968963427,0.2915937560525705
4,0.7738319644540192,0.9829569874187348,0.9516562220232766,0.9751838235294118,1.0,0.1843491937607285,0.1889822365046136
