,AUROC,AUPRC,accuracy,f1,recall,mcc,gmean
0,0.7699277143981117,0.9815658934675553,0.954307116104869,0.976475125337447,0.996066089693155,0.2633891458589383,0.35285728164747343
1,0.8120026837421724,0.9825539234407697,0.9565543071161049,0.9776234567901234,0.999211356466877,0.35857584661354325,0.38618133480693395
2,0.7161720169594186,0.973678809220681,0.9558052434456928,0.9772288691624855,0.9968503937007874,0.3183804666197856,0.39161409452532525
3,0.8253755125690853,0.9850602928527745,0.952808988764045,0.975685063681976,1.0,0.32760754455427743,0.33567254331867563
4,0.7688241278508235,0.9823648274401133,0.9602698650674663,0.9796075413620623,1.0,0.3548317848354494,0.3621429841700741
