,AUROC,AUPRC,accuracy,f1,recall,mcc,gmean
0,0.8518414707655214,0.9745059306740725,0.8949044585987261,0.9434931506849316,0.9963833634719711,0.32581563190370827,0.38227768263731504
1,0.8718570110994498,0.9791880452572748,0.8957006369426752,0.9442315879097488,0.9946188340807175,0.26012356873995035,0.3359531939841717
2,0.8512001489606608,0.9706995544046834,0.8845541401273885,0.9376880103137086,0.9972577696526508,0.30177299067017815,0.35088209296998035
3,0.8563731976251061,0.9794399382844517,0.9004777070063694,0.9468763280917977,0.9902222222222222,0.2484221968998714,0.3584719242019544
4,0.8249914000687995,0.9680548394173971,0.8916334661354581,0.9416809605488851,0.9963702359346642,0.31289751857629333,0.36980629936475645
