,AUROC,AUPRC,accuracy,f1,recall,mcc,gmean
0,0.7121741729651252,0.9276470831963666,0.8756302521008403,0.9329102447869447,0.9980601357904947,0.24343401909320447,0.28566133977049535
1,0.6947165734084229,0.9219754158211093,0.880672268907563,0.9352189781021898,0.9961127308066083,0.3192048994320486,0.37722913287106863
2,0.6837812145108397,0.9213482478173013,0.8864592094196804,0.9388309922972361,0.9980732177263969,0.3036570425672498,0.3449284206297207
3,0.6867302307706386,0.914379333859314,0.8756302521008403,0.9324817518248175,0.991270611057226,0.25829103897661065,0.3531120603675405
4,0.7033470366563892,0.9306043555906023,0.8923465096719932,0.9421860885275519,0.9933333333333333,0.2750800371535226,0.35865456016225394
