,AUROC,AUPRC,accuracy,f1,recall,mcc,gmean
0,0.7634914686301311,0.978157122399208,0.943076923076923,0.9707046714172605,1.0,0.0,0.0
1,0.7710297131147541,0.9779960013059742,0.9384615384615385,0.9682539682539683,1.0,0.0,0.0
2,0.7174641393442623,0.9728220916581719,0.9384615384615385,0.9682287529785544,0.9991803278688525,0.07161889209643017,0.11175756841646411
3,0.7669510192638873,0.9788212571660484,0.936923076923077,0.9674344718030182,1.0,0.0,0.0
4,0.7246476927327992,0.9738291635892552,0.9430331023864511,0.9706115965051628,1.0,0.1916674509049769,0.19738550848793068
