,AUROC,AUPRC,accuracy,f1,recall,mcc,gmean
0,0.7777989337395278,0.9897993756280808,0.9661515820456218,0.9827844311377245,1.0,0.0,0.0
1,0.7212363359623633,0.9863062855221116,0.96759941089838,0.9835329341317365,1.0,0.0,0.0
2,0.6955233508858786,0.9808829963725716,0.9624447717231223,0.9808630393996247,1.0,0.0,0.0
3,0.7185194020356234,0.9840098148214722,0.9646539027982327,0.9820089955022488,1.0,0.0,0.0
4,0.7616641364852166,0.98415271944699,0.9609720176730486,0.9800976342470897,1.0,0.0,0.0
