,AUROC,AUPRC,accuracy,f1,recall,mcc,gmean
0,0.771374865735768,0.9800561563770365,0.9698492462311558,0.9844213649851632,0.9977443609022556,0.5707953574196032,0.6165169015262485
1,0.8281105990783411,0.9862765155060365,0.9741379310344828,0.9866369710467706,0.9992481203007518,0.6387884644541364,0.6596638837209532
2,0.7242241556484209,0.9737743540304485,0.9669777458722182,0.9828996282527881,0.9962321024868124,0.5488495111487018,0.6142968703170872
3,0.7733208955223881,0.9838692185404619,0.978448275862069,0.9889135254988913,0.9985074626865672,0.6443817541728398,0.6788590414534015
4,0.7320994675076254,0.9786858949020096,0.9748563218390804,0.9870322341608003,0.9985007496251874,0.6223611809129427,0.6560398266483428
