,AUROC,AUPRC,accuracy,f1,recall,mcc,gmean
0,0.6777424413083328,0.9647097343792483,0.937046004842615,0.9675,1.0,0.0,0.0
1,0.7845419847328243,0.9831481166571256,0.9515738498789347,0.9751861042183623,1.0,0.0,0.0
2,0.6766876130629343,0.9684209338530633,0.9418886198547215,0.970074812967581,1.0,0.0,0.0
3,0.6718137130049412,0.9677520661325736,0.9459241323648103,0.972210700953961,1.0,0.0,0.0
4,0.7474451808811937,0.9793980063866263,0.9531880548829701,0.9760330578512396,1.0,0.0,0.0
