,AUROC,AUPRC,accuracy,f1,recall,mcc,gmean
0,0.7328147901809358,0.7496283242777939,0.6789473684210526,0.6460348162475822,0.5985663082437276,0.35942259671664145,0.6726993063381552
1,0.7186037296614576,0.7289409667304815,0.6818980667838312,0.6471734892787524,0.6125461254612546,0.36116240159411994,0.6755192878293893
2,0.7501109686328663,0.7465312019158451,0.6947368421052632,0.6777777777777778,0.6678832116788321,0.3880523868959217,0.6932569140979158
3,0.6876329326804175,0.7194958472002976,0.5940246045694201,0.5443786982248521,0.4709897610921502,0.20183527222691217,0.584206237836986
4,0.7263222936233317,0.7357057471634345,0.6537785588752196,0.6204238921001927,0.575,0.309043520318986,0.6479272247570053
