,AUROC,AUPRC,accuracy,f1,recall,mcc,gmean
0,0.946067192467596,0.9019380731865041,0.9200394866732478,0.8301886792452831,0.7586206896551724,0.7844658216853181,0.8605011421844019
1,0.9644170089151558,0.9418433019226692,0.9387956564659428,0.8744939271255061,0.8059701492537313,0.8397096711821344,0.8917128225996196
2,0.9524317246539469,0.9163319366000157,0.9348469891411648,0.8571428571428571,0.8148148148148148,0.8169396279502331,0.8902766944004502
3,0.9705882352941175,0.9372985164942759,0.9279368213228035,0.8395604395604396,0.7701612903225806,0.7989662731028749,0.8683624483859341
4,0.9535904255319149,0.9156853163047659,0.9179841897233202,0.826722338204593,0.7615384615384615,0.7784019588989687,0.8603906641324917
