,AUROC,AUPRC,accuracy,f1,recall,mcc,gmean
0,0.9510552360006767,0.9724386546394771,0.891156462585034,0.9043824701195219,0.8832684824902723,0.7794329020450643,0.8926711506015101
1,0.9806530929169184,0.9875247702191046,0.9251700680272109,0.9394495412844037,0.9552238805970149,0.8423829975192509,0.9161178138472389
2,0.9670262455516015,0.9833380262493998,0.9229024943310657,0.9384057971014492,0.9217081850533808,0.8364457969733667,0.9233526255848181
3,0.9656970485332377,0.9838439992392546,0.9160997732426304,0.9328493647912885,0.9049295774647887,0.8241309701064432,0.9204839764355895
4,0.9761540260679127,0.9847051323318088,0.9136363636363637,0.92578125,0.9221789883268483,0.8225600336314333,0.9118513356504372
