,AUROC,AUPRC,accuracy,f1,recall,mcc,gmean
0,0.7625745950554137,0.702436306167167,0.6865671641791045,0.5,0.3652173913043478,0.36448701308339326,0.582202655266022
1,0.747005988023952,0.6369274298161418,0.700374531835206,0.5238095238095238,0.44,0.3291474242230241,0.6138130554703674
2,0.7093582887700536,0.6197915679441273,0.6891385767790262,0.49079754601226994,0.39215686274509803,0.3065486998154992,0.5850179393017045
3,0.7934174469056863,0.7286275455883711,0.6591760299625468,0.44171779141104295,0.3103448275862069,0.30911180633320534,0.5364111540962467
4,0.757313341493268,0.6715415030196346,0.7228464419475655,0.5316455696202531,0.4421052631578947,0.3608338376476531,0.62299863160495
