,AUROC,AUPRC,accuracy,f1,recall,mcc,gmean
0,0.8605492926613616,0.9449216046366592,0.8,0.8793774319066148,0.9741379310344828,0.3878363970864071,0.5241725406228938
1,0.8727194606028555,0.9607056898119142,0.8673139158576052,0.9219047619047619,0.9758064516129032,0.5252194302007013,0.6449166643576172
2,0.8344940476190477,0.9287291090644838,0.8258064516129032,0.8973384030418251,0.9833333333333333,0.4209157304853932,0.5300494136893096
3,0.8900179318589361,0.9591635585066829,0.8349514563106796,0.9024856596558317,0.9874476987447699,0.4631718977855776,0.5570823146715257
4,0.8700537955768081,0.9491991068501022,0.8220064724919094,0.8932038834951457,0.9623430962343096,0.4136388566528621,0.5744094397058529
