,AUROC,AUPRC,accuracy,f1,recall,mcc,gmean
0,0.8805631370286542,0.9733149564977907,0.8878944889307584,0.938659793814433,0.9967159277504105,0.41305973439632554,0.4642263957818742
1,0.8900174882457671,0.9780854076473908,0.8973151201130476,0.9440164355418593,0.9940508382909681,0.4251843144535062,0.4930221348190303
2,0.8743191721132897,0.9746316527432474,0.8911404335532517,0.9405405405405406,0.9950980392156863,0.4100923259743133,0.4718890563499125
3,0.8700069135043785,0.9717979448155171,0.8902496467263307,0.9402410874583227,0.996195652173913,0.39281753372121464,0.4479365812551458
4,0.8582666627324688,0.9731000253766511,0.9000942507068803,0.9461108286731063,0.9962526766595289,0.38307988309174223,0.438395343261506
