,AUROC,AUPRC,accuracy,f1,recall,mcc,gmean
0,0.7623456790123456,0.9736610386486113,0.9386602098466506,0.9682804674457429,0.9991386735572783,0.16098678619302662,0.19603165693691868
1,0.8548204693242861,0.9892980977735447,0.9539951573849879,0.9763583575279967,0.998303647158609,0.2338110794319635,0.2884301832273293
2,0.7528384747215081,0.9744322361187046,0.9418886198547215,0.9700249791840133,0.998286203941731,0.10749269814738521,0.1665237890864688
3,0.7654220365748052,0.9778341793630702,0.9459241323648103,0.9721876297218763,0.9991467576791809,0.07927955854419151,0.12211731316367935
4,0.8338199655464393,0.9878653729963789,0.9523809523809523,0.9755491089929549,0.9966130397967824,0.13622783706691408,0.22704393921511387
