,AUROC,AUPRC,accuracy,f1,recall,mcc,gmean
0,0.8940295358649788,0.9790329831981974,0.9132165605095541,0.9529157667386609,0.9972875226039783,0.49657847581238884,0.5408675191737502
1,0.8975225010336163,0.9842662050152262,0.9020700636942676,0.9474134245404019,0.9937219730941704,0.3426461144680187,0.4197521163747647
2,0.9175976707969395,0.984770357287259,0.8964968152866242,0.9437716262975778,0.9972577696526508,0.4174035551564935,0.4641733787522065
3,0.9084376590330789,0.9858629690930768,0.9132165605095541,0.9535577332765233,0.9946666666666667,0.39250881029189194,0.4610862271916744
4,0.8784147657853221,0.9765702934306274,0.8852589641434263,0.9378238341968912,0.985480943738657,0.2740126045912925,0.40128082186482894
