,AUROC,AUPRC,accuracy,f1,recall,mcc,gmean
0,0.9075438596491228,0.9761947209981587,0.9022421524663677,0.945088161209068,0.9873684210526316,0.5496599830556876,0.6378992635945098
1,0.9179263220439691,0.9774356943070712,0.8869955156950673,0.9363636363636364,0.9914438502673797,0.5094830760540543,0.5843777256220574
2,0.9131571304095266,0.9802686003704123,0.8878923766816144,0.9369641956631367,0.9893503727369543,0.5016179642676248,0.5855765066123562
3,0.9148090328202149,0.9808556234566513,0.8869955156950673,0.936105476673428,0.9829605963791267,0.499996847445925,0.6071327891344467
4,0.9154240721764838,0.9789157564799198,0.874439461883408,0.9295774647887324,0.9903536977491961,0.44315931763890914,0.5267985340935626
