,AUROC,AUPRC,accuracy,f1,recall,mcc,gmean
0,0.7531339787346961,0.9327804130892817,0.8873949579831932,0.938475665748393,0.991270611057226,0.3739319971325206,0.4604017986508266
1,0.7236779361256481,0.9237660339352278,0.8781512605042017,0.9335167354424576,0.989310009718173,0.3054464500731035,0.4073194471965933
2,0.7192384743967641,0.9212440930010101,0.8847771236333053,0.9375854214123007,0.9913294797687862,0.29555828118476785,0.38858358885534
3,0.7330368635201825,0.9323466290693113,0.8781512605042017,0.9335167354424576,0.9873908826382153,0.2967615343876023,0.4094754569958511
4,0.7236348064405618,0.9268628899096494,0.894869638351556,0.9430523917995444,0.9857142857142858,0.330789455090689,0.4534893832941786
