,AUROC,AUPRC,accuracy,f1,recall,mcc,gmean
0,0.8395162175010056,0.9587873322750669,0.8594449418084154,0.9226219812715624,0.9925768822905621,0.2881187807552885,0.37000967038444893
1,0.7947815627159419,0.9500364081324042,0.8603401969561325,0.9230009871668312,0.9811122770199371,0.25408532190939287,0.3943883749037975
2,0.8094179669611643,0.9432336399239378,0.8433303491495077,0.9129786176031826,0.9945828819068255,0.28180701618506077,0.3507722641071038
3,0.8457013207500061,0.9645250137500544,0.8603401969561325,0.9229249011857708,0.9852320675105485,0.27631446758909917,0.3967416536989679
4,0.8362249292481851,0.9626464511473004,0.8585496866606983,0.9220907297830375,0.9894179894179894,0.27093022880701767,0.37156200573368064
