,AUROC,AUPRC,accuracy,f1,recall,mcc,gmean
0,0.8070109657749803,0.9811770384355964,0.9610486891385768,0.9798605731990705,0.995279307631786,0.4446281570030368,0.5290768425015782
1,0.8911554216300203,0.9920449052132475,0.9573033707865168,0.9780177400694177,1.0,0.3779325399954122,0.3863337046431279
2,0.7885281647486372,0.981009496866592,0.9602996254681648,0.9794970986460348,0.9968503937007874,0.43052117374760684,0.4953570010098016
3,0.8285957835621324,0.982933326653777,0.9565543071161049,0.9775367931835787,0.9984177215189873,0.4196513137527306,0.45927477771773334
4,0.78754201383076,0.9802052097551917,0.9625187406296851,0.9806501547987616,0.99528672427337,0.43966833175903036,0.5266640188316672
