,AUROC,AUPRC,accuracy,f1,recall,mcc,gmean
0,0.8271035398429236,0.9911506913985133,0.9717285945072698,0.9856380796060731,1.0,0.22917983590096086,0.23249527748763857
1,0.8392612468600138,0.9935335076022771,0.9765561843168957,0.9881293491608678,0.9991721854304636,0.1267455914577368,0.18561846161065348
2,0.8461488589211618,0.9944600948819958,0.973322554567502,0.986469864698647,0.9983402489626556,0.09549902212593454,0.1766299317218998
3,0.7087525933609959,0.9850423274471842,0.973322554567502,0.986469864698647,0.9983402489626556,0.09549902212593454,0.1766299317218998
4,0.8526600166251039,0.9940808997887582,0.973322554567502,0.986469864698647,1.0,0.1691936734731729,0.17149858514250885
