,AUROC,AUPRC,accuracy,f1,recall,mcc,gmean
0,0.8177567775380112,0.800879703914124,0.7557117750439367,0.7225548902195609,0.6779026217228464,0.5095461556551386,0.74761818886458
1,0.8150127257901111,0.8304977226940213,0.7293497363796133,0.7137546468401487,0.6713286713286714,0.4623347356730597,0.7273221461378183
2,0.829486767649312,0.8303695722970604,0.7592267135325131,0.74487895716946,0.6993006993006993,0.5227179044184019,0.7571514457453098
3,0.7773728038745706,0.7731185118830786,0.7152899824253075,0.6943396226415094,0.6501766784452296,0.43367480714298234,0.7120083858950798
4,0.815018315018315,0.7808873404798988,0.7311072056239016,0.700587084148728,0.6556776556776557,0.4621957299030057,0.7245585897532028
