,AUROC,AUPRC,accuracy,f1,recall,mcc,gmean
0,0.9823316697682287,0.9900348082171597,0.9523809523809523,0.9584158415841584,0.9416342412451362,0.9035393396349658,0.9544258886140442
1,0.9872422569234751,0.9922522112079264,0.9387755102040817,0.949343339587242,0.9440298507462687,0.8720738585637996,0.9373089199341623
2,0.9877669039145909,0.9940699807779003,0.9523809523809523,0.9616087751371115,0.9359430604982206,0.9013927668945303,0.9583288204545864
3,0.9866219610657576,0.9933031525803031,0.9387755102040817,0.9509981851179673,0.9225352112676056,0.872578243803015,0.9450688382323992
4,0.9898790159681912,0.9933253894650198,0.9545454545454546,0.9610894941634242,0.9610894941634242,0.9064446854202547,0.9531898775006974
