,AUROC,AUPRC,accuracy,f1,recall,mcc,gmean
0,0.9079687658265729,0.8861206742838369,0.8328840970350404,0.8074534161490683,0.7938931297709924,0.6602109632643882,0.8280570664676057
1,0.8984359494564139,0.8689853359002119,0.818733153638814,0.790007806401249,0.7643504531722054,0.631970112803249,0.8119578268169542
2,0.8955134281200632,0.8714086022606363,0.8199595414699933,0.7872509960159363,0.7804107424960506,0.631295547424011,0.814180610171354
3,0.9032295821775665,0.8750359702565057,0.8382749326145552,0.8095238095238095,0.8082408874801902,0.6690117471617834,0.8339575077595304
4,0.904595322377206,0.8920824010021049,0.8368172623061362,0.8038897893030794,0.7678018575851393,0.6668514732096682,0.8266848650304448
