,AUROC,AUPRC,accuracy,f1,recall,mcc,gmean
0,0.7788333333333334,0.7519182770763642,0.7096774193548387,0.7305389221556886,0.7625,0.4187750914175726,0.7058092282385281
1,0.7808309285350534,0.8002639893060213,0.7022653721682848,0.7371428571428571,0.75,0.3943998666957705,0.694083442258579
2,0.7814483795522886,0.8083999917588824,0.7129032258064516,0.7359050445103857,0.7560975609756098,0.4226311658394688,0.7087586264104253
3,0.7844311377245509,0.8170453343076266,0.7152103559870551,0.7349397590361446,0.7305389221556886,0.42730777947788956,0.7136661610236494
4,0.7941251056635671,0.8036091219541643,0.7281553398058253,0.7558139534883721,0.7692307692307693,0.44980281326307037,0.722480464772593
