,AUROC,AUPRC,accuracy,f1,recall,mcc,gmean
0,0.724680170575693,0.2741432942774836,0.8580645161290322,0.043478260869565216,0.023809523809523808,0.03825653156829506,0.15343728128870096
1,0.79337821129276,0.4805595097445221,0.8155339805825242,0.2191780821917808,0.13793103448275862,0.19993662624327563,0.3661753026163666
2,0.7952910894087364,0.4667049463082395,0.8580645161290322,0.37142857142857144,0.2549019607843137,0.35818307828666995,0.4989958878144384
3,0.7718954248366013,0.45578017206539234,0.8381877022653722,0.1935483870967742,0.1111111111111111,0.24694735845986068,0.3320235705731176
4,0.7829372166506389,0.48598546505886914,0.8187702265372169,0.17647058823529413,0.10344827586206896,0.19310031236814118,0.3190606490319378
