,AUROC,AUPRC,accuracy,f1,recall,mcc,gmean
0,0.7702770550915149,0.6109731620474855,0.7354838709677419,0.5494505494505495,0.45871559633027525,0.38743355090369,0.6373584171987333
1,0.7353383458646615,0.6010794285871381,0.6699029126213593,0.5277777777777778,0.4789915966386555,0.2815040272331801,0.6149400462680908
2,0.7935087719298245,0.7181756287900468,0.7451612903225806,0.6146341463414634,0.525,0.4468003435043714,0.6813299687492026
3,0.7504795117698344,0.6726213018647189,0.6731391585760518,0.4419889502762431,0.3225806451612903,0.2915314619552723,0.5412375628037215
4,0.810217711857056,0.7234273959853073,0.7313915857605178,0.6210045662100456,0.5396825396825397,0.43184063007324597,0.6826092709413555
