,AUROC,AUPRC,accuracy,f1,recall,mcc,gmean
0,0.7559701492537314,0.9804147908135727,0.9469964664310954,0.9726775956284153,0.996268656716418,0.16832140083336417,0.25771672519990085
1,0.7859538784067086,0.9765621746401969,0.9363957597173145,0.9671532846715328,1.0,0.0,0.0
2,0.6691048415186347,0.9426313916848479,0.9187279151943463,0.9574861367837338,0.9923371647509579,0.09880717822989897,0.21238228448109125
3,0.7745247148288973,0.9776094374557478,0.9363957597173145,0.9669117647058824,1.0,0.30593186504485287,0.31622776601683794
4,0.77363184079602,0.9838989109708715,0.950530035335689,0.9744525547445255,0.996268656716418,0.2835208836179873,0.36446648802807974
