,AUROC,AUPRC,accuracy,f1,recall,mcc,gmean
0,0.8798054243313133,0.9485754842822937,0.8257113821138211,0.8888168557536467,0.9435650378527185,0.5102211226175634,0.6821802848215455
1,0.8719682481464988,0.9416163915738396,0.8312150482968989,0.8910761154855643,0.9463414634146341,0.5400036755788689,0.7019529488626842
2,0.8809957876772629,0.950922800616293,0.826131164209456,0.8893203883495145,0.9398084815321477,0.5052576752503901,0.6834564583240759
3,0.8930120659091094,0.9567007797684732,0.8322318251143874,0.8918032786885246,0.927694406548431,0.5287889285440901,0.7161821468682705
4,0.8839955203083695,0.9495357444694099,0.8215556685307575,0.884272997032641,0.9377622377622378,0.5160851736710372,0.6929877765475729
