,AUROC,AUPRC,accuracy,f1,recall,mcc,gmean
0,0.8748748970146696,0.905500966031583,0.7923990498812351,0.8149089368911479,0.799667497921862,0.5793056246710694,0.791140840021782
1,0.8658474297567276,0.8973157457569658,0.7838479809976246,0.8072850487081745,0.8001679261125105,0.5613655184810349,0.7811489633575068
2,0.8686628696011618,0.8968803524822515,0.795249406175772,0.8138228941684665,0.8037542662116041,0.5866887004286464,0.7941021360188392
3,0.8621431879225709,0.895592017068889,0.792874109263658,0.8177257525083612,0.8016393442622951,0.5787498438516667,0.7911464804589924
4,0.8701006496964533,0.8984612582224745,0.7985748218527315,0.8175559380378657,0.798990748528175,0.5938105105060012,0.7985126985001827
