,AUROC,AUPRC,accuracy,f1,recall,mcc,gmean
0,0.93369269212182,0.9604508717990938,0.8590604026845637,0.8901408450704226,0.9043336058871627,0.6943964856190274,0.8406831223260742
1,0.9171584773676524,0.9457493110660131,0.8446050593701601,0.8795518207282913,0.9143094841930116,0.6653389340006998,0.8173161596210804
2,0.9310820338420704,0.9600229688436868,0.8564790913784203,0.8903785488958991,0.9156528791565288,0.6852489948215281,0.8302655876018886
3,0.9184041837673123,0.9490552015566869,0.8415074858027878,0.8771508603441377,0.8976248976248976,0.65555760273338,0.8182039324302146
4,0.9154377012163696,0.9484041728127202,0.8466701084150748,0.882282996432818,0.8990306946688207,0.6636106938941914,0.8232921596254961
