,AUROC,AUPRC,accuracy,f1,recall,mcc,gmean
0,0.8894804414335664,0.9442452328126831,0.8262994224788983,0.8762266540044318,0.9010416666666666,0.5883299358255589,0.7745026225612875
1,0.8911006723058373,0.9455481795677843,0.8365171035095513,0.8853582554517134,0.9144144144144144,0.6052308699973644,0.778531394777023
2,0.8847430460006525,0.934816807047526,0.8106666666666666,0.8632862644415917,0.8990641711229946,0.5617506151614259,0.7557487354611189
3,0.8884758162850562,0.943167325863167,0.8187472234562416,0.8709677419354839,0.9029508196721312,0.571809037783199,0.761301518919843
4,0.8892525827289475,0.9485544754430357,0.8226666666666667,0.8761254268860602,0.9015974440894569,0.5678382505399011,0.7610047866173653
