,AUROC,AUPRC,accuracy,f1,recall,mcc,gmean
0,0.6358024691358025,0.30114942528735633,0.9,0.0,0.0,0.0,0.0
1,0.7833333333333333,0.4028571428571429,0.8275862068965517,0.0,0.0,0.0,0.0
2,0.4166666666666667,0.07919254658385093,0.9310344827586207,0.0,0.0,0.0,0.0
3,0.4294871794871795,0.11143790849673202,0.896551724137931,0.0,0.0,0.0,0.0
4,0.49,0.1681253529079616,0.8620689655172413,0.0,0.0,0.0,0.0
