,AUROC,AUPRC,accuracy,f1,recall,mcc,gmean
0,0.5454545454545454,0.20257142857142857,0.8421052631578947,0.0,0.0,-0.06399221901922213,0.0
1,0.8071428571428572,0.1736111111111111,0.918918918918919,0.0,0.0,-0.03984095364447979,0.0
2,0.42121212121212126,0.1491755326226376,0.8157894736842105,0.0,0.0,-0.09174698042719671,0.0
3,0.8285714285714285,0.5934604611075199,0.8108108108108109,0.0,0.0,0.0,0.0
4,0.54375,0.33646125116713355,0.8648648648648649,0.0,0.0,0.0,0.0
