,AUROC,AUPRC,accuracy,f1,recall,mcc,gmean
0,0.8034519325703003,0.9472313896043226,0.8567591763652641,0.9214916584887144,0.9957582184517497,0.25891199650863456,0.32095088545495387
1,0.7612033885291632,0.9427700117522498,0.8576544315129812,0.9218673218673219,0.9842602308499475,0.21577049661429137,0.34645596469032797
2,0.7790821056393875,0.9323916331490261,0.8370635631154879,0.9099901088031652,0.9967497291440953,0.22284605762915946,0.27761173971322844
3,0.8187401692757097,0.9563516357479817,0.855863921217547,0.9208845208845209,0.9883966244725738,0.2234756827040384,0.33334893729237836
4,0.8044604405069522,0.9500232232801478,0.8531781557743957,0.9195289499509323,0.9915343915343915,0.21048314144971333,0.3037034035898123
