,AUROC,AUPRC,accuracy,f1,recall,mcc,gmean
0,0.8170303652438823,0.9900237613460972,0.9661515820456218,0.9827586206896551,0.9984767707539984,0.14005405528269213,0.20835554590901442
1,0.7964750242147502,0.9909295657499128,0.96759941089838,0.9835329341317365,1.0,0.0,0.0
2,0.7225647718919243,0.9838891055286376,0.9631811487481591,0.9812312312312312,1.0,0.13742406218310724,0.14002800840280097
3,0.7732029262086515,0.9868155522282847,0.9646539027982327,0.9820089955022488,1.0,0.0,0.0
4,0.7564664208776115,0.9864053051714815,0.9617083946980854,0.980465815176559,1.0,0.13470304004502687,0.13736056394868904
