,AUROC,AUPRC,accuracy,f1,recall,mcc,gmean
0,0.8755816757082581,0.9769765445835568,0.9076433121019108,0.9500430663221361,0.9972875226039783,0.45054138550488715,0.4959814400851924
1,0.8700378462614891,0.9797382687551239,0.9020700636942676,0.947547974413646,0.9964125560538116,0.3379942680456609,0.39429509985195277
2,0.8931320107432235,0.980731295326859,0.89171974522293,0.9414298018949182,0.9990859232175503,0.37631219467121985,0.4080616626641841
3,0.8872739609838847,0.9840082564547326,0.910828025477707,0.9523404255319149,0.9946666666666667,0.3654448320502716,0.43568553218078515
4,0.85265055810588,0.9724318162495894,0.8852589641434263,0.938091143594153,0.9900181488203267,0.2545105023442769,0.3597417644654236
