,AUROC,AUPRC,accuracy,f1,recall,mcc,gmean
0,0.7573217673504994,0.9361592369094919,0.880672268907563,0.935278030993619,0.9951503394762367,0.3050609396699382,0.37107109516018444
1,0.7057506232306587,0.9228781277792582,0.873109243697479,0.9312072892938497,0.9931972789115646,0.24036267319429788,0.3238390995070609
2,0.7143959984177417,0.9197035224623671,0.8814129520605551,0.9361702127659575,0.9961464354527938,0.24231868728193184,0.3039045041750367
3,0.7270281646322494,0.9305239089790318,0.8756302521008403,0.9323583180987203,0.9893307468477207,0.2645939618829053,0.36998450104075503
4,0.7243782117163412,0.9366795368000173,0.8973927670311186,0.9447963800904977,0.9942857142857143,0.3327545506162264,0.40561323524809634
