,AUROC,AUPRC,accuracy,f1,recall,mcc,gmean
0,0.8644144470179502,0.9931824672789689,0.9792307692307692,0.9893238434163701,0.9960191082802548,0.6289606586851396,0.7056979198921641
1,0.8597928465428996,0.9907360891610335,0.976905311778291,0.9880478087649402,0.9951845906902087,0.6626322458752015,0.7379261241596505
2,0.8689624329159212,0.9915025410821132,0.9730561970746728,0.9861055974593093,0.9959903769045709,0.5758286044422879,0.6491383088949617
3,0.852231097995319,0.9942750463364184,0.9807544264819091,0.9902305588120359,0.999211356466877,0.43898456349334547,0.4750035482131699
4,0.8976716749366738,0.994432575393509,0.9799846035411856,0.9897314375987362,1.0,0.6526439932578982,0.659380473395787
