,AUROC,AUPRC,accuracy,f1,recall,mcc,gmean
0,0.7935127360346184,0.9813835916989988,0.9588014981273408,0.9787562765546544,0.996852871754524,0.3810329547963641,0.4499841548045194
1,0.8465028956165546,0.988851411973669,0.9565543071161049,0.9776234567901234,0.999211356466877,0.35857584661354325,0.38618133480693395
2,0.7847607510599637,0.9813604894295278,0.9558052434456928,0.977211278485902,0.9960629921259843,0.3269133169486596,0.41056608038144354
3,0.8114525762167945,0.9846032853595286,0.954307116104869,0.9764205643602628,0.9992088607594937,0.3664739595259306,0.393455215490329
4,0.79501113929919,0.9854051810168993,0.9625187406296851,0.9807098765432098,0.9984289080911233,0.41909367889530397,0.4612807509885216
