,AUROC,AUPRC,accuracy,f1,recall,mcc,gmean
0,0.7033061684224475,0.9686388196104941,0.9386602098466506,0.9683069224353628,1.0,0.15513113020276648,0.16012815380508713
1,0.8300678541136557,0.9847766820693163,0.9515738498789347,0.9751655629139073,0.9991518235793045,0.08458584868877331,0.12904468370680136
2,0.7433530895934495,0.9740171393001007,0.9410815173527038,0.9696465696465697,0.9991431019708654,-0.0070594440060835805,0.0
3,0.7568132036065407,0.9783551414929594,0.9459241323648103,0.9721876297218763,0.9991467576791809,0.07927955854419151,0.12211731316367935
4,0.7745335630237379,0.9850639792821672,0.9539951573849879,0.9763975155279503,0.9983065198983911,0.16669883965174606,0.22723675788189596
