,AUROC,AUPRC,accuracy,f1,recall,mcc,gmean
0,0.7417692463487635,0.9864313178654004,0.9709208400646203,0.985233798195242,1.0,0.16198909975469544,0.1643989873053573
1,0.8014101393012103,0.992898948362443,0.9765561843168957,0.9881390593047035,1.0,0.0,0.0
2,0.8120072614107884,0.993129055316875,0.9741309620048505,0.9868852459016394,0.9991701244813278,0.12019351134176487,0.17670332874635242
3,0.6506483402489627,0.9808552715857618,0.973322554567502,0.9864809504301516,0.9991701244813278,-0.00463524005005246,0.0
4,0.7581047381546135,0.9895389009729032,0.9725141471301536,0.9860541427399507,0.999168744804655,0.11630376188007317,0.17142729077852897
