,AUROC,AUPRC,accuracy,f1,recall,mcc,gmean
0,0.8226180758950721,0.9875175475707225,0.9508050089445438,0.9746660525103639,0.9990557129367328,0.25644700606727994,0.2909737761112999
1,0.8748014418377322,0.9914318190377849,0.9490161001788909,0.9736963544070143,0.9990530303030303,0.278042164688111,0.31093817925698364
2,0.812155745489079,0.9823316629065703,0.945438282647585,0.9718504845408399,1.0,0.24118200849322458,0.2480694691784169
3,0.7921608359655918,0.986642653836285,0.9588550983899821,0.9789762340036563,1.0,0.1428299288623714,0.14586499149789456
4,0.8290696108792245,0.9888330919559252,0.9507609668755596,0.9747358750574184,1.0,0.1302961493427114,0.1336306209562122
