,AUROC,AUPRC,accuracy,f1,recall,mcc,gmean
0,0.8355451699660508,0.9865758680064992,0.9446153846153846,0.9714512291831879,0.9991843393148451,0.16618475873335734,0.20126468447163476
1,0.8504713114754099,0.9870367500894259,0.9423076923076923,0.9701789264413518,1.0,0.2426526506764533,0.25
2,0.8081454918032789,0.9829875082020458,0.9392307692307692,0.9685884691848906,0.9983606557377049,0.1392269307159978,0.19349037337853253
3,0.8338139292722976,0.9849904199628065,0.9376923076923077,0.967741935483871,0.9975369458128078,0.15386037112032225,0.22059088562344767
4,0.8146534316747082,0.9849839856866056,0.939183987682833,0.9686134286849424,0.997545008183306,0.04488774712165406,0.11382060435793939
