,AUROC,AUPRC,accuracy,f1,recall,mcc,gmean
0,0.8116923382196095,0.7968403871414229,0.7521968365553603,0.7196819085487077,0.6779026217228464,0.5021956884247235,0.7446096527612585
1,0.7863796980404756,0.810465067418845,0.7152899824253075,0.6943396226415094,0.6433566433566433,0.4357745879622907,0.7120083858950798
2,0.8007610763794508,0.8149468944512474,0.7258347978910369,0.7045454545454546,0.6503496503496503,0.45759815489631545,0.7222593394762532
3,0.7662037609034076,0.7660569275940915,0.6836555360281195,0.6525096525096525,0.5971731448763251,0.37207387230396544,0.6777639394340578
4,0.7748242748242749,0.766297530525523,0.7223198594024605,0.6889763779527559,0.6410256410256411,0.44474821453606384,0.7149041971397364
