,AUROC,AUPRC,accuracy,f1,recall,mcc,gmean
0,0.9802698358991709,0.9885054232063532,0.9387755102040817,0.9465346534653465,0.9299610894941635,0.8757306915556595,0.9404647054997038
1,0.9862177551548617,0.9916701536366834,0.927437641723356,0.9405204460966543,0.9440298507462687,0.8475389841391764,0.9226396434446088
2,0.9831405693950178,0.992002068058996,0.9410430839002267,0.9523809523809523,0.9252669039145908,0.877767730641025,0.9467588463633492
3,0.9819009598995244,0.9913235267954817,0.9455782312925171,0.9565217391304348,0.9295774647887324,0.8866146447780859,0.951784619806982
4,0.9859454402415428,0.9916839487877119,0.9522727272727273,0.9592233009708738,0.9610894941634242,0.9016994582524774,0.9504310008677281
