,AUROC,AUPRC,accuracy,f1,recall,mcc,gmean
0,0.8785126934870486,0.8478055323798926,0.8032345013477089,0.7725856697819314,0.7572519083969466,0.5996960573859612,0.7973473272335031
1,0.8683099212737337,0.8328379036910908,0.7877358490566038,0.7513812154696132,0.7190332326283988,0.5685982702309694,0.7785834899775026
2,0.8600204441966359,0.8229362814118835,0.7821982467970331,0.7413931144915933,0.731437598736177,0.5534874620071689,0.7744538920837477
3,0.8625825138459766,0.8185059852708436,0.8005390835579514,0.7669291338582677,0.7717908082408875,0.5926544155417626,0.7964055802623384
4,0.8683748164423286,0.850673603753376,0.7909642616318274,0.75,0.7198142414860681,0.5724205438891223,0.7803045104310035
