,AUROC,AUPRC,accuracy,f1,recall,mcc,gmean
0,0.8501278772378517,0.8193418559178867,0.7611940298507462,0.6831683168316832,0.6,0.5098714010477995,0.7276068751089989
1,0.8609580838323353,0.7872367127710543,0.7827715355805244,0.6914893617021277,0.65,0.5274653394283263,0.7486514822774131
2,0.8122400475341651,0.7274292836673628,0.7191011235955056,0.6031746031746031,0.5588235294117647,0.3908352168080558,0.6761798956911529
3,0.8380908883306691,0.7905274560612147,0.7528089887640449,0.6826923076923077,0.6120689655172413,0.49335792232364356,0.7259110079788773
4,0.8772949816401469,0.8052512576283752,0.7865168539325843,0.6815642458100558,0.6421052631578947,0.5241468697191178,0.7458165659605581
