,AUROC,AUPRC,accuracy,f1,recall,mcc,gmean
0,0.7489776746242263,0.8828042952102547,0.7645161290322581,0.8598848368522073,0.9655172413793104,0.22825027674911652,0.401147778542877
1,0.7734994711792702,0.9279683786592332,0.8381877022653722,0.9084249084249084,1.0,0.38739064911036997,0.4246502900652006
2,0.7582440476190476,0.8984267590248172,0.8064516129032258,0.8880597014925373,0.9916666666666667,0.3283870698725762,0.41231056256176607
3,0.8173939031679618,0.9312825664957955,0.7961165048543689,0.8835489833641405,1.0,0.2813166771588242,0.31622776601683794
4,0.7924088463837418,0.9207584695976642,0.8058252427184466,0.8872180451127819,0.9874476987447699,0.32711971804762163,0.42823258172703316
