,AUROC,AUPRC,accuracy,f1,recall,mcc,gmean
0,0.7222083333333333,0.7108227462510952,0.6774193548387096,0.7191011235955056,0.8,0.35928347624495816,0.6613118276073198
1,0.7247496180614497,0.7540193999363267,0.6699029126213593,0.7258064516129032,0.7848837209302325,0.3227465262605184,0.6422566732681682
2,0.7281364851319745,0.7396928119634458,0.6451612903225806,0.7105263157894737,0.823170731707317,0.2914416163931724,0.6053760156139776
3,0.7726026819600236,0.7752054514605187,0.6990291262135923,0.7479674796747967,0.8263473053892215,0.3934687331661709,0.6737277515747491
4,0.7555367709213863,0.75680194456228,0.6731391585760518,0.7247956403269755,0.7869822485207101,0.3348170662790334,0.6493055006205435
