,AUROC,AUPRC,accuracy,f1,recall,mcc,gmean
0,0.7573294243070362,0.29069477931022614,0.864516129032258,0.0,0.0,0.0,0.0
1,0.7471836790767963,0.41867992242202257,0.8122977346278317,0.0,0.0,0.0,0.0
2,0.7477098947687183,0.34467284980461466,0.832258064516129,0.0,0.0,-0.025243871819464032,0.0
3,0.6967320261437909,0.4313651398149469,0.8284789644012945,0.03636363636363636,0.018518518518518517,0.12382201069232533,0.13608276348795434
4,0.7288432476988598,0.42911382939472287,0.8155339805825242,0.03389830508474576,0.017241379310344827,0.11853524609940265,0.13130643285972254
