,AUROC,AUPRC,accuracy,f1,recall,mcc,gmean
0,0.732119220411703,0.6116699674754058,0.7096774193548387,0.43037974683544306,0.3119266055045872,0.31059198624771084,0.5372601796301166
1,0.7088456435205662,0.5966573066986625,0.6601941747572816,0.3930635838150289,0.2857142857142857,0.23122932520643197,0.5056076519835918
2,0.719078947368421,0.6044931175414157,0.6774193548387096,0.4117647058823529,0.2916666666666667,0.281710243456918,0.5183052680392058
3,0.7340671316477767,0.6330498728392817,0.6440129449838188,0.3125,0.20161290322580644,0.2171808447928562,0.4354596525281621
4,0.736729117876659,0.6477132101053296,0.6666666666666666,0.3905325443786982,0.2619047619047619,0.2942735083613758,0.4975872047003931
