,AUROC,AUPRC,accuracy,f1,recall,mcc,gmean
0,0.7670398009950249,0.9793378543958499,0.9469964664310954,0.9727767695099818,1.0,0.0,0.0
1,0.7216981132075472,0.9707661094613893,0.9363957597173145,0.9671532846715328,1.0,0.0,0.0
2,0.6530825496342737,0.9464277517769937,0.9222614840989399,0.9595588235294118,1.0,0.0,0.0
3,0.7194866920152092,0.9716958074668363,0.9293286219081273,0.9633699633699634,1.0,0.0,0.0
4,0.7422885572139304,0.9809217755112412,0.9469964664310954,0.9727767695099818,1.0,0.0,0.0
