,AUROC,AUPRC,accuracy,f1,recall,mcc,gmean
0,0.8634342070974683,0.9417596175390226,0.8140243902439024,0.8819354838709678,0.9408121128699243,0.4724565992556589,0.6552118852787607
1,0.8657279086217287,0.9424318779846185,0.8063040162684291,0.8768982229402261,0.9456445993031359,0.4603169153569633,0.6380076678900499
2,0.8781419728840189,0.9512086350377357,0.8317234367056431,0.8933290364163713,0.948016415868673,0.5205046714796775,0.6850657321459958
3,0.8706978947970361,0.9471273302170449,0.8271479410269446,0.8903932946486138,0.942019099590723,0.5043189308320416,0.6801090356684287
4,0.8751871964162468,0.950770127709078,0.8042704626334519,0.8730629739531817,0.9258741258741259,0.46612997773525994,0.6669583037278951
