,AUROC,AUPRC,accuracy,f1,recall,mcc,gmean
0,0.8453197199167639,0.875575759694573,0.7752969121140143,0.8039784500621633,0.8063175394846218,0.5407796568533841,0.7692699703573457
1,0.8360933661836494,0.8770761283209584,0.7553444180522565,0.7822410147991543,0.7766582703610412,0.5032088173151965,0.7517141241834018
2,0.8486875797914173,0.8785906360322775,0.7714964370546318,0.7983228511530398,0.8122866894197952,0.5353616209512574,0.7648891192367675
3,0.8445410762248773,0.8863417588797052,0.763895486935867,0.793002915451895,0.780327868852459,0.5188046875413589,0.7605343660853539
4,0.8298196532258952,0.868009539843782,0.7548693586698337,0.7809847198641766,0.7737594617325484,0.5028356972625319,0.751741123025091
