,AUROC,AUPRC,accuracy,f1,recall,mcc,gmean
0,0.8488041613041614,0.9645733857391233,0.8916627414036741,0.9404453650958052,0.9939792008757526,0.4415915486168517,0.5084967194990815
1,0.8420767982693347,0.9672495962683335,0.8996702779086199,0.9451455060520216,0.9924283396430503,0.445247314205766,0.5212006264079009
2,0.8217573548455901,0.9612472344263757,0.8897266729500471,0.9397838394235718,0.9945533769063181,0.3986124687419498,0.46433014150317947
3,0.8376862805346443,0.9603665260849947,0.8883655204898728,0.9391215001284356,0.9934782608695653,0.37770748107966834,0.45123207512311325
4,0.8179586993542296,0.9639410087772854,0.9000942507068803,0.9460559796437659,0.9951820128479657,0.3837723075726463,0.44701231577410194
