,AUROC,AUPRC,accuracy,f1,recall,mcc,gmean
0,0.9145434952394695,0.9496197581009087,0.839442436757873,0.8751505419510237,0.8912510220768601,0.6513159788143855,0.8179623413845194
1,0.9038501590319987,0.938798239409226,0.8270521424883841,0.8646464646464647,0.8901830282861897,0.627712482409314,0.8026972989908131
2,0.914951292118263,0.9517820578063647,0.8286009292720702,0.8693941778127459,0.8961881589618816,0.6231440709057178,0.7978077913820927
3,0.9049684524544861,0.9386276288022157,0.8347960764068146,0.871071716357776,0.8853398853398854,0.641998221784901,0.8141058934715837
4,0.8928477330874247,0.9351765599504138,0.8172431595250387,0.8597464342313788,0.8764135702746365,0.5986871392192508,0.7901883642051922
