,AUROC,AUPRC,accuracy,f1,recall,mcc,gmean
0,0.8858031942016317,0.9360903115947053,0.8285206574855619,0.879900435594275,0.9205729166666666,0.5892458506258901,0.762016450290163
1,0.8922224130258564,0.9454357636358688,0.8356286095068858,0.8876745598057073,0.9407979407979408,0.5981534479107179,0.7520362956326203
2,0.8883118022950679,0.9365759503884539,0.8222222222222222,0.87468671679198,0.9331550802139037,0.5864923128716798,0.7495820289066638
3,0.8870984058167366,0.9372207846356384,0.8245224344735673,0.8787971770481743,0.939016393442623,0.5812554197393055,0.7405445755298299
4,0.8828245609943797,0.9397638422615429,0.82,0.8773099060890639,0.9252396166134186,0.55330782418176,0.7322798394091901
