,AUROC,AUPRC,accuracy,f1,recall,mcc,gmean
0,0.6722211179575521,0.9608816703898497,0.937046004842615,0.9675,1.0,0.0,0.0
1,0.7012722646310432,0.9717898805386518,0.9515738498789347,0.9751861042183623,1.0,0.0,0.0
2,0.6588236694277825,0.9622931441078517,0.9418886198547215,0.970074812967581,1.0,0.0,0.0
3,0.5830128368396923,0.9548993827059388,0.9459241323648103,0.972210700953961,1.0,0.0,0.0
4,0.7227875266431136,0.9789268704970345,0.9531880548829701,0.9760330578512396,1.0,0.0,0.0
