,AUROC,AUPRC,accuracy,f1,recall,mcc,gmean
0,0.7660248715609546,0.9803260299768894,0.9481216457960644,0.9733455882352942,1.0,0.12676384031228613,0.13018891098082386
1,0.80653561827957,0.9838475505492493,0.9445438282647585,0.9714548802946593,0.9990530303030303,0.0822264395386134,0.12693998012160976
2,0.8025860179706334,0.9815556006645534,0.9427549194991055,0.9704797047970479,0.9990503323836657,0.13488823740583142,0.17532829271737552
3,0.7766950751931978,0.9855511405120829,0.9588550983899821,0.9789569990850869,0.9990662931839402,0.16145158088965583,0.20618792225642846
4,0.7738572101790764,0.9817994163364122,0.9507609668755596,0.9747126436781609,0.9990574929311969,0.14661398190240266,0.18889315696324932
