,AUROC,AUPRC,accuracy,f1,recall,mcc,gmean
0,0.7179152508045097,0.9847739759613974,0.970113085621971,0.984829848298483,1.0,0.0,0.0
1,0.7141898835350536,0.9879254679612757,0.9765561843168957,0.9881390593047035,1.0,0.0,0.0
2,0.7876945020746888,0.9924644877843549,0.9741309620048505,0.9868959868959869,1.0,0.0,0.0
3,0.6569891078838175,0.981966447084365,0.9741309620048505,0.9868959868959869,1.0,0.0,0.0
4,0.7262725539093443,0.9864890345699434,0.9725141471301536,0.9860655737704918,1.0,0.0,0.0
