,AUROC,AUPRC,accuracy,f1,recall,mcc,gmean
0,0.8494673046251994,0.9640862832035354,0.873542600896861,0.9298856290402785,0.9842105263157894,0.3648411720016493,0.48231895976352457
1,0.846473559120618,0.956515345306661,0.863677130044843,0.923923923923924,0.9871657754010695,0.365363818618129,0.4683696961923869
2,0.8605594684867848,0.967110508685988,0.8645739910313901,0.9245377311344328,0.9850905218317358,0.35415256901843645,0.46721205492745194
3,0.8451144834930777,0.9621774428688111,0.8654708520179372,0.9255952380952381,0.9936102236421726,0.3525245736342978,0.4250369446278486
4,0.8392224067465225,0.9547868430760102,0.8609865470852018,0.9227703039362232,0.992497320471597,0.35211796724412703,0.43059445809351493
