,AUROC,AUPRC,accuracy,f1,recall,mcc,gmean
0,0.8334901563404749,0.9897929282735927,0.9761538461538461,0.9877615475720489,0.9960191082802548,0.55569280498383,0.638327786077252
1,0.8386005027408461,0.9868886985453513,0.9730561970746728,0.9861055974593093,0.9967897271268058,0.5817964571198596,0.643243168268684
2,0.8524458700882117,0.9889407328477031,0.9730561970746728,0.9860834990059643,0.9943865276663993,0.5855821385166587,0.677456735263384
3,0.7725653810929074,0.9891364239181,0.9807544264819091,0.9902152641878669,0.9976340694006309,0.45939650808003046,0.5381781281025132
4,0.8541760644019569,0.9899751351086113,0.9815242494226328,0.9905138339920949,1.0,0.6850346061057248,0.6915640748081247
