,AUROC,AUPRC,accuracy,f1,recall,mcc,gmean
0,0.7726691581431943,0.9786138684090874,0.9558052434456928,0.977211278485902,0.995279307631786,0.31849173703609535,0.41359839337117016
1,0.8117260699656292,0.9827335990004475,0.9580524344569289,0.9783950617283951,1.0,0.39652865365620404,0.4051902077760665
2,0.7867231980617807,0.9799111524452069,0.9520599250936329,0.9752704791344667,0.9937007874015747,0.25367872484153964,0.3709303705469049
3,0.7766647352469247,0.97980924206724,0.952808988764045,0.9756474681097796,0.9984177215189873,0.33110616252115094,0.3749962857128707
4,0.7270807309440718,0.9767912786107318,0.9610194902548725,0.9799846035411856,1.0,0.3764979361803141,0.3841106397986879
