,AUROC,AUPRC,accuracy,f1,recall,mcc,gmean
0,0.7949994032700799,0.9822544989624715,0.9734386216798278,0.9862606758262161,0.9984962406015038,0.6340640245311046,0.666165224950989
1,0.8315910744603444,0.9858346502853494,0.9741379310344828,0.986627043090639,0.9984962406015038,0.6394260417022523,0.6715160356075635
2,0.7728871229248018,0.9795551596383401,0.9662598707824839,0.9825343738387217,0.9962321024868124,0.535482198616959,0.6018855531462054
3,0.8009256601607349,0.9879100873553547,0.9791666666666666,0.9892870336165497,0.9992537313432835,0.6579682261768347,0.6791126783168948
4,0.7991586103499974,0.9840332611142062,0.9741379310344828,0.9866666666666667,0.9985007496251874,0.608536661854412,0.6427851304929479
