,AUROC,AUPRC,accuracy,f1,recall,mcc,gmean
0,0.749107153740203,0.932145418137912,0.8433303491495077,0.9148418491484185,0.9968186638388123,0.04515922747967671,0.10704058011450945
1,0.7341514600875284,0.930018052466153,0.8522829006266786,0.9199417758369723,0.9947534102833159,0.07578828505780737,0.15576353327911213
2,0.7193625671555104,0.9086288722935495,0.8281110116383169,0.9057899901864573,1.0,0.09237991316582495,0.1015346165133619
3,0.7490699822734875,0.9316605323630618,0.8495971351835273,0.9184466019417475,0.9978902953586498,0.08396458579158557,0.13309406039223542
4,0.7626614987080103,0.9337753577942695,0.8487018800358102,0.917921321029626,1.0,0.12163812379088655,0.13206763594884358
