,AUROC,AUPRC,accuracy,f1,recall,mcc,gmean
0,0.8595177817962627,0.9766924989075924,0.8980891719745223,0.9449225473321858,0.9927667269439421,0.36495542516260077,0.4455932510583934
1,0.8631014852272365,0.976744727303396,0.9004777070063694,0.9468311356869418,0.9982062780269059,0.3174173623549732,0.3569742129122016
2,0.8554291646918094,0.9688271565791873,0.8845541401273885,0.9375269280482551,0.9945155393053017,0.3046129901478537,0.37576142782636796
3,0.841652247667515,0.9750371184590247,0.9044585987261147,0.9489795918367347,0.992,0.29442479463304033,0.38916626482698796
4,0.8214980487052654,0.9660940638832138,0.8860557768924303,0.938494623655914,0.9900181488203267,0.2641707623065064,0.368625614893663
