,AUROC,AUPRC,accuracy,f1,recall,mcc,gmean
0,0.7405313527694639,0.7459366614970995,0.6649122807017543,0.5961945031712473,0.5053763440860215,0.34102533602733537,0.6429089012454213
1,0.7455855766611358,0.7448251116587574,0.6748681898066784,0.605543710021322,0.5239852398523985,0.35236885554734454,0.6523175721331542
2,0.7546606825803908,0.7554321779173252,0.6842105263157895,0.628099173553719,0.5547445255474452,0.37163016167801977,0.6678656936321226
3,0.6940817134095069,0.7370225193100622,0.632688927943761,0.5777777777777777,0.4880546075085324,0.2864732359283107,0.6194546743585094
4,0.7159972812654474,0.7255171442531511,0.6379613356766256,0.5813008130081301,0.5107142857142857,0.2812100695947416,0.6235214840149262
