,AUROC,AUPRC,accuracy,f1,recall,mcc,gmean
0,0.9421946371172392,0.9696115889318955,0.9070294784580499,0.9191321499013807,0.9066147859922179,0.8102749415576879,0.9071116046955698
1,0.9643581226813907,0.978143981060986,0.9183673469387755,0.9323308270676691,0.9253731343283582,0.8296372449339035,0.9164002901828016
2,0.9591080960854093,0.9804862260068556,0.9206349206349206,0.9364791288566243,0.9181494661921709,0.8320276966732938,0.9215683676362585
3,0.9611891091773571,0.9818471208536641,0.9070294784580499,0.9269162210338681,0.9154929577464789,0.7997148772811826,0.9035281661548116
4,0.9615041143075843,0.9753006326066009,0.9181818181818182,0.9296875,0.9260700389105059,0.8319012754638718,0.9165378740892987
