,AUROC,AUPRC,accuracy,f1,recall,mcc,gmean
0,0.9480363984674329,0.9038817733547567,0.9190523198420533,0.826271186440678,0.7471264367816092,0.7817133848849824,0.8551199504256949
1,0.9622783732344986,0.9396997749635174,0.9249753208292202,0.8410041841004184,0.75,0.8029473676475948,0.8607784833018517
2,0.9414756025867137,0.9137346819137836,0.9358341559723593,0.8596112311015118,0.8189300411522634,0.8198564047658564,0.8925220364139334
3,0.9615644107105208,0.9311019300098592,0.930898321816387,0.8458149779735683,0.7741935483870968,0.8075072747655015,0.8717942993864767
4,0.9503503477905073,0.905758830011151,0.9219367588932806,0.8329809725158562,0.7576923076923077,0.7893242558150393,0.8611452808688462
