,AUROC,AUPRC,accuracy,f1,recall,mcc,gmean
0,0.8354948019779187,0.7876781720764074,0.7553908355795148,0.7264506405425772,0.7358778625954199,0.5054453724031163,0.7531405530443142
1,0.8263529009636801,0.7748401192365958,0.7540431266846361,0.722010662604722,0.716012084592145,0.5015512184995339,0.7495560685857267
2,0.8205380540841929,0.7508674814157739,0.7538772757923129,0.7245283018867924,0.7582938388625592,0.504530216729195,0.7544311992131889
3,0.8239326846795965,0.77291266866491,0.7479784366576819,0.7096273291925466,0.7242472266244057,0.48747839027271933,0.7446042238391674
4,0.8185728922770769,0.760619991299139,0.7633175994605529,0.7297921478060047,0.7337461300309598,0.5192690052411152,0.7594918705989027
