,AUROC,AUPRC,accuracy,f1,recall,mcc,gmean
0,0.7525433361750496,0.6998520908068,0.667910447761194,0.46706586826347307,0.3391304347826087,0.3181109450713223,0.5570596292319469
1,0.7280538922155689,0.6481801235997788,0.6928838951310862,0.4675324675324675,0.36,0.3039089186762608,0.5667429794804865
2,0.7545157456922164,0.6683517230201894,0.7153558052434457,0.5308641975308642,0.4215686274509804,0.3708027542317255,0.6149262427451254
3,0.7803151404430235,0.7226015352288546,0.6853932584269663,0.5,0.3620689655172414,0.37030454170900373,0.5814558352365802
4,0.7695226438188494,0.6599554535203218,0.7116104868913857,0.5032258064516129,0.4105263157894737,0.33083436555542234,0.6003365029453613
