,AUROC,AUPRC,accuracy,f1,recall,mcc,gmean
0,0.7710280373831776,0.773034246589371,0.693069306930693,0.7047619047619048,0.6915887850467289,0.3857189715579197,0.6931610264280444
1,0.7275313971742543,0.7074082433975255,0.6782178217821783,0.6948356807511737,0.7115384615384616,0.35535572034559165,0.676326535349296
2,0.8051788522012578,0.7208698955537006,0.7376237623762376,0.7309644670050761,0.75,0.4758309514308865,0.7381133522398283
3,0.6951530612244898,0.7003578734304471,0.6633663366336634,0.6880733944954128,0.7211538461538461,0.32576177717396493,0.6589112612753547
4,0.7779720279720279,0.7095547404743343,0.7114427860696517,0.7040816326530612,0.7582417582417582,0.4294700037107845,0.7142057897342404
