,AUROC,AUPRC,accuracy,f1,recall,mcc,gmean
0,0.75775,0.7192443163948027,0.7096774193548387,0.725609756097561,0.74375,0.41834024226006483,0.7076663526455576
1,0.7693939908334748,0.7786482427879337,0.7281553398058253,0.7666666666666667,0.8023255813953488,0.44513733491325896,0.713796908189978
2,0.7955228867357166,0.7790265158486189,0.7483870967741936,0.7705882352941177,0.7987804878048781,0.4942912373699166,0.7433579369224266
3,0.7867293581850384,0.800982875096074,0.7216828478964401,0.7378048780487805,0.7245508982035929,0.4418001006467469,0.7214236298037379
4,0.7802831783601015,0.7480804319915385,0.7637540453074434,0.7932011331444759,0.8284023668639053,0.5214409367512763,0.7536891516255932
