,AUROC,AUPRC,accuracy,f1,recall,mcc,gmean
0,0.7473640969464604,0.5725394593908217,0.7354838709677419,0.6095238095238096,0.5871559633027523,0.4106433338566864,0.6921506535949362
1,0.7739495798319328,0.660050872088445,0.7313915857605178,0.6343612334801763,0.6050420168067226,0.4241142067621151,0.7002874244052836
2,0.7970833333333331,0.6933589478245918,0.7161290322580646,0.6036036036036037,0.5583333333333333,0.3878375496590182,0.6748944036961271
3,0.7322798605056671,0.634975946622976,0.6666666666666666,0.507177033492823,0.4274193548387097,0.2792926549870994,0.5945480286117076
4,0.816766415127071,0.7396173433944211,0.7249190938511327,0.6320346320346321,0.5793650793650794,0.41968304675906687,0.6914154602777381
