,AUROC,AUPRC,accuracy,f1,recall,mcc,gmean
0,0.8215904067197171,0.9088294440133698,0.8,0.8764940239043825,0.9482758620689655,0.3977146786934448,0.58344384452753
1,0.8476996298254892,0.9405155500479324,0.8705501618122977,0.921875,0.9516129032258065,0.5558708088546512,0.7175005090128042
2,0.8502976190476191,0.9374904632041188,0.864516129032258,0.9169960474308301,0.9666666666666667,0.5762216389065575,0.7050835816716038
3,0.8772564255827853,0.9540165432647029,0.8737864077669902,0.9221556886227545,0.9665271966527197,0.6103882083775439,0.733821316022758
4,0.8644949193066349,0.9463904419333841,0.8576051779935275,0.9105691056910569,0.9372384937238494,0.5682718874987726,0.7409142830958231
