,AUROC,AUPRC,accuracy,f1,recall,mcc,gmean
0,0.6701759061833689,0.27493956453346124,0.8354838709677419,0.23880597014925373,0.19047619047619047,0.1596803812695725,0.4223668376635702
1,0.768374776755049,0.44510919673161076,0.8284789644012945,0.4044943820224719,0.3103448275862069,0.3360435100447681,0.5424676866852792
2,0.8360587478234537,0.5208303555394048,0.864516129032258,0.5,0.4117647058823529,0.43928408999397983,0.6266472727551843
3,0.7769426289034131,0.47183443019738947,0.8446601941747572,0.42857142857142855,0.3333333333333333,0.3671866820243355,0.5636018619766345
4,0.7265764528094518,0.4497529366397172,0.8220064724919094,0.42105263157894735,0.3448275862068966,0.3332726864754161,0.5669856521734681
