,AUROC,AUPRC,accuracy,f1,recall,mcc,gmean
0,0.912094806235431,0.952104802296279,0.8436250555308752,0.891358024691358,0.9401041666666666,0.6257418853867104,0.773464999893729
1,0.9166329682828966,0.958365277515199,0.8485117725455353,0.8962579860054761,0.9478764478764479,0.6314393713682425,0.7709038163128717
2,0.911238102668123,0.9466507159969217,0.84,0.8875702685821362,0.9498663101604278,0.6304767921833058,0.7686559452417522
3,0.9149442261662828,0.9551325282916244,0.8454020435362062,0.8916562889165629,0.939016393442623,0.6340427236611725,0.7805104649064473
4,0.9062274667101979,0.9515804734976854,0.8511111111111112,0.8981453329279416,0.9437699680511182,0.6340858522436372,0.7768279558576847
