,AUROC,AUPRC,accuracy,f1,recall,mcc,gmean
0,0.8823525074969634,0.8998906392356895,0.8166270783847981,0.837951301427372,0.829592684954281,0.6270097135215646,0.8143232235878709
1,0.8812120260083376,0.9040078354198036,0.8175771971496437,0.8365957446808511,0.8253568429890848,0.6305301762333816,0.8163491806944552
2,0.883252581675318,0.9013714327525735,0.8114014251781473,0.8285097192224622,0.818259385665529,0.6193238601559944,0.8104861255863254
3,0.8783161989441511,0.9036630220446553,0.807125890736342,0.8292682926829268,0.8081967213114755,0.6090907753113293,0.8069222144794576
4,0.879209346226876,0.9017680479508913,0.8133016627078384,0.8325521942905837,0.8216989066442388,0.6219622588825402,0.8119930036479811
