,AUROC,AUPRC,accuracy,f1,recall,mcc,gmean
0,0.9013036302527746,0.959639270973011,0.8419715447154471,0.8981329839502129,0.9435650378527185,0.5624322837872464,0.7238779074572013
1,0.8965772445049907,0.9573358912012954,0.8307066598881545,0.8891846921797005,0.9310104529616725,0.5435761717658897,0.7221536230127289
2,0.8919674662404682,0.9546888556813704,0.8429079816980173,0.8987880773010154,0.9384404924760602,0.5607767893550829,0.7290221048790521
3,0.9075825157325186,0.9612344132666137,0.8581596339603457,0.9087937234390323,0.9481582537517054,0.60286059860542,0.750982270426557
4,0.9032959591618809,0.9620377596252411,0.8362989323843416,0.8928809048569527,0.9384615384615385,0.5611822294008865,0.7276833040378932
