,AUROC,AUPRC,accuracy,f1,recall,mcc,gmean
0,0.946318347453454,0.9670861297741723,0.8822922044398555,0.9080645161290323,0.9206868356500408,0.7451324672371169,0.8670440019849711
1,0.9414015190102663,0.9589305316521497,0.8735157459989675,0.9018822587104526,0.9367720465890182,0.7286427846596547,0.8493398624008577
2,0.9467404427486544,0.9689555114752882,0.879710893133712,0.9072821329088738,0.9245742092457421,0.7372990063880894,0.8606451184472611
3,0.9442232989719024,0.9629840881412897,0.879710893133712,0.9062374245472837,0.9221949221949222,0.7394916307292002,0.8628171548928921
4,0.9346602924556429,0.956565036018411,0.8657718120805369,0.8969072164948454,0.9135702746365105,0.7057460415343906,0.844750998139513
