,AUROC,AUPRC,accuracy,f1,recall,mcc,gmean
0,0.8757831106969038,0.9687469634459903,0.9081488459726802,0.9487516425755584,0.9879584017515052,0.5540645767155996,0.640731432267365
1,0.8713163161780091,0.9710052540619711,0.9053226566179934,0.9477514946711724,0.9859383450513791,0.49457938649217226,0.5968527437019532
2,0.8861731949967244,0.9746321840158647,0.9048067860508954,0.9471204188481676,0.9852941176470589,0.5171187400732583,0.6183885189308878
3,0.8762962820709785,0.9723285331731475,0.9034385303815355,0.9463210264467138,0.9820652173913044,0.50595022687449,0.6206381052632175
4,0.8560736987640998,0.9682338448736845,0.9048067860508954,0.9478036175710595,0.9817987152034261,0.45024605797695655,0.5765587892236848
