,AUROC,AUPRC,accuracy,f1,recall,mcc,gmean
0,0.7901234567901234,0.47883597883597884,0.9333333333333333,0.5,0.3333333333333333,0.5570860145311556,0.5773502691896257
1,0.6833333333333333,0.2700356506238859,0.8275862068965517,0.0,0.0,0.0,0.0
2,0.3148148148148148,0.07323232323232323,0.9310344827586207,0.0,0.0,0.0,0.0
3,0.5256410256410255,0.13593813593813595,0.896551724137931,0.0,0.0,0.0,0.0
4,0.5349999999999999,0.3685897435897436,0.896551724137931,0.4,0.25,0.472455591261534,0.5
