,AUROC,AUPRC,accuracy,f1,recall,mcc,gmean
0,0.5529953917050692,0.24117401346503514,0.7894736842105263,0.0,0.0,-0.07812091314506639,0.0
1,0.5026041666666666,0.18315599682099096,0.8421052631578947,0.0,0.0,0.0,0.0
2,0.6078431372549019,0.19126984126984126,0.8648648648648649,0.0,0.0,-0.07100716024967263,0.0
3,0.4852941176470588,0.1273078529657477,0.8421052631578947,0.0,0.0,-0.08084520834544433,0.0
4,0.18181818181818177,0.08342801525504528,0.8108108108108109,0.0,0.0,-0.10341753799900383,0.0
