,AUROC,AUPRC,accuracy,f1,recall,mcc,gmean
0,0.903090909090909,0.9790483741504717,0.9022421524663677,0.944073884043099,0.968421052631579,0.5694595369928096,0.710459563288848
1,0.893083778966132,0.9700488416567797,0.9004484304932735,0.9425168306576903,0.9732620320855615,0.5904304756637071,0.7129228998988865
2,0.9001385661729111,0.9750038801980345,0.8932735426008969,0.9388803287108372,0.9733759318423855,0.5437676559217276,0.6734275725848141
3,0.9067976086746056,0.9770281753629589,0.9004484304932735,0.9430477167778348,0.9787007454739084,0.5763039694215348,0.6875085262499486
4,0.8949595420656513,0.9755401727863879,0.8825112107623319,0.9329923273657289,0.977491961414791,0.49868993411343376,0.6218521661968008
