,AUROC,AUPRC,accuracy,f1,recall,mcc,gmean
0,0.768755935422602,0.9744186935092445,0.9354317998385795,0.9663299663299664,0.9888027562446167,0.22879121632821584,0.3734254176503224
1,0.8110545660163981,0.9821727539634392,0.9572235673930589,0.9778705636743215,0.993214588634436,0.38680443392433855,0.49830075974115173
2,0.7875844996667619,0.9780838309781281,0.9402744148506861,0.9689336691855583,0.988860325621251,0.24042964718449777,0.3886848120019928
3,0.7322410982629515,0.9677037749694225,0.9483454398708636,0.9732217573221758,0.992320819112628,0.3003605047956381,0.4215792949500959
4,0.8433311921515958,0.9884427387828327,0.9467312348668281,0.9723849372384937,0.9839119390347163,0.23852428554532648,0.43197683784853397
