,AUROC,AUPRC,accuracy,f1,recall,mcc,gmean
0,0.8463024585268342,0.9636373189054455,0.8719785138764548,0.9279596977329975,0.9766702014846236,0.4075549329178441,0.5454278120460694
1,0.7978815294448852,0.9502190169022688,0.8746642793196061,0.9295065458207452,0.968520461699895,0.39965648433722956,0.5647150421694153
2,0.7973411444080821,0.9394519765903542,0.8397493285586393,0.9085334695963209,0.9631635969664138,0.31162688560642693,0.49322741169379064
3,0.8488752403065939,0.9681806336181606,0.8657117278424351,0.9240890688259109,0.9630801687763713,0.37397154767474367,0.5547339525128748
4,0.829128214593331,0.9578429784073376,0.8692927484333035,0.9264112903225806,0.9724867724867725,0.38918967006384314,0.5422247033208186
