,AUROC,AUPRC,accuracy,f1,recall,mcc,gmean
0,0.8267933512631718,0.9824138088714992,0.9453846153846154,0.9716566866267465,0.9926590538336052,0.2845421767327206,0.40121283436538213
1,0.874626024590164,0.9886784481644124,0.9438461538461539,0.9706945002007226,0.990983606557377,0.35145839667202,0.47219838148325943
2,0.8367930327868853,0.984711438987336,0.9392307692307692,0.9683366733466934,0.9901639344262295,0.2671383645567685,0.40112546583863545
3,0.8795456365893708,0.9903115640686215,0.9438461538461539,0.9707649179014818,0.9950738916256158,0.3432475230199679,0.4266447138811573
4,0.8683869322167195,0.9885022204009135,0.9430331023864511,0.9703049759229535,0.9893617021276596,0.31512691687977407,0.45341112953936524
