,AUROC,AUPRC,accuracy,f1,recall,mcc,gmean
0,0.7899033297529539,0.9806694371415092,0.9655419956927495,0.9821295606850335,0.9917293233082707,0.5226444231569427,0.6397539507934236
1,0.8356172689788989,0.9854765152019634,0.9719827586206896,0.9854423292273237,0.9924812030075187,0.6256407490879307,0.726812303267784
2,0.7243440432965679,0.9717993099581608,0.9662598707824839,0.9824822959373836,0.9932177844762623,0.5515587876305492,0.6491264288926304
3,0.8289394374282434,0.9878994232709808,0.9705459770114943,0.9847979236188358,0.991044776119403,0.5248937477213651,0.6620775845012175
4,0.7781497182443262,0.9817394924622257,0.9712643678160919,0.9851301115241635,0.9932533733133433,0.5775723697053193,0.6799827720872947
