,AUROC,AUPRC,accuracy,f1,recall,mcc,gmean
0,0.8611708996986654,0.9929029824244863,0.9646799116997793,0.9819277108433735,0.9931454683929931,0.24363339764731912,0.38875549146830046
1,0.8566573266915735,0.9939932068311946,0.9683357879234168,0.9838649155722327,0.997716894977169,0.21913331349028234,0.3011669568644863
2,0.7776977661760955,0.9849055280083245,0.9609720176730486,0.9800376647834275,0.9954093343534812,0.16420023768088504,0.27941245559468086
3,0.8521151399491095,0.9914286593244733,0.9646539027982327,0.9819004524886877,0.9938931297709923,0.2747620994437413,0.40699982182039346
4,0.7996168582375478,0.9865163805353512,0.9617083946980854,0.9803921568627451,0.9961685823754789,0.2363119050354956,0.3358181081751788
