,AUROC,AUPRC,accuracy,f1,recall,mcc,gmean
0,0.834093564443591,0.9867595868809997,0.9534883720930233,0.9758364312267658,0.9915014164305949,0.3972225529679543,0.5185380796517984
1,0.82674272971652,0.985356878847461,0.943649373881932,0.97054698457223,0.9829545454545454,0.3379581022541815,0.5191529588872701
2,0.8283804514573745,0.9822391434371882,0.9490161001788909,0.9734265734265735,0.9914529914529915,0.3928065491641093,0.5092181164023143
3,0.8087490315275045,0.9872497589139948,0.9525939177101967,0.9755422242731887,0.9869281045751634,0.22704722675735947,0.4098631021217681
4,0.7543843409182711,0.9752237014770306,0.9561324977618622,0.9773462783171522,0.9962299717247879,0.36526120757150543,0.4423663980912499
