,AUROC,AUPRC,accuracy,f1,recall,mcc,gmean
0,0.8214250590086546,0.984511335788644,0.9580524344569289,0.9781761496492596,0.987411487018096,0.4541505422276466,0.6085057991767917
1,0.8345614200291915,0.9842855615749513,0.9632958801498127,0.9809412679891093,0.9944794952681388,0.5247369723942541,0.609158795826579
2,0.8000666262870987,0.9817051473914239,0.9610486891385768,0.9797822706065319,0.9921259842519685,0.479553651533021,0.5925031338806478
3,0.8093688714565876,0.9800804176194158,0.9610486891385768,0.9797033567525371,0.992879746835443,0.5293603158438146,0.6257461226564742
4,0.7539824604329517,0.976104293419427,0.9632683658170914,0.9809412679891093,0.99057344854674,0.49503957955811934,0.6242866455576863
