,AUROC,AUPRC,accuracy,f1,recall,mcc,gmean
0,0.848364215402432,0.9892567008056472,0.9784615384615385,0.9888977002379065,0.9928343949044586,0.63568250470104,0.7510728670710057
1,0.8798721947969351,0.991171547874339,0.9784449576597383,0.9888178913738019,0.9935794542536116,0.6972703142969573,0.7865391351605089
2,0.8910693356362964,0.9922595209953391,0.9745958429561201,0.9868368568009573,0.991980753809142,0.6314250044505232,0.7437876281427215
3,0.878688816525898,0.9946740101810876,0.9846035411855273,0.9921691464369616,0.999211356466877,0.5923551411408082,0.6219256328741306
4,0.9213192685381172,0.9959192545884485,0.9846035411855273,0.9920634920634921,0.9976057462090981,0.7488223967098004,0.7930481459158192
