,AUROC,AUPRC,accuracy,f1,recall,mcc,gmean
0,0.8216126201138692,0.9906914852687155,0.9733441033925686,0.9864141622066694,0.9975020815986678,0.35513804060858,0.4344152506901437
1,0.7974137931034482,0.991897997439016,0.9765561843168957,0.9881196231052847,0.9983443708609272,0.17939064885224165,0.26239538090721654
2,0.8655860995850622,0.9950419734282678,0.9725141471301536,0.9860082304526749,0.9941908713692946,0.243655200621737,0.3941349053959219
3,0.8471343360995851,0.9941004654829184,0.9757477768795473,0.9876948318293683,0.9991701244813278,0.25981652005012407,0.3060591432552285
4,0.7907804019363357,0.9897479406277323,0.9692805173807599,0.9843878389482333,0.9958437240232751,0.059432417704457285,0.1711418163243636
