,AUROC,AUPRC,accuracy,f1,recall,mcc,gmean
0,0.8931916817359855,0.9793994641466461,0.9171974522292994,0.9544259421560035,0.984629294755877,0.5373185829180185,0.6430741044370145
1,0.8961454059727126,0.9807799390924306,0.910828025477707,0.9507042253521126,0.968609865470852,0.4949944120959016,0.6630631228582775
2,0.9268794998532963,0.9864092333158682,0.910031847133758,0.9499778663125277,0.9808043875685558,0.5338640891923778,0.6510025844793235
3,0.9073350296861747,0.9838235135572723,0.9299363057324841,0.9617723718505647,0.984,0.5660875764270226,0.676903592310192
4,0.8842389950535569,0.9774361501754192,0.8988047808764941,0.9442738043001316,0.9764065335753176,0.42861460244027977,0.576064741652028
