,AUROC,AUPRC,accuracy,f1,recall,mcc,gmean
0,0.8250009237704615,0.8116463191063965,0.7543859649122807,0.7348484848484849,0.6953405017921147,0.5103124061728668,0.7509452426556443
1,0.8052205354268308,0.7948790939806878,0.7451669595782073,0.7238095238095238,0.7011070110701108,0.4886099860272695,0.7419795773849814
2,0.8219754882619845,0.8090912951625249,0.7421052631578947,0.73224043715847,0.7335766423357665,0.4835140490121209,0.7417428676784327
3,0.784673789385171,0.7950439326803627,0.7135325131810193,0.7030965391621129,0.658703071672355,0.4324252491593952,0.7129845270040182
4,0.8214100346020761,0.7584179043740653,0.7346221441124781,0.7249544626593807,0.7107142857142857,0.4691379176209822,0.7338725754479196
