,AUROC,AUPRC,accuracy,f1,recall,mcc,gmean
0,0.9756791595337084,0.9472753849010932,0.9378084896347483,0.8722109533468559,0.8237547892720306,0.8338206331488238,0.897291854986542
1,0.9811379344886307,0.9619802174913308,0.9447186574531096,0.8918918918918919,0.8619402985074627,0.8557491295851802,0.9164921868070743
2,0.9759686815242372,0.9447642286650241,0.9506416584402764,0.8945147679324894,0.8724279835390947,0.8627963386500623,0.9224427027135228
3,0.9832410921357791,0.9586696830769231,0.9516288252714709,0.8972746331236897,0.8629032258064516,0.866883043100964,0.9197736431928278
4,0.9735244476268413,0.9289561831281089,0.9397233201581028,0.8767676767676768,0.8346153846153846,0.8388806786486767,0.9025729270851401
