,AUROC,AUPRC,accuracy,f1,recall,mcc,gmean
0,0.9881259516156319,0.9932624339058292,0.9478458049886621,0.9540918163672655,0.9299610894941635,0.8954324490555798,0.9511521475108127
1,0.989679492709861,0.9937983075659294,0.9546485260770975,0.9630996309963099,0.9738805970149254,0.904667758054558,0.9490515360339953
2,0.9864879893238435,0.992438401891832,0.9682539682539683,0.974910394265233,0.9679715302491103,0.9318839785871651,0.9683606868976176
3,0.9904010047546425,0.995130014382281,0.9546485260770975,0.96415770609319,0.9471830985915493,0.9035579386912079,0.9576105846101658
4,0.9958219047011546,0.9971320417867666,0.9795454545454545,0.9824561403508771,0.980544747081712,0.9579436672299292,0.9793426749684464
