,AUROC,AUPRC,accuracy,f1,recall,mcc,gmean
0,0.8591361182154023,0.8048545985753037,0.7910447761194029,0.7307692307692307,0.6608695652173913,0.5716182072891465,0.7664460930336653
1,0.885748502994012,0.8368845621666823,0.8277153558052435,0.7722772277227723,0.78,0.6338252231695182,0.8172540557358933
2,0.8218360071301247,0.7321137769369692,0.7677902621722846,0.6666666666666666,0.6078431372549019,0.4965032092301149,0.7258080914545628
3,0.8653516784654032,0.8195453939304147,0.7602996254681648,0.7009345794392523,0.646551724137931,0.508268926023054,0.7403177261778084
4,0.8867809057527539,0.7875947028659304,0.8014981273408239,0.7103825136612022,0.6842105263157895,0.560669962911665,0.7698813273887956
