,AUROC,AUPRC,accuracy,f1,recall,mcc,gmean
0,0.7872602065912445,0.7990362611627879,0.7178217821782178,0.7323943661971831,0.7289719626168224,0.4340003584308696,0.7170195732139146
1,0.7341051805337518,0.7279765239566105,0.6683168316831684,0.6968325791855203,0.7403846153846154,0.3363216713250778,0.6619568061337636
2,0.8179540094339622,0.7302305625926176,0.7227722772277227,0.7083333333333334,0.7083333333333334,0.4441823899371069,0.7219601201550815
3,0.6727825745682888,0.6719963788377327,0.6435643564356436,0.6697247706422018,0.7019230769230769,0.2858079951526286,0.6389533484345059
4,0.7733266733266734,0.7068646992456629,0.6865671641791045,0.6956521739130435,0.7912087912087912,0.3941732851674739,0.6890031021158575
