,AUROC,AUPRC,accuracy,f1,recall,mcc,gmean
0,0.7725820439088958,0.656253548041341,0.7161290322580646,0.5769230769230769,0.5504587155963303,0.36502727824046977,0.6660730389132948
1,0.8015922158337019,0.6933636758415441,0.7249190938511327,0.6222222222222222,0.5882352941176471,0.408754616153183,0.6904927123138331
2,0.8091885964912281,0.7378373973960926,0.7064516129032258,0.5882352941176471,0.5416666666666666,0.3660279856667908,0.6625972288798816
3,0.7664341761115955,0.6845101288694478,0.6699029126213593,0.5048543689320388,0.41935483870967744,0.28551928676608745,0.5927489783638191
4,0.8262642033133837,0.7530581925665972,0.7313915857605178,0.6527196652719666,0.6190476190476191,0.4364906937789945,0.7075666282672033
