,AUROC,AUPRC,accuracy,f1,recall,mcc,gmean
0,0.7216595593461265,0.36632877239374506,0.8483870967741935,0.27692307692307694,0.21428571428571427,0.2116059744814298,0.4506569476164414
1,0.8150844896276962,0.5217480762827987,0.8220064724919094,0.3373493975903614,0.2413793103448276,0.28288430320894514,0.4804174582529839
2,0.8491180255886137,0.5251212292934694,0.8580645161290322,0.42105263157894735,0.3137254901960784,0.37984821314269607,0.5502943141952286
3,0.784640522875817,0.47603387527183605,0.8349514563106796,0.32,0.2222222222222222,0.28205621988064405,0.4630108907653472
4,0.7553922242066217,0.48816425121460616,0.8349514563106796,0.41379310344827586,0.3103448275862069,0.35686409398535635,0.5447421942990643
