,AUROC,AUPRC,accuracy,f1,recall,mcc,gmean
0,0.8191589301503095,0.917446860402588,0.7935483870967742,0.872,0.9396551724137931,0.3786448064447017,0.5807857721864251
1,0.867993125330513,0.9497065498093398,0.889967637540453,0.93359375,0.9637096774193549,0.6250189891831888,0.7541529651671728
2,0.8377380952380953,0.9281385543097023,0.8580645161290322,0.9133858267716536,0.9666666666666667,0.5526712958975712,0.6852180744287248
3,0.8815899581589958,0.9562729799825783,0.8770226537216829,0.9243027888446215,0.9707112970711297,0.6207334142401899,0.7354079585584168
4,0.8480872683801555,0.9404817447946818,0.8640776699029126,0.9153225806451613,0.9497907949790795,0.5831768570198131,0.7367072669187555
