,AUROC,AUPRC,accuracy,f1,recall,mcc,gmean
0,0.8172885572139303,0.9880079180707744,0.9293286219081273,0.9630996309963099,0.9738805970149254,0.13688873415798433,0.36034809041905125
1,0.8218029350104822,0.9792853664591313,0.9293286219081273,0.9632352941176471,0.9886792452830189,0.09145157059494627,0.23436429919666837
2,0.7256182514803204,0.9653814566472914,0.9293286219081273,0.9629629629629629,0.9961685823754789,0.30062214232423956,0.36856637166720585
3,0.8375475285171102,0.9848734022654706,0.9293286219081273,0.9630996309963099,0.9923954372623575,0.20059093369035538,0.31502308443388044
4,0.7517412935323382,0.9803889626638801,0.9399293286219081,0.9688073394495413,0.9850746268656716,0.18415283810635985,0.3624131393618194
