,AUROC,AUPRC,accuracy,f1,recall,mcc,gmean
0,0.8856732348111659,0.9756883695297576,0.9090909090909091,0.9493305329482804,0.9896004378762999,0.5588860296031957,0.6386515921468592
1,0.8772467263819858,0.9730782552712017,0.9147432878002826,0.9526302015179272,0.9843158464034614,0.5603212422216642,0.6620211622006816
2,0.8902829196946844,0.9778654970190033,0.9081055607917059,0.9488323274731042,0.9847494553376906,0.5390648436428728,0.6401081234747843
3,0.8808601551697649,0.9734044116243767,0.9105040037682525,0.9503138075313807,0.9875,0.5460660710743301,0.6362156222706272
4,0.8660374057900149,0.9743234690685331,0.910933081998115,0.950947313781469,0.9807280513918629,0.4997774799747276,0.6244794152895565
