,AUROC,AUPRC,accuracy,f1,recall,mcc,gmean
0,0.8943513352612555,0.9162500647778821,0.8237529691211402,0.8440521227406473,0.8345802161263508,0.6417090590778545,0.8218493273226308
1,0.8956510995118384,0.9191725441851689,0.8166270783847981,0.8360237892948174,0.8261964735516373,0.6283450506835828,0.815102528125861
2,0.8949364229301785,0.915889659188293,0.8213776722090261,0.8384879725085911,0.8327645051194539,0.638797114952958,0.8198186035440931
3,0.8913489858293971,0.9180942214138283,0.8142517814726841,0.835645229087852,0.8147540983606557,0.6235059476470947,0.8141564910302166
4,0.8835036230952582,0.907085932217973,0.8133016627078384,0.8326947637292464,0.8225399495374264,0.6218332492976288,0.8118556046998815
