,AUROC,AUPRC,accuracy,f1,recall,mcc,gmean
0,0.9531602501998346,0.9718517579778891,0.8890036138358286,0.9127789046653144,0.919869174161897,0.7603840769382502,0.8770030270690683
1,0.9454661731581151,0.9620050806208349,0.8786783686112545,0.9045103616416091,0.9259567387687188,0.7399324929213751,0.8614088437563984
2,0.94892699808302,0.9700179088477988,0.8895198760970573,0.9141252006420546,0.9237631792376317,0.759649228063935,0.8753876549352495
3,0.9498545015304792,0.9665182003659704,0.8890036138358286,0.9122807017543859,0.9156429156429157,0.7612350349830048,0.878870784707706
4,0.9406109813003113,0.9619721796666405,0.8745482705214249,0.9026052104208416,0.9095315024232633,0.7265855211484101,0.8596951029675579
