,AUROC,AUPRC,accuracy,f1,recall,mcc,gmean
0,0.9215940960081586,0.9586340737120447,0.8529542425588628,0.895748031496063,0.92578125,0.6511373332695443,0.8030005464645573
1,0.928792545363564,0.9641301192776088,0.8622834295868503,0.9042618900555899,0.9420849420849421,0.6672111641748312,0.8029487597124995
2,0.9182971566972582,0.9534792603000192,0.8502222222222222,0.8929818990155605,0.9398395721925134,0.6545744632551851,0.7949598050509786
3,0.9261608634783002,0.9618024870585583,0.8582852065748556,0.8989547038327527,0.9304918032786885,0.6669722041215881,0.8108614395922312
4,0.9174464214920361,0.96000953656734,0.8577777777777778,0.9012345679012346,0.9329073482428115,0.6530989020176934,0.8000606306167996
