,AUROC,AUPRC,accuracy,f1,recall,mcc,gmean
0,0.911647144508516,0.963597025182781,0.8572154471544715,0.9054190508246381,0.925671025464556,0.6172502405041922,0.7840391939738357
1,0.9042820465798642,0.9625150350181351,0.842399593289273,0.8942701227830833,0.913588850174216,0.5874540849686609,0.7708282604239372
2,0.9020695913640612,0.9598304074911338,0.8510421962379258,0.9017767348307073,0.9199726402188783,0.5961718906867337,0.7741760214205785
3,0.9169696078511461,0.9676377225540497,0.8698525673614642,0.914609739826551,0.9351978171896317,0.6444176077762196,0.7966587634102275
4,0.9109778489666758,0.96426909610835,0.8520589730554143,0.9001029866117405,0.9167832167832168,0.6169665593129103,0.7893918104477651
