,AUROC,AUPRC,accuracy,f1,recall,mcc,gmean
0,0.7283950617283951,0.45555555555555555,0.9333333333333333,0.5,0.3333333333333333,0.5570860145311556,0.5773502691896257
1,0.6916666666666667,0.33872549019607845,0.8275862068965517,0.0,0.0,0.0,0.0
2,0.3703703703703704,0.0787878787878788,0.8620689655172413,0.0,0.0,-0.07407407407407407,0.0
3,0.5641025641025641,0.14786967418546365,0.896551724137931,0.0,0.0,0.0,0.0
4,0.52,0.3668546365914787,0.8620689655172413,0.0,0.0,0.0,0.0
