,AUROC,AUPRC,accuracy,f1,recall,mcc,gmean
0,0.5760368663594471,0.24434213876938332,0.8157894736842105,0.0,0.0,0.0,0.0
1,0.5234375,0.19309222005300436,0.7894736842105263,0.0,0.0,-0.10206207261596575,0.0
2,0.6862745098039216,0.20588235294117646,0.8648648648648649,0.0,0.0,-0.07100716024967263,0.0
3,0.4742647058823529,0.12801909051909052,0.8421052631578947,0.0,0.0,-0.08084520834544433,0.0
4,0.12121212121212119,0.07596563356525407,0.8648648648648649,0.0,0.0,-0.058025885318565944,0.0
