,AUROC,AUPRC,accuracy,f1,recall,mcc,gmean
0,0.8180212435851533,0.9845748224758226,0.9705671213208902,0.9847753434831044,0.9969924812030075,0.5864673663335603,0.641449307790361
1,0.8442335677904439,0.986195438175534,0.9762931034482759,0.9877186453293636,0.9977443609022556,0.6771016171077994,0.717610501200632
2,0.7349455367541275,0.9750676646166422,0.9705671213208902,0.9847413472273912,0.9969856819894499,0.6096007129106632,0.6618681638579527
3,0.8142867393800229,0.9872423693628968,0.9777298850574713,0.9885482083487255,0.9985074626865672,0.6294428813768423,0.6645656713771068
4,0.771002429819573,0.9797030442627577,0.9755747126436781,0.9873887240356083,0.9977511244377811,0.6374929347904026,0.6815206167324513
