,AUROC,AUPRC,accuracy,f1,recall,mcc,gmean
0,0.8482186762391817,0.9889570408970574,0.9655430711610486,0.982170542635659,0.996852871754524,0.5265681300252514,0.5853786592160818
1,0.8375100051791516,0.9863698168525742,0.9640449438202248,0.9813519813519813,0.9960567823343849,0.5305857632213242,0.5973244171668024
2,0.808298001211387,0.9827409408152764,0.9655430711610486,0.9821567106283942,0.9968503937007874,0.5361721786424445,0.5939121801841143
3,0.8223892405063291,0.9811018127511645,0.9625468164794008,0.980544747081712,0.9968354430379747,0.5371467911355952,0.5924511755713769
4,0.7723526457445301,0.9786384559478145,0.9640179910044977,0.981409759876065,0.99528672427337,0.4725426823093885,0.5567830280705789
