,AUROC,AUPRC,accuracy,f1,recall,mcc,gmean
0,0.9038819776714513,0.9789611183703291,0.9031390134529148,0.9445015416238438,0.9673684210526315,0.575810709356415,0.7182825520374301
1,0.9015715983363042,0.9759732620401811,0.8959641255605382,0.9396462018730489,0.9657754010695188,0.5760678881034977,0.7176908902192806
2,0.90610780327234,0.9783028926147181,0.8995515695067264,0.9425051334702259,0.9776357827476039,0.5725394657143464,0.6871343719222375
3,0.9108033207474102,0.9792580534955168,0.9067264573991032,0.9462254395036195,0.9744408945686901,0.611649992744838,0.7290495286462269
4,0.8941085709574456,0.9745743729605638,0.895067264573991,0.9399075500770416,0.9807073954983923,0.5623816078654968,0.6687642935778281
