,AUROC,AUPRC,accuracy,f1,recall,mcc,gmean
0,0.8118067892639362,0.9850449033756397,0.9579606440071556,0.9782909930715935,1.0,0.4413011241722906,0.4509876168016973
1,0.8440402003910069,0.9874141431495048,0.9516994633273703,0.9748837209302326,0.9924242424242424,0.39555034017569213,0.5060726053798343
2,0.828307400102272,0.9804551993390737,0.9552772808586762,0.9767441860465116,0.9971509971509972,0.472417370883178,0.5254846546645948
3,0.8029977948626258,0.9866400303554417,0.9597495527728086,0.9792913023469857,0.9934640522875817,0.31250374627919564,0.436162581208611
4,0.7898377541402989,0.9794468660043735,0.9561324977618622,0.9774089442139234,0.9990574929311969,0.346407875867198,0.37778631392649864
