,AUROC,AUPRC,accuracy,f1,recall,mcc,gmean
0,0.7540947605365738,0.9353641900812284,0.8815126050420168,0.9349330872173511,0.9825412221144519,0.3415838687372194,0.47165894828531746
1,0.6930355105662496,0.9238827546937859,0.880672268907563,0.9345018450184502,0.9844509232264335,0.3408675866515705,0.4626133053281282
2,0.7078883231890161,0.932277069497448,0.8847771236333053,0.936953520478601,0.9807321772639692,0.32926374978107753,0.469922453987276
3,0.7133820129446283,0.9244527883440704,0.8781512605042017,0.9331489165514062,0.9815712900096993,0.31476686910702967,0.4513561157329767
4,0.7209318259677971,0.9297027957178271,0.896551724137931,0.9436555199267064,0.9809523809523809,0.3639193294916731,0.5040432614918018
