,AUROC,AUPRC,accuracy,f1,recall,mcc,gmean
0,0.803463330107793,0.990148212029508,0.9717285945072698,0.9856380796060731,1.0,0.22917983590096086,0.23249527748763857
1,0.8095598310116465,0.9932212138156208,0.9757477768795473,0.9877049180327869,0.9975165562913907,0.1585428519942716,0.26228657087520746
2,0.8758947095435685,0.9954803980019491,0.9700889248181084,0.9848173984407058,0.995850622406639,-0.010381524039658141,0.0
3,0.8292401452282157,0.9927478647642279,0.9757477768795473,0.9877049180327869,1.0,0.2469448954251094,0.25
4,0.7793750916825585,0.9892549303803795,0.973322554567502,0.986469864698647,1.0,0.1691936734731729,0.17149858514250885
