,AUROC,AUPRC,accuracy,f1,recall,mcc,gmean
0,0.8257627529650368,0.9824510743720366,0.946923076923077,0.9725427775567052,0.9967373572593801,0.27561405139595113,0.3481735396619557
1,0.9014600409836065,0.992214032789041,0.946923076923077,0.9723668402082499,0.9950819672131147,0.3784035181622215,0.4598422751692007
2,0.832423155737705,0.9846524422153946,0.9407692307692308,0.9692859992022338,0.9959016393442623,0.23162743094465488,0.3155790929932245
3,0.8749649565461171,0.9896551898041007,0.94,0.9688498402555911,0.9958949096880131,0.24883972347894545,0.3306138818443602
4,0.8710757327778604,0.9883108109628471,0.9445727482678984,0.9711307137129109,0.9909983633387889,0.3290419795426445,0.45378600445213324
