,AUROC,AUPRC,accuracy,f1,recall,mcc,gmean
0,0.8953194695599759,0.9796867685202675,0.9171974522292994,0.9545056867891514,0.9864376130198915,0.5346667355552069,0.6333650574206179
1,0.8975479438984829,0.9826266057229566,0.9124203821656051,0.951627088830255,0.9704035874439462,0.5017609217970548,0.6636767862222558
2,0.929006703229738,0.9868995393581133,0.9092356687898089,0.9497354497354498,0.9844606946983546,0.523322609370538,0.6284899851652718
3,0.9140491942324003,0.9852639913264227,0.9299363057324841,0.9617058311575283,0.9822222222222222,0.5698158293838333,0.6872891765579758
4,0.8882750317307806,0.9786664459957412,0.90199203187251,0.9456473707467963,0.9709618874773139,0.46758919630026297,0.627265238868509
