,AUROC,AUPRC,accuracy,f1,recall,mcc,gmean
0,0.8688284380277492,0.9942755375673311,0.9654157468727005,0.9822975517890772,0.9931454683929931,0.27181859839442407,0.4155971018003715
1,0.8572972879479729,0.9940558942587583,0.9668630338733432,0.983127109111361,0.997716894977169,0.12620793464288696,0.21295719746819472
2,0.7893844607468082,0.9875890505994517,0.9617083946980854,0.9804364183596689,0.9969395562356542,0.14804474106867113,0.24216420732217978
3,0.8507315521628498,0.9915650223283231,0.9705449189985272,0.9849624060150376,1.0,0.40215469046341906,0.408248290463863
4,0.8007807417046193,0.9879231529937748,0.9624447717231223,0.9808054196462176,0.9984674329501916,0.2159004572211044,0.2745105329044519
