,AUROC,AUPRC,accuracy,f1,recall,mcc,gmean
0,0.8302109891734103,0.8293790370025325,0.7543859649122807,0.7378277153558053,0.7060931899641577,0.5094987272047177,0.751904142419171
1,0.8164825775774537,0.8186296903288841,0.7592267135325131,0.7390476190476191,0.7158671586715867,0.5169243848509294,0.756130168305877
2,0.8433924344052081,0.8436496017737231,0.7491228070175439,0.7477954144620811,0.7737226277372263,0.4998983453282162,0.7496629083982033
3,0.8041994361181184,0.8154029694938619,0.7170474516695958,0.7056672760511883,0.658703071672355,0.4400291324795184,0.716324051258532
4,0.8184935739001483,0.7951553126511617,0.7504393673110721,0.7408759124087592,0.725,0.5008670100520901,0.7496250504505407
