,AUROC,AUPRC,accuracy,f1,recall,mcc,gmean
0,0.9866985281678228,0.9927446574496025,0.9478458049886621,0.9544554455445544,0.9377431906614786,0.894269790275197,0.9497726980563667
1,0.9920843758088173,0.9955051530316031,0.9523809523809523,0.9611829944547134,0.9701492537313433,0.8998701005768406,0.947231684817727
2,0.987700177935943,0.99428113364485,0.9705215419501134,0.9767441860465116,0.9715302491103203,0.9366002402070143,0.9701391285921946
3,0.9904570736521038,0.9951614576719371,0.9569160997732427,0.966131907308378,0.954225352112676,0.9075004093352785,0.9579969421683512
4,0.9962577874168103,0.997498833214601,0.9795454545454545,0.9824561403508771,0.980544747081712,0.9579436672299292,0.9793426749684464
