,AUROC,AUPRC,accuracy,f1,recall,mcc,gmean
0,0.9774394717534851,0.9541347295695309,0.9466929911154985,0.8924302788844621,0.8582375478927203,0.8582753333203478,0.9158798508529037
1,0.9828358208955225,0.9663454337145678,0.9526159921026653,0.9090909090909091,0.8955223880597015,0.8772423090946352,0.9335317448172765
2,0.9756880979103202,0.9512131443207997,0.9466929911154985,0.8884297520661157,0.8847736625514403,0.8534236604974669,0.9246070453070978
3,0.9831356736242884,0.9597206963335753,0.9575518262586377,0.9102296450939458,0.8790322580645161,0.8834337815132598,0.9295668103941188
4,0.973450286415712,0.9338634656665159,0.9426877470355731,0.884,0.85,0.8472181372302888,0.9102329021575812
