,AUROC,AUPRC,accuracy,f1,recall,mcc,gmean
0,0.7939876215738284,0.9072280094699592,0.8096774193548387,0.8854368932038835,0.9827586206896551,0.427251146797251,0.5383194204266535
1,0.8662744579587519,0.9588586374223046,0.8705501618122977,0.9242424242424242,0.9838709677419355,0.5373854661370303,0.6350006350009525
2,0.8514583333333333,0.9321709457619661,0.8290322580645161,0.8994307400379506,0.9875,0.4358661860431749,0.5311712126450916
3,0.8567244471010161,0.9506440378777915,0.8155339805825242,0.8922495274102079,0.9874476987447699,0.3764127956942816,0.4750813942280435
4,0.8281530185295876,0.9352878020231631,0.8090614886731392,0.888468809073724,0.9832635983263598,0.34422918920022155,0.45901998050031073
