,AUROC,AUPRC,accuracy,f1,recall,mcc,gmean
0,0.7634533753252087,0.6062002538131098,0.7161290322580646,0.5111111111111111,0.42201834862385323,0.33820093014608893,0.6078885623760761
1,0.7866430782839452,0.6701123999322727,0.7216828478964401,0.5943396226415094,0.5294117647058824,0.39414920509993473,0.6676978608895887
2,0.795548245614035,0.7338683007588044,0.7322580645161291,0.5911330049261084,0.5,0.4168639546263647,0.6629281139086849
3,0.7720139494333044,0.7222818215525658,0.6990291262135923,0.5279187817258884,0.41935483870967744,0.35291932671806653,0.609715013394659
4,0.7813990805794084,0.6943882743399372,0.6957928802588996,0.5523809523809524,0.4603174603174603,0.3515086266984132,0.628424351381269
