,AUROC,AUPRC,accuracy,f1,recall,mcc,gmean
0,0.788875,0.7930545149328367,0.7193548387096774,0.7202572347266881,0.7,0.4399175231958764,0.7197221686178633
1,0.7732982515701918,0.790345349715053,0.6957928802588996,0.7251461988304093,0.7209302325581395,0.384625540332502,0.6920014934100098
2,0.8033327764784497,0.8227557506338957,0.7161290322580646,0.7349397590361446,0.7439024390243902,0.429624159024769,0.7138082505196031
3,0.7894914396558994,0.8091274758591068,0.7184466019417476,0.7355623100303952,0.7245508982035929,0.4349024943673377,0.7178785290876798
4,0.7858410819949282,0.7984260816157691,0.7055016181229773,0.7315634218289085,0.7337278106508875,0.40541348821770673,0.7018873240932185
