,AUROC,AUPRC,accuracy,f1,recall,mcc,gmean
0,0.7761638237384505,0.36003645023691233,0.8548387096774194,0.08163265306122448,0.047619047619047616,0.06671987494141018,0.2161726915027152
1,0.8005220497321061,0.479834950865709,0.8284789644012945,0.273972602739726,0.1724137931034483,0.27706573674161794,0.411070864197676
2,0.8130819895525777,0.4696744744055349,0.8516129032258064,0.3235294117647059,0.21568627450980393,0.3135112424942589,0.4590094566323406
3,0.792084241103849,0.507917964699191,0.8381877022653722,0.24242424242424243,0.14814814814814814,0.26036884477614003,0.38186942222201714
4,0.7412762742134908,0.42396163181267155,0.8220064724919094,0.3037974683544304,0.20689655172413793,0.26536436256309864,0.4466295447772056
