,AUROC,AUPRC,accuracy,f1,recall,mcc,gmean
0,0.9228855721393036,0.9951026103715298,0.950530035335689,0.9745454545454545,1.0,0.25170811269260246,0.2581988897471611
1,0.890775681341719,0.9906302801297722,0.9399293286219081,0.9689213893967094,1.0,0.2284873339617097,0.23570226039551584
2,0.8972483455242076,0.9890060501131493,0.9363957597173145,0.9666666666666667,1.0,0.41241723598752444,0.4264014327112209
3,0.939638783269962,0.9950719450622434,0.9293286219081273,0.9632352941176471,0.9961977186311787,0.1413335422165385,0.22318128490435513
4,0.8502487562189055,0.9890468972764503,0.9575971731448764,0.9781021897810219,1.0,0.43752550946038726,0.4472135954999579
