,AUROC,AUPRC,accuracy,f1,recall,mcc,gmean
0,0.8723939088193828,0.9479309644415459,0.8196138211382114,0.8856682769726248,0.9463179628355127,0.4890248068776551,0.6613074357456812
1,0.8736802808414765,0.9471005910770666,0.8083375699034062,0.8786610878661087,0.9512195121951219,0.4654794483790641,0.6342724063215026
2,0.8751804797442808,0.951017526373864,0.820538891713269,0.8869676593019532,0.9473324213406292,0.4830578455820628,0.6554253769322186
3,0.889448932966264,0.9554991154071956,0.8301982714794103,0.8930857874519846,0.951568894952251,0.5108040477989434,0.6723412143994382
4,0.8742307041189722,0.9489899672531457,0.8118962887646162,0.8793215916503587,0.9426573426573427,0.48388693235159785,0.6611339481778961
