,AUROC,AUPRC,accuracy,f1,recall,mcc,gmean
0,0.8908107517482518,0.9430168324496417,0.8169702354509107,0.8749241044323012,0.9381510416666666,0.5569811633941154,0.7226448262264076
1,0.9004692846156261,0.9524899416680913,0.8329631274988893,0.8867469879518072,0.9472329472329473,0.5908627009170585,0.7400559110047187
2,0.889853934098356,0.9372702535351316,0.8142222222222222,0.8709876543209877,0.9431818181818182,0.5670301743523655,0.7256932526138834
3,0.8928239172650498,0.9450545141895745,0.8178587294535762,0.8754556500607533,0.9449180327868852,0.5642100445013384,0.7215372450718203
4,0.8959128751661575,0.9480869126986948,0.8253333333333334,0.8826515377724694,0.9444089456869009,0.5651635499600698,0.7228602861598215
