,AUROC,AUPRC,accuracy,f1,recall,mcc,gmean
0,0.7160493827160493,0.5955555555555555,0.9333333333333333,0.5,0.3333333333333333,0.5570860145311556,0.5773502691896257
1,0.675,0.3383333333333333,0.7931034482758621,0.0,0.0,-0.08625819491779428,0.0
2,0.0,0.05233990147783251,0.8275862068965517,0.0,0.0,-0.09245003270420485,0.0
3,0.7948717948717948,0.28327228327228327,0.896551724137931,0.0,0.0,0.0,0.0
4,0.5499999999999999,0.3674373040752351,0.8620689655172413,0.0,0.0,0.0,0.0
