,AUROC,AUPRC,accuracy,f1,recall,mcc,gmean
0,0.6013824884792627,0.2519088319088319,0.8157894736842105,0.0,0.0,0.0,0.0
1,0.6875,0.2647200909349247,0.8421052631578947,0.0,0.0,0.0,0.0
2,0.784313725490196,0.29393939393939394,0.918918918918919,0.0,0.0,0.0,0.0
3,0.6360294117647058,0.2025,0.868421052631579,0.2857142857142857,0.25,0.21757512627648798,0.48507125007266594
4,0.1553030303030303,0.07750364798050632,0.8378378378378378,0.0,0.0,-0.0832250378576479,0.0
