,AUROC,AUPRC,accuracy,f1,recall,mcc,gmean
0,0.8061761802025817,0.9526833098214802,0.8522829006266786,0.9191572758451739,0.9946977730646872,0.21077790083987794,0.2829013152225171
1,0.797641593939549,0.9499762088573288,0.8612354521038496,0.9242053789731052,0.9916054564533053,0.22793752697482345,0.3206062545959036
2,0.7698897588544749,0.9324956978266981,0.8361683079677709,0.9091811414392059,0.9924160346695557,0.21820145441559566,0.3034465987094093
3,0.8105759868174669,0.9538985699690533,0.8639212175470009,0.9254901960784314,0.9957805907172996,0.29080080594812135,0.35176135338337317
4,0.8188445921004062,0.9561715800357918,0.8576544315129812,0.9223253541768441,0.9989417989417989,0.25191852787824437,0.2851477094295817
