,AUROC,AUPRC,accuracy,f1,recall,mcc,gmean
0,0.8907591706539075,0.9707979538207796,0.8860986547085202,0.9365317341329336,0.9863157894736843,0.4509545454225389,0.5521424128059162
1,0.8846256684491979,0.9692202347726157,0.8762331838565023,0.930161943319838,0.9828877005347594,0.4509798785594265,0.5627683884700706
2,0.8958726643431116,0.9747240909638355,0.8878923766816144,0.9369641956631367,0.9893503727369543,0.5016179642676248,0.5855765066123562
3,0.8800192419401683,0.9695327413459456,0.8807174887892377,0.9329299041855774,0.9850905218317358,0.4613215590615944,0.5648318320949857
4,0.8835759631579567,0.9661773665236756,0.884304932735426,0.9347496206373292,0.9903536977491961,0.5010051531616313,0.5808383920633872
