,AUROC,AUPRC,accuracy,f1,recall,mcc,gmean
0,0.8052392886979354,0.9848003964028915,0.9676956209619526,0.9833024118738405,0.9962406015037594,0.5349863672002422,0.6030811605938932
1,0.8769585253456221,0.9917751727870296,0.9762931034482759,0.9877277798438081,0.9984962406015038,0.6759535517638795,0.7065749219302592
2,0.7489324290379301,0.9784692868699693,0.968413496051687,0.9836431226765799,0.9969856819894499,0.5721269466496957,0.6266992383346075
3,0.8570752009184845,0.9923977921028091,0.9806034482758621,0.9900258588843739,1.0,0.6864935709768271,0.6933752452815364
4,0.8073592514087785,0.9856413754292488,0.9741379310344828,0.9866765358993338,0.9992503748125937,0.6076049943327183,0.6294874573630581
