,AUROC,AUPRC,accuracy,f1,recall,mcc,gmean
0,0.8335413965845617,0.9888893966257151,0.9516994633273703,0.9751381215469613,1.0,0.2839614559342557,0.291111254869791
1,0.8445136852394917,0.9884670851998589,0.9463327370304114,0.9722479185938946,0.9952651515151515,0.24024808358451738,0.3352143286597508
2,0.8149463072539995,0.9778228317687513,0.9499105545617174,0.9740018570102136,0.9962013295346629,0.3751929677024293,0.4463633787699575
3,0.8337505214851899,0.9905813620742506,0.9597495527728086,0.9793483249196879,0.996265172735761,0.2641385721434991,0.3566269591727756
4,0.807526592163727,0.9841381080391897,0.9534467323187108,0.9760809567617296,1.0,0.26094326490330344,0.2672612419124244
