,AUROC,AUPRC,accuracy,f1,recall,mcc,gmean
0,0.8750452374059062,0.9937522145710664,0.9807692307692307,0.9901068460625247,0.9960191082802548,0.6630201294678396,0.7370774382458386
1,0.8598382749326144,0.9893205306427643,0.9753656658968437,0.9872611464968153,0.9951845906902087,0.6344338507242354,0.712025862746249
2,0.8499475664672136,0.9878319984468181,0.970746728252502,0.9848966613672496,0.9935846030473136,0.5437845451486677,0.6483538514375182
3,0.8853414063295004,0.9960533954985528,0.9822940723633564,0.9910050840829097,0.999211356466877,0.5056074807731957,0.5386033973337115
4,0.89940664145182,0.994143139811865,0.9822940723633564,0.9909054962435745,1.0,0.7007049741617701,0.7071067811865476
