,AUROC,AUPRC,accuracy,f1,recall,mcc,gmean
0,0.7894435975609756,0.9835824883118311,0.9595505617977528,0.9791666666666666,0.998426435877262,0.38993164309640416,0.4326718811374118
1,0.8562020339940676,0.9877520249116857,0.9573033707865168,0.9780177400694177,1.0,0.3779325399954122,0.3863337046431279
2,0.8169109630526953,0.9846207718040065,0.9588014981273408,0.978789047435403,0.9992125984251968,0.38409787926404954,0.41121468438830316
3,0.8342786147263327,0.9865381953150776,0.954307116104869,0.9764387794515257,1.0,0.3665527005422014,0.37529331252040077
4,0.739082842903687,0.9748283342445256,0.9632683658170914,0.9811175337186898,1.0,0.43523536810462155,0.4435327625727437
