,AUROC,AUPRC,accuracy,f1,recall,mcc,gmean
0,0.7563030336304132,0.941101389422886,0.8781512605042017,0.9341806627326373,0.9980601357904947,0.27510398278752574,0.3169128024493113
1,0.7175029727951518,0.9252141330173568,0.8756302521008403,0.9326047358834244,0.9951409135082604,0.2656869441681055,0.3335535793993464
2,0.7251145223238781,0.92765374861831,0.8822539949537427,0.9366515837104072,0.9971098265895953,0.2519395747643221,0.3040514244176897
3,0.7128482452769187,0.9291652113268589,0.873109243697479,0.9309556470050298,0.9873908826382153,0.24398050736444246,0.3611234090651818
4,0.7039225762247345,0.9300586682928319,0.8990748528174937,0.9457013574660633,0.9952380952380953,0.34972337720237723,0.41453548837252363
