,AUROC,AUPRC,accuracy,f1,recall,mcc,gmean
0,0.8114971757769427,0.9903666379947668,0.9709208400646203,0.985233798195242,1.0,0.16198909975469544,0.1643989873053573
1,0.7973852477734642,0.9905770144880235,0.9765561843168957,0.9881390593047035,1.0,0.0,0.0
2,0.8492997925311203,0.9935733280123882,0.9741309620048505,0.9868959868959869,1.0,0.0,0.0
3,0.7544605809128632,0.9881759063561759,0.9741309620048505,0.9868959868959869,1.0,0.0,0.0
4,0.7616620214170455,0.9884987955976112,0.9725141471301536,0.9860655737704918,1.0,0.0,0.0
