,AUROC,AUPRC,accuracy,f1,recall,mcc,gmean
0,0.7325415755648313,0.9675977238472747,0.9378531073446328,0.9678765123070505,0.9991386735572783,0.12245868136250988,0.16005917764259103
1,0.8350932994062764,0.9853222284977661,0.9556093623890234,0.9772067965188562,1.0,0.2821686105813451,0.28867513459481287
2,0.7546415309911454,0.9755113813927878,0.9443099273607748,0.9712380158399333,0.998286203941731,0.21141341204805142,0.26329722905736563
3,0.7238232896948704,0.9736293995554,0.9483454398708636,0.973421926910299,1.0,0.20605245652121987,0.21160368475757949
4,0.802607375397822,0.9857116286650759,0.9539951573849879,0.9764170459247,0.9991532599491956,0.14456849716836975,0.18561670368774277
