,AUROC,AUPRC,accuracy,f1,recall,mcc,gmean
0,0.8685386933342164,0.9926384696010166,0.9654157468727005,0.9824035941594909,0.9992383853769993,-0.005079215832611624,0.0
1,0.8638093261380932,0.9943417466764508,0.96759941089838,0.9835329341317365,1.0,0.0,0.0
2,0.7773902215821293,0.987179107632056,0.9631811487481591,0.9812312312312312,1.0,0.13742406218310724,0.14002800840280097
3,0.888613231552163,0.9951992096172431,0.9646539027982327,0.9820089955022488,1.0,0.0,0.0
4,0.812809947227644,0.9887106104516991,0.9609720176730486,0.9800976342470897,1.0,0.0,0.0
