,AUROC,AUPRC,accuracy,f1,recall,mcc,gmean
0,0.8023993398120435,0.8216685281241061,0.7315789473684211,0.7150837988826816,0.6881720430107527,0.46334964988233424,0.7294462186022053
1,0.7928626266128433,0.786668559816864,0.7258347978910369,0.7056603773584905,0.6900369003690037,0.44973117217261616,0.7234062312750932
2,0.8372706648254093,0.8294716337567797,0.7649122807017544,0.7572463768115942,0.7627737226277372,0.5294306658631703,0.7648300355186154
3,0.7820213186921898,0.8037275403419561,0.687170474516696,0.6810035842293907,0.6484641638225256,0.3774445009769591,0.6872052646970002
4,0.8008835887296095,0.7974653826329217,0.7240773286467487,0.7221238938053097,0.7285714285714285,0.4482392225000643,0.7241337914357814
