,AUROC,AUPRC,accuracy,f1,recall,mcc,gmean
0,0.9689716312056738,0.9402177048068655,0.9299111549851925,0.8523908523908524,0.7854406130268199,0.8119380980488875,0.8773674142127091
1,0.9772137633977763,0.9554557393893682,0.9427443237907206,0.8849206349206349,0.832089552238806,0.8500504340442084,0.904195702697663
2,0.9696221473999252,0.9353827185748186,0.9417571569595261,0.8714596949891068,0.823045267489712,0.8363939363097638,0.8977432974772078
3,0.9843611638203669,0.9587906645819195,0.9447186574531096,0.8782608695652174,0.8145161290322581,0.8471214486607305,0.8965873406265035
4,0.9673613952536825,0.9257344140649073,0.9258893280632411,0.845360824742268,0.7884615384615384,0.8005628707470487,0.876066102924856
