,AUROC,AUPRC,accuracy,f1,recall,mcc,gmean
0,0.881190434534388,0.8464362686685123,0.8039083557951483,0.7717647058823529,0.751145038167939,0.6008027459740444,0.7969730670914481
1,0.8785632640159952,0.8424430600471533,0.805256064690027,0.7733333333333333,0.7447129909365559,0.6044423142434383,0.7974934269210713
2,0.8743601895734597,0.8342551530611192,0.8078219824679703,0.7677261613691931,0.7440758293838863,0.6050094777323285,0.7977491334720423
3,0.8791177962370156,0.8460658484679512,0.8018867924528302,0.7659235668789809,0.7622820919175911,0.5942217665147034,0.7959878900985583
4,0.8839166490969148,0.8585243244617935,0.8186109238031019,0.7835880933226066,0.7538699690402477,0.6293296510087284,0.8091940822292061
