,AUROC,AUPRC,accuracy,f1,recall,mcc,gmean
0,0.8772662688263712,0.8443319975776117,0.7835820895522388,0.7264150943396226,0.6695652173913044,0.5549777714590569,0.7629156915235348
1,0.8646107784431137,0.7929388545683529,0.7790262172284644,0.6910994764397905,0.66,0.5210822313905966,0.7491312333566258
2,0.8565656565656566,0.7808875481382652,0.7490636704119851,0.6564102564102564,0.6274509803921569,0.4606485504288938,0.7191465199607916
3,0.9012046129253254,0.8685018977641152,0.7790262172284644,0.7035175879396985,0.603448275862069,0.5540623400295784,0.7426276154918846
4,0.8679926560587515,0.81082206719743,0.7677902621722846,0.6702127659574468,0.6631578947368421,0.4911195035246725,0.7399262261019266
