,AUROC,AUPRC,accuracy,f1,recall,mcc,gmean
0,0.7163305459911461,0.7209556893066321,0.6485148514851485,0.6666666666666666,0.6635514018691588,0.294970791865113,0.6473678211939202
1,0.693583202511774,0.6587530062246758,0.6386138613861386,0.6812227074235808,0.75,0.27825894657029215,0.6247448458762822
2,0.7653301886792453,0.6969127994072428,0.7128712871287128,0.7184466019417476,0.7708333333333334,0.43240211893881114,0.7134710088736225
3,0.6963304552590266,0.6811128786287574,0.6584158415841584,0.6960352422907489,0.7596153846153846,0.3181376741274258,0.646964898026056
4,0.7373626373626374,0.6941345166595516,0.6368159203980099,0.663594470046083,0.7912087912087912,0.30906941722978964,0.634663062417534
