,AUROC,AUPRC,accuracy,f1,recall,mcc,gmean
0,0.717239490620293,0.5553557840731346,0.6903225806451613,0.38461538461538464,0.27522935779816515,0.2538203241307006,0.5019474603081114
1,0.7038257408226448,0.5520056400071855,0.656957928802589,0.43617021276595747,0.3445378151260504,0.2303878737912532,0.5419998351641824
2,0.7774122807017544,0.660764016062892,0.7064516129032258,0.4972375690607735,0.375,0.356271854038836,0.5860213755756516
3,0.7254141238012205,0.6336715831297755,0.656957928802589,0.42391304347826086,0.31451612903225806,0.24907097263248976,0.528028690668544
4,0.7945615404631797,0.7187070040925158,0.6828478964401294,0.45555555555555555,0.3253968253968254,0.3291472484485117,0.5498010584934774
