,AUROC,AUPRC,accuracy,f1,recall,mcc,gmean
0,0.6642679459843639,0.26524169354317684,0.864516129032258,0.045454545454545456,0.023809523809523808,0.08582741667264253,0.15401520153144577
1,0.7176810001373816,0.40163515610660006,0.8122977346278317,0.14705882352941177,0.08620689655172414,0.14626515026315245,0.2906709956223911
2,0.8292830645771823,0.5111003981092291,0.8419354838709677,0.10909090909090909,0.058823529411764705,0.1805555912389787,0.24206695672393622
3,0.7344952795933187,0.4223254944563811,0.8381877022653722,0.16666666666666666,0.09259259259259259,0.24403479555574661,0.3036930759604952
4,0.7237257865091359,0.418456069987926,0.8155339805825242,0.17391304347826086,0.10344827586206896,0.17602657659469892,0.318414122229738
