,AUROC,AUPRC,accuracy,f1,recall,mcc,gmean
0,0.8166445623342176,0.9206267064376494,0.7935483870967742,0.8740157480314961,0.9568965517241379,0.3674251231324589,0.5426137744499412
1,0.8722567424643047,0.9548791853887517,0.8284789644012945,0.8998109640831758,0.9596774193548387,0.3532553734920075,0.5321498856461694
2,0.827202380952381,0.9264994477124535,0.8419354838709677,0.9048543689320389,0.9708333333333333,0.4899288754812305,0.6231639698613306
3,0.8692767483562462,0.9531057437233479,0.8284789644012945,0.8978805394990366,0.9748953974895398,0.4355932871518632,0.5659706471724915
4,0.8632994620442319,0.9523138645879878,0.8155339805825242,0.8884540117416829,0.9497907949790795,0.3957374613043664,0.582418233065221
