,AUROC,AUPRC,accuracy,f1,recall,mcc,gmean
0,0.9089010598776225,0.952019594548762,0.8391825855175478,0.8826960466623461,0.88671875,0.6271282884015004,0.8084352331657597
1,0.9147634004161982,0.9581431818964244,0.8542869835628609,0.8963337547408344,0.9124839124839125,0.6526064989732362,0.8130961565732011
2,0.9060545185038085,0.9464553360908197,0.8373333333333334,0.8807040417209909,0.9030748663101604,0.6275088240853854,0.7989871769580469
3,0.9052969335681704,0.951096367207986,0.8294091514882275,0.8754863813229572,0.8852459016393442,0.605157524320351,0.7939788312673992
4,0.9016454840138989,0.9490008305049495,0.8386666666666667,0.885884941842188,0.9003194888178914,0.611832472294686,0.7926235800443144
