,AUROC,AUPRC,accuracy,f1,recall,mcc,gmean
0,0.8804411734890417,0.9055499827865536,0.8004750593824228,0.8161120840630472,0.7747298420615129,0.6034988479559352,0.804209801442693
1,0.8641543891366136,0.8939407063984094,0.7748218527315914,0.7874439461883408,0.7371956339210747,0.5562137504885781,0.7793199023646383
2,0.8745491441970378,0.8964129388867186,0.7923990498812351,0.8021729289271163,0.7559726962457338,0.5903512762883899,0.7960046591773917
3,0.8644350282485875,0.8951618546683549,0.7676959619952494,0.7814036656236031,0.7163934426229508,0.5480524177478954,0.7750078799863503
4,0.8587103029590754,0.8834186625902705,0.7672209026128266,0.7792792792792793,0.7275021026072329,0.5417788047346533,0.7717915534108951
