,AUROC,AUPRC,accuracy,f1,recall,mcc,gmean
0,0.8833915768513755,0.9523900810435656,0.8338414634146342,0.889564336372847,0.9064005505849966,0.5562090047950954,0.7551426000348902
1,0.866640905399387,0.9378628815675423,0.8139298423995933,0.8751705320600273,0.8940766550522649,0.5123055020575071,0.731046700814553
2,0.8883030163481465,0.9518973398715316,0.8418912048805287,0.893820416524411,0.8953488372093024,0.5843842568830173,0.7843595438843284
3,0.8908601623492444,0.9547915301550176,0.8418912048805287,0.8942536552193131,0.8969986357435198,0.5811156341439365,0.7813654750281385
4,0.8780364886510139,0.9502158456078786,0.8266395526182003,0.8834984625896822,0.9041958041958041,0.5477487970571893,0.7488006584302357
