,AUROC,AUPRC,accuracy,f1,recall,mcc,gmean
0,0.5207373271889401,0.1991077969649398,0.8157894736842105,0.0,0.0,0.0,0.0
1,0.3489583333333333,0.15642601126472094,0.8421052631578947,0.0,0.0,0.0,0.0
2,0.7549019607843137,0.21296296296296297,0.918918918918919,0.0,0.0,0.0,0.0
3,0.4227941176470589,0.11921961767163004,0.8947368421052632,0.0,0.0,0.0,0.0
4,0.46212121212121215,0.13980785296574771,0.8918918918918919,0.0,0.0,0.0,0.0
