,AUROC,AUPRC,accuracy,f1,recall,mcc,gmean
0,0.2962962962962963,0.09818646232439338,0.9,0.0,0.0,0.0,0.0
1,0.41666666666666674,0.19776962168266515,0.8275862068965517,0.0,0.0,0.0,0.0
2,0.8333333333333334,0.25,0.9310344827586207,0.0,0.0,0.0,0.0
3,0.2948717948717948,0.09468864468864469,0.896551724137931,0.0,0.0,0.0,0.0
4,0.6700000000000002,0.37823275862068967,0.8620689655172413,0.0,0.0,0.0,0.0
