,AUROC,AUPRC,accuracy,f1,recall,mcc,gmean
0,0.7973982575486336,0.9835411484943786,0.9612347451543432,0.9800443458980045,0.9969924812030075,0.3848476518549631,0.45357315532598114
1,0.8632912927479991,0.9905576305717316,0.9597701149425287,0.9793662490788504,0.9992481203007518,0.3060646113404428,0.3358844089310906
2,0.7502226484894157,0.9773663793053705,0.9547738693467337,0.976727004063539,0.9962321024868124,0.2594943291371908,0.3474987861303085
3,0.803329506314581,0.988376195127658,0.9604885057471264,0.9797122832902988,0.991044776119403,0.2553240360360993,0.4141581587777843
4,0.7893811714832238,0.9858093621642711,0.9626436781609196,0.9808118081180812,0.9962518740629686,0.3485126565702981,0.4346772606693117
