,AUROC,AUPRC,accuracy,f1,recall,mcc,gmean
0,0.8524355819339895,0.9913092353857145,0.9738461538461538,0.9866247049567269,0.9984076433121019,0.4750311664335332,0.5218170116339378
1,0.8760410672643024,0.992163527173286,0.9668976135488837,0.982970297029703,0.9959871589085072,0.448291258621706,0.5309266975597036
2,0.8748843377953242,0.9919996131558126,0.970746728252502,0.9849683544303798,0.9983961507618284,0.5132997293679513,0.5542551899793309
3,0.8594688104202707,0.9938589784405227,0.9807544264819091,0.9902229174814235,0.998422712933754,0.44789865751299174,0.507599718582945
4,0.8788299385821854,0.992534643745442,0.9692070823710547,0.984214680347277,0.9952114924181963,0.40487511905597134,0.5095295764982499
