,AUROC,AUPRC,accuracy,f1,recall,mcc,gmean
0,0.7954735444531865,0.9792951002177083,0.950561797752809,0.9744976816074189,0.99213217938631,0.21697507450763925,0.3521597967163327
1,0.8680493431894157,0.9894728842696483,0.9520599250936329,0.9752895752895753,0.9960567823343849,0.2567085317045627,0.34486541304478974
2,0.8004603270745003,0.9834014256549605,0.9580524344569289,0.9783950617283951,0.9984251968503937,0.3674431432883085,0.41105262933397513
3,0.8180212604742378,0.983216600854062,0.950561797752809,0.9744582043343654,0.9960443037974683,0.29143375655409154,0.37455030384758664
4,0.7862091612687211,0.9840743077424343,0.9580209895052474,0.9783113865220759,0.9921445404556166,0.3666912170978988,0.4939331624465965
