,AUROC,AUPRC,accuracy,f1,recall,mcc,gmean
0,0.7924757133628308,0.9496585097992175,0.8522829006266786,0.9180327868852459,0.9798515376458112,0.2542746637567548,0.397085959121586
1,0.7854816625291122,0.9498236065744028,0.8639212175470009,0.9248269040553907,0.9811122770199371,0.28629007845815074,0.42364107212527435
2,0.791639208765679,0.9382596941950689,0.8361683079677709,0.9085457271364318,0.9848320693391116,0.23464593934742978,0.356246191757383
3,0.8269823733553042,0.9597959126591578,0.8576544315129812,0.9214814814814815,0.9841772151898734,0.25476097629563577,0.3815604086410027
4,0.7955518641565154,0.9497411390102471,0.8531781557743957,0.918407960199005,0.9767195767195768,0.25892730084111737,0.4127445526071821
