,AUROC,AUPRC,accuracy,f1,recall,mcc,gmean
0,0.8172244362286135,0.9867764502135972,0.9516994633273703,0.9750692520775623,0.9971671388101983,0.3007268820089418,0.36770790522843605
1,0.8403134164222874,0.986916279610563,0.9481216457960644,0.9731232622798888,0.9943181818181818,0.2998543433092296,0.4004671026354788
2,0.8412301848199283,0.9836543035768852,0.9481216457960644,0.973172987974098,0.9990503323836657,0.31981323581197696,0.35065658543475103
3,0.8200031785763952,0.9897049790433705,0.9561717352415027,0.9775126204681046,0.9943977591036415,0.16945857097119005,0.29091166446098177
4,0.8335465194560387,0.9875628764565019,0.9525514771709938,0.9755422242731887,0.9962299717247879,0.2679093084024098,0.3528863081299677
