,AUROC,AUPRC,accuracy,f1,recall,mcc,gmean
0,0.7805207372234849,0.9888100535271127,0.9717285945072698,0.9856380796060731,1.0,0.22917983590096086,0.23249527748763857
1,0.8484242977848824,0.9955502056956742,0.9741309620048505,0.9868959868959869,0.9975165562913907,-0.007639564101928776,0.0
2,0.8014004149377594,0.9922217530500049,0.973322554567502,0.9864587607714403,0.9975103734439834,0.15014279142355588,0.24968860274399582
3,0.6963952282157677,0.9859056706627091,0.9741309620048505,0.9868744872846595,0.9983402489626556,0.1701170962985183,0.24979244496214448
4,0.8215490685052076,0.9929958437374347,0.9717057396928052,0.985649856498565,0.999168744804655,-0.00478186608319857,0.0
