,AUROC,AUPRC,accuracy,f1,recall,mcc,gmean
0,0.8824625199362042,0.9723544464026224,0.8896860986547085,0.9380976346250629,0.9810526315789474,0.47983786189166067,0.5972825223319812
1,0.8686898395721925,0.9676356631651692,0.8672645739910314,0.9247967479674797,0.9732620320855615,0.40867321782902993,0.5551573141855929
2,0.8920938619421047,0.9757592685449239,0.8807174887892377,0.9326582278481013,0.9808306709265175,0.4652678101256107,0.5830497353576863
3,0.8759409187723883,0.9710874181456901,0.8717488789237668,0.9271523178807947,0.9691160809371672,0.42800535695964803,0.5842885972493328
4,0.8573725310059717,0.9625627435043952,0.8708520179372198,0.9269035532994924,0.9785637727759914,0.430679825062023,0.5584353082694711
