,AUROC,AUPRC,accuracy,f1,recall,mcc,gmean
0,0.7522747852205216,0.9768800984389612,0.9354317998385795,0.9666110183639399,0.9974160206718347,0.04382812064638346,0.11308131976771467
1,0.7922391857506361,0.9837563940768793,0.9564164648910412,0.9776119402985075,1.0,0.30922554544572217,0.31622776601683794
2,0.7548795582214606,0.97504263043978,0.9443099273607748,0.9712380158399333,0.998286203941731,0.21141341204805142,0.26329722905736563
3,0.7238805970149255,0.9761453935642398,0.9491525423728814,0.9738045738045739,0.9991467576791809,0.2403505707787214,0.27306261346361693
4,0.7545329790650821,0.9819206261316384,0.9515738498789347,0.9750830564784053,0.9940728196443692,0.17315373731342612,0.29273867651535707
