,AUROC,AUPRC,accuracy,f1,recall,mcc,gmean
0,0.8477764164376304,0.9929666156046105,0.9661515820456218,0.9827327327327328,0.996953541507997,0.19835934215726347,0.2944343938894422
1,0.9045592915455929,0.9960230452503152,0.9690721649484536,0.9842460615153789,0.9984779299847792,0.23863520453948475,0.30128179650902775
2,0.7741122462757101,0.9880411386526167,0.959499263622975,0.9793155321549455,0.9961744452945677,0.045240655303527354,0.1397599093469862
3,0.8103053435114504,0.9896680446247316,0.9617083946980854,0.9804364183596689,0.9946564885496183,0.12344595396166316,0.24933116639191166
4,0.8094267331742934,0.9893945721557167,0.9624447717231223,0.9807909604519774,0.9977011494252873,0.23292256601100456,0.30679431211445535
