,AUROC,AUPRC,accuracy,f1,recall,mcc,gmean
0,0.7294316441874227,0.9232606631828186,0.8697478991596639,0.9298959746720941,0.997090203685742,0.1532466530146657,0.2095162356297336
1,0.6849923642926558,0.9246448788504155,0.8647058823529412,0.9269178393100318,0.9922254616132167,0.12447870083006594,0.22204307808928608
2,0.696081996707882,0.9188207350456304,0.8696383515559294,0.9298959746720941,0.9903660886319846,0.08698848931983749,0.19837412863710124
3,0.7173013926760976,0.9263650521888314,0.8680672268907563,0.9287981859410431,0.9932104752667313,0.14715920772103241,0.2371064336203356
4,0.6992052072627614,0.9272548959042652,0.8864592094196804,0.9391617845876521,0.9923809523809524,0.19666185161452948,0.29269980482589697
