,AUROC,AUPRC,accuracy,f1,recall,mcc,gmean
0,0.978895279986466,0.9883088061255325,0.9387755102040817,0.9473684210526315,0.9455252918287937,0.8742078431745117,0.9374016612270989
1,0.9936157363471659,0.9960758410162376,0.9501133786848073,0.9597069597069597,0.9776119402985075,0.8953225818123908,0.9419113350847166
2,0.983340747330961,0.9922670813792608,0.9501133786848073,0.9602888086642599,0.9466192170818505,0.8939269552834982,0.9514224226570024
3,0.9863191890194671,0.9934821739581216,0.9523809523809523,0.9625668449197861,0.9507042253521126,0.897701724603088,0.9530562097124415
4,0.9934298654079224,0.9956672960101068,0.9659090909090909,0.9709864603481625,0.9766536964980544,0.929759507775677,0.9636501167384112
