,AUROC,AUPRC,accuracy,f1,recall,mcc,gmean
0,0.965178425857993,0.9235269651503889,0.9338598223099703,0.8699029126213592,0.8582375478927203,0.8257095233739231,0.9077440982148045
1,0.9757537814284284,0.9549809649654198,0.9486673247778875,0.9022556390977443,0.8955223880597015,0.8674975098605436,0.9309529229160658
2,0.9646250868473092,0.9241874766599241,0.9368213228035538,0.8677685950413223,0.8641975308641975,0.8262771645643651,0.9107168400433233
3,0.979617330803289,0.9556139334466074,0.9496544916090819,0.8952772073921971,0.8790322580645161,0.8624089043031665,0.9246090853892328
4,0.9718749999999998,0.9460025819320654,0.9347826086956522,0.8735632183908046,0.8769230769230769,0.829633733613239,0.9150272996383604
