,AUROC,AUPRC,accuracy,f1,recall,mcc,gmean
0,0.8216538789428816,0.7493917609249054,0.7238805970149254,0.6145833333333334,0.5130434782608696,0.43247929616084163,0.6728190113209384
1,0.8833532934131735,0.8382104707166165,0.8239700374531835,0.7564766839378239,0.73,0.6199297346608624,0.8016076660682588
2,0.8232323232323232,0.7665785643453379,0.7528089887640449,0.6292134831460674,0.5490196078431373,0.4606456333684542,0.6946018835199222
3,0.8363496232016442,0.7846864921487658,0.7303370786516854,0.625,0.5172413793103449,0.4517859867895649,0.6800252537524153
4,0.8642594859241126,0.7858747056321089,0.8052434456928839,0.6790123456790124,0.5789473684210527,0.5622699854085668,0.7338635374199127
