,AUROC,AUPRC,accuracy,f1,recall,mcc,gmean
0,0.7536153467781603,0.739234663514178,0.693069306930693,0.693069306930693,0.6542056074766355,0.3910477127397934,0.6942954969521603
1,0.6956436420722135,0.6843643131743375,0.6336633663366337,0.672566371681416,0.7307692307692307,0.26710351557115586,0.6226998490772391
2,0.8046875,0.7488899713076727,0.7376237623762376,0.7439613526570048,0.8020833333333334,0.48311224588480184,0.7381133522398283
3,0.7078100470957613,0.7022673395143861,0.6584158415841584,0.6933333333333334,0.75,0.317371757291924,0.6487822187351768
4,0.7672327672327671,0.7284493852701772,0.6666666666666666,0.6598984771573604,0.7142857142857143,0.34053936884987973,0.6693668262260598
