,AUROC,AUPRC,accuracy,f1,recall,mcc,gmean
0,0.7827291666666667,0.7693729215393318,0.7193548387096774,0.7355623100303952,0.75625,0.4378124951839449,0.7171122645722914
1,0.785923442539467,0.8127873559271435,0.7119741100323624,0.7492957746478873,0.7732558139534884,0.412747916990532,0.7007465040052451
2,0.7866480120280656,0.7964453882788882,0.7129032258064516,0.7420289855072464,0.7804878048780488,0.4227598673446196,0.7050957666115658
3,0.7806359112760395,0.800443303158702,0.7087378640776699,0.7368421052631579,0.7544910179640718,0.4117187729723526,0.7029498442962968
4,0.8056213017751479,0.8022501534370183,0.7605177993527508,0.7967032967032966,0.8579881656804734,0.5167033161948407,0.7426734280924491
