,AUROC,AUPRC,accuracy,f1,recall,mcc,gmean
0,0.7085110163468372,0.3652801910180084,0.8741935483870967,0.2909090909090909,0.19047619047619047,0.29336920686760626,0.4323453830054304
1,0.8057425470531666,0.5357790015886875,0.8446601941747572,0.35135135135135137,0.22413793103448276,0.3739153113128944,0.47059429620398924
2,0.8202362025891438,0.5072643130476041,0.8580645161290322,0.35294117647058826,0.23529411764705882,0.3517292862116086,0.4803662770881454
3,0.7690631808278867,0.45759096926098747,0.8381877022653722,0.2857142857142857,0.18518518518518517,0.27705397680825705,0.4252386232578593
4,0.7629482071713147,0.4712274518611306,0.8317152103559871,0.3333333333333333,0.22413793103448276,0.31145511213256055,0.4667837533591491
