,AUROC,AUPRC,accuracy,f1,recall,mcc,gmean
0,0.8111184792219275,0.9044130303570248,0.7903225806451613,0.8732943469785575,0.9655172413793104,0.34981711630112705,0.5098499285104608
1,0.8561277102062401,0.9475605251906528,0.8770226537216829,0.9272030651340997,0.9758064516129032,0.5667169764131638,0.6811079100942959
2,0.8336904761904761,0.9138890691089151,0.8354838709677419,0.9021113243761996,0.9791666666666666,0.4623708702302494,0.5794085654478071
3,0.8793185893604304,0.9551389040128195,0.86084142394822,0.9171483622350675,0.99581589958159,0.5681502358715064,0.6311310163766601
4,0.8601912731619845,0.9452674706684566,0.8381877022653722,0.90234375,0.9665271966527197,0.47821324638976387,0.6217804103227182
