,AUROC,AUPRC,accuracy,f1,recall,mcc,gmean
0,0.7531151581541833,0.6201848269880861,0.7032258064516129,0.5,0.42201834862385323,0.3096597380372665,0.6009410363510387
1,0.7963290579389651,0.6895002746665686,0.7216828478964401,0.5612244897959183,0.46218487394957986,0.389702366051955,0.6392720318066126
2,0.782280701754386,0.7139140979350502,0.7258064516129032,0.5641025641025641,0.4583333333333333,0.4015724350038651,0.640380917343924
3,0.7470357454228422,0.662120472699386,0.6763754045307443,0.4318181818181818,0.3064516129032258,0.3023562822844829,0.5322223971563707
4,0.80037297250412,0.7190171919239855,0.6990291262135923,0.5507246376811594,0.4523809523809524,0.3589397816512673,0.6269388350456274
