,AUROC,AUPRC,accuracy,f1,recall,mcc,gmean
0,0.7791044776119402,0.9835425613153942,0.9399293286219081,0.9688073394495413,0.9850746268656716,0.18415283810635985,0.3624131393618194
1,0.7619496855345912,0.9764215192373563,0.9328621908127208,0.9651376146788991,0.9924528301886792,0.11440279891384282,0.2348111333472404
2,0.6575235109717869,0.9470774705765672,0.9257950530035336,0.9611829944547134,0.9961685823754789,0.22766630928548148,0.30093318231121113
3,0.7660646387832699,0.973884109441301,0.9293286219081273,0.9632352941176471,0.9961977186311787,0.1413335422165385,0.22318128490435513
4,0.7302238805970149,0.9766596747934726,0.9363957597173145,0.967032967032967,0.9850746268656716,0.0879919431184468,0.2562647884338478
