,AUROC,AUPRC,accuracy,f1,recall,mcc,gmean
0,0.8793256670163505,0.9496121412179728,0.8211382113821138,0.8886780518659076,0.9669649002064694,0.48975709354320446,0.6294235210273417
1,0.8749587383091877,0.95016608327028,0.8017285205897305,0.8747591522157996,0.9491289198606272,0.4438741711005748,0.6193355610343392
2,0.8729307472470914,0.9484709658301699,0.8169801728520589,0.8865784499054821,0.9623803009575923,0.4661111857502433,0.617365947595534
3,0.8974744916715003,0.956777809444341,0.8322318251143874,0.8949713558243158,0.9590723055934516,0.5155928299909303,0.6649864594123486
4,0.8878423252724928,0.9544545287073074,0.8118962887646162,0.8799480856586632,0.9482517482517483,0.48231477842594667,0.6523538119429958
