,AUROC,AUPRC,accuracy,f1,recall,mcc,gmean
0,0.8986323572261071,0.9457299887309552,0.8298533984895602,0.884394808330818,0.9537760416666666,0.5908164530144073,0.7332004227006997
1,0.9051755178010558,0.9538735680580872,0.8298533984895602,0.8862488862488862,0.9601029601029601,0.5834338922811161,0.719675035264291
2,0.8988434233109689,0.9413690790594816,0.8217777777777778,0.877557251908397,0.9605614973262032,0.5882262201482344,0.7244785345889141
3,0.8984274940161676,0.9467029387805455,0.8209684584629053,0.877841770233404,0.9495081967213115,0.572462909003177,0.7232876412380241
4,0.8960112870502087,0.9471220562176172,0.8297777777777777,0.8857057594747837,0.9482428115015974,0.5770651792926399,0.728138308836847
