,AUROC,AUPRC,accuracy,f1,recall,mcc,gmean
0,0.864138618715591,0.8932854299757599,0.7947743467933491,0.8177215189873418,0.8054862842892768,0.5834150764759817,0.7928885305541464
1,0.8681982116052746,0.8986092838606146,0.7919239904988123,0.8151898734177215,0.8110831234256927,0.5771990904719518,0.7887122634315509
2,0.8731188430290193,0.899338582027934,0.8014251781472684,0.8212147134302823,0.8191126279863481,0.5979373806783235,0.7989106198480374
3,0.8647841993146245,0.9037990002346009,0.7919239904988123,0.8164291701592624,0.7983606557377049,0.5773685177457802,0.7906686967701685
4,0.8615300002570874,0.8886689799533924,0.7876484560570072,0.8098681412165036,0.80067283431455,0.5696807396995196,0.785565063103671
