,AUROC,AUPRC,accuracy,f1,recall,mcc,gmean
0,0.9373584266085829,0.9614677444036606,0.8647392875580795,0.895367412140575,0.9165985282093213,0.7059292941281942,0.8433257364733208
1,0.9241185326043895,0.9493274038599919,0.8502839442436758,0.8848292295472597,0.9267886855241264,0.6778635464391968,0.8198044975043624
2,0.9317600042394751,0.9601266275863298,0.8518327310273619,0.8874950999607997,0.9180859691808597,0.6744718644071972,0.8219023561258569
3,0.9269064646159618,0.9536482735360269,0.862157976251936,0.8941736028537456,0.9238329238329238,0.7000867314369091,0.8362571614689843
4,0.9198549277643345,0.9505332836117721,0.8523489932885906,0.8874015748031496,0.9103392568659128,0.6752092530917684,0.8260925228828802
