,AUROC,AUPRC,accuracy,f1,recall,mcc,gmean
0,0.6790123456790125,0.22489316239316237,0.9,0.0,0.0,0.0,0.0
1,0.7416666666666667,0.32296703296703294,0.7931034482758621,0.0,0.0,-0.08625819491779428,0.0
2,0.2592592592592593,0.06798245614035087,0.896551724137931,0.0,0.0,-0.05143444998736397,0.0
3,0.5576923076923077,0.14040861099684632,0.896551724137931,0.0,0.0,0.0,0.0
4,0.57,0.37782738095238094,0.8620689655172413,0.0,0.0,0.0,0.0
