,AUROC,AUPRC,accuracy,f1,recall,mcc,gmean
0,0.48156682027649766,0.1948611023356711,0.8157894736842105,0.0,0.0,0.0,0.0
1,0.6041666666666666,0.20965662261714893,0.8157894736842105,0.0,0.0,-0.07118684968143743,0.0
2,0.6372549019607843,0.16847826086956522,0.8918918918918919,0.0,0.0,-0.04950737714883372,0.0
3,0.4889705882352941,0.13472222222222222,0.868421052631579,0.0,0.0,-0.05638838744346009,0.0
4,0.16666666666666666,0.08059729422875975,0.8918918918918919,0.0,0.0,0.0,0.0
