,AUROC,AUPRC,accuracy,f1,recall,mcc,gmean
0,0.8269586878885411,0.985193542020618,0.946923076923077,0.9726081778483525,0.9991843393148451,0.25412143389023245,0.28463124640652754
1,0.8744672131147542,0.9893877911779572,0.9438461538461539,0.9709510545165141,1.0,0.2873324522715518,0.2958039891549808
2,0.8178432377049181,0.9812862705969255,0.9415384615384615,0.9697692919649961,0.9991803278688525,0.21868994686702495,0.24989751997929727
3,0.8397312667707958,0.9862065281610589,0.9407692307692308,0.9693593314763231,1.0,0.23947866911228036,0.2469323991623974
4,0.8369290284183901,0.9862894718787236,0.9414934565050038,0.9697933227344993,0.9983633387888707,0.14233817767903875,0.19722391574001905
