,AUROC,AUPRC,accuracy,f1,recall,mcc,gmean
0,0.827595589059074,0.9870759709628295,0.9525939177101967,0.9755422242731887,0.9981114258734656,0.317505026319519,0.36788196815190244
1,0.8305535190615837,0.9862496134154148,0.9508050089445438,0.97457235321313,0.9981060606060606,0.33220401844641106,0.3806394141919142
2,0.8401928555774709,0.9838651667456542,0.9490161001788909,0.9735988883742474,0.9981006647673314,0.34505973851636973,0.3918596029520564
3,0.8119971392812444,0.9891083021347504,0.9615384615384616,0.9802842732691426,0.9981325863678805,0.29949581552171156,0.3569610360227749
4,0.8047832233741752,0.9828350478702855,0.9525514771709938,0.975632183908046,1.0,0.2258820447218527,0.23145502494313785
