,AUROC,AUPRC,accuracy,f1,recall,mcc,gmean
0,0.7074968528456902,0.9692519032373912,0.9394673123486683,0.9686847599164927,0.9991386735572783,0.19316565627565616,0.22635785980443673
1,0.8153378569409104,0.9833780704255661,0.9556093623890234,0.9771878888428038,0.9991518235793045,0.2839741837464575,0.3160936291005095
2,0.7632938208131009,0.9748208635151203,0.943502824858757,0.9708576186511241,0.9991431019708654,0.168307060249947,0.20403666969963852
3,0.7510251642809842,0.9776453050804549,0.9499596448748991,0.9742096505823628,0.9991467576791809,0.2676489473395185,0.2991251060106737
4,0.8372653216152295,0.9879524667247621,0.9548022598870056,0.9768403639371381,1.0,0.18144336852872667,0.18569533817705186
