,AUROC,AUPRC,accuracy,f1,recall,mcc,gmean
0,0.8892103676913803,0.9793448032065304,0.9004777070063694,0.9462827675118178,0.9954792043399638,0.3851517730787721,0.44620156977311587
1,0.8923575994656999,0.9830415874736812,0.9076433121019108,0.9500430663221361,0.989237668161435,0.4102896399864731,0.5094969965736204
2,0.9116674566095652,0.9813456011960746,0.8972929936305732,0.9440347071583514,0.9945155393053017,0.42425704754736654,0.4893060469793272
3,0.8978659881255301,0.983776902561633,0.9132165605095541,0.953438701409654,0.992,0.3979877065236985,0.48450809240202936
4,0.8847787148737293,0.9785977922200855,0.8852589641434263,0.9378238341968912,0.985480943738657,0.2740126045912925,0.40128082186482894
