,AUROC,AUPRC,accuracy,f1,recall,mcc,gmean
0,0.8286012650674304,0.984156735536186,0.9705671213208902,0.9847753434831044,0.9969924812030075,0.5864673663335603,0.641449307790361
1,0.8352170749454281,0.982910124759542,0.9770114942528736,0.9880952380952381,0.9984962406015038,0.6877386503333685,0.7178808385623409
2,0.7541846498138887,0.9783171418841228,0.9676956209619526,0.9832651543324656,0.9962321024868124,0.5619446848282276,0.6264623457771609
3,0.8102181400688863,0.9883474300166132,0.9791666666666666,0.9892870336165497,0.9992537313432835,0.6579682261768347,0.6791126783168948
4,0.7821304864808974,0.9805814374082168,0.9762931034482759,0.9877732493516117,0.9992503748125937,0.6484286649302388,0.6692830665658981
