,AUROC,AUPRC,accuracy,f1,recall,mcc,gmean
0,0.793910480005401,0.98876081926685,0.9709208400646203,0.985233798195242,1.0,0.16198909975469544,0.1643989873053573
1,0.7543388901575703,0.9879424753051197,0.9765561843168957,0.9881390593047035,1.0,0.0,0.0
2,0.8418309128630705,0.9928818482045577,0.973322554567502,0.9864809504301516,0.9991701244813278,-0.00463524005005246,0.0
3,0.7585191908713693,0.9903214249088026,0.9741309620048505,0.9868959868959869,1.0,0.0,0.0
4,0.7230208791746126,0.9862452512149718,0.9725141471301536,0.9860655737704918,1.0,0.0,0.0
