,AUROC,AUPRC,accuracy,f1,recall,mcc,gmean
0,0.7914152679757682,0.9457853922751315,0.8495971351835273,0.9174852652259332,0.9904559915164369,0.19173435851427614,0.29220564197101473
1,0.7678032144959436,0.9361689516373599,0.8621307072515667,0.9246575342465754,0.9916054564533053,0.23792637363575347,0.32990111430621866
2,0.7737822653606015,0.9295881036734179,0.8370635631154879,0.9097222222222222,0.9934994582881906,0.2254296654162882,0.3036121903172097
3,0.8200134821361696,0.9591839106738222,0.8612354521038496,0.9237579931136252,0.990506329113924,0.27195359952567444,0.3671547854878494
4,0.801082810385136,0.9517855820319177,0.8603401969561325,0.9236043095004897,0.9978835978835979,0.2790827142852896,0.3231558120292493
