,AUROC,AUPRC,accuracy,f1,recall,mcc,gmean
0,0.8379250968575118,0.990051036095788,0.9690949227373068,0.9842460615153789,0.9992383853769993,0.29440499805844533,0.3295646643312368
1,0.8368098796180987,0.9932464056379804,0.9683357879234168,0.9838890970400899,0.9992389649923896,0.16855367017106995,0.21311957431029072
2,0.7683739142175615,0.9862103086942939,0.9631811487481591,0.9812171299774606,0.9992348890589136,0.15570245110179076,0.1979537368272672
3,0.8216284987277352,0.9915513686649102,0.96759941089838,0.9834834834834835,1.0,0.2839459591721322,0.28867513459481287
4,0.810800260247235,0.9892578823808376,0.9617083946980854,0.9804364183596689,0.9984674329501916,0.17608967080553833,0.23773309510165938
