,AUROC,AUPRC,accuracy,f1,recall,mcc,gmean
0,0.8831259968102073,0.9717354513579157,0.8932735426008969,0.9402910185649774,0.9863157894736843,0.49684036618282357,0.5938708745425929
1,0.8879084967320262,0.9731975271456845,0.8878923766816144,0.9363867684478372,0.983957219251337,0.5169441166239876,0.6185871237819724
2,0.894598944718753,0.9758953575461619,0.8860986547085202,0.9360201511335012,0.9893503727369543,0.49115361839037963,0.5758968894032332
3,0.8825334011036887,0.9702084728247823,0.8887892376681614,0.9375629405840886,0.9914802981895634,0.5064172425328451,0.5813816707723751
4,0.8795183915762694,0.9698503215753307,0.8762331838565023,0.9305835010060363,0.9914255091103966,0.4539139729695737,0.5322259211785904
