,AUROC,AUPRC,accuracy,f1,recall,mcc,gmean
0,0.7541466122528655,0.9342723959540447,0.888235294117647,0.9392416628597533,0.997090203685742,0.37749832372187453,0.42644955099069665
1,0.6864048192480187,0.9066336368033924,0.8773109243697479,0.9334548769371012,0.9951409135082604,0.2846838954009253,0.3515963442012509
2,0.7109092881113707,0.9285174506851148,0.8847771236333053,0.9379247847757136,0.9971098265895953,0.28401564208784275,0.33504835128010607
3,0.7019502345527636,0.9205958371639967,0.8764705882352941,0.9328460484239379,0.9903006789524733,0.2706204419802113,0.37016582156182853
4,0.7127989037341556,0.9253933915651121,0.8999158957106812,0.9460806524694155,0.9942857142857143,0.36003489063243516,0.4312557251954745
