,AUROC,AUPRC,accuracy,f1,recall,mcc,gmean
0,0.8163236399019571,0.8232283282931555,0.7385964912280701,0.71939736346516,0.6845878136200717,0.47807619996507617,0.7355835449889264
1,0.8102788578221353,0.8000088907223658,0.7416520210896309,0.7231638418079096,0.7084870848708487,0.4815470157237559,0.7394720353114795
2,0.8301810021700533,0.8362069564103888,0.7298245614035088,0.7240143369175627,0.7372262773722628,0.4598591764630317,0.7300648419870817
3,0.7737980412524113,0.7968281954727254,0.6977152899824253,0.684981684981685,0.6382252559726962,0.4013845406162908,0.6968544848264261
4,0.7917881858625804,0.7873164951787833,0.7117750439367311,0.6962962962962963,0.6714285714285714,0.42381521800817207,0.7100367942120662
