,AUROC,AUPRC,accuracy,f1,recall,mcc,gmean
0,0.9671221570066031,0.9369977722617927,0.932872655478776,0.859504132231405,0.7969348659003831,0.8201202593675709,0.8837638591472368
1,0.9747220274466593,0.951570447381336,0.9358341559723593,0.8717948717948718,0.8246268656716418,0.8316084231032573,0.8970523926124135
2,0.970004275559831,0.9384128327399062,0.9466929911154985,0.8846153846153846,0.8518518518518519,0.851086416343328,0.9121065902285939
3,0.9809983133038161,0.9505629931168056,0.9437314906219151,0.8789808917197452,0.8346774193548387,0.8444777142893504,0.9040022753577518
4,0.9639090630114566,0.9138898065139339,0.9258893280632411,0.8459958932238193,0.7923076923076923,0.800678892876288,0.8776001814948183
