,AUROC,AUPRC,accuracy,f1,recall,mcc,gmean
0,0.887433585944622,0.8566417996467618,0.8153638814016172,0.7911585365853658,0.7923664122137405,0.6257026237596961,0.8126897594792729
1,0.8765565160503084,0.8385593015054342,0.8025606469002695,0.7744418783679754,0.7598187311178247,0.5993541728593542,0.7974680789812182
2,0.880061332589908,0.8373376439634831,0.7963587322993931,0.7587859424920128,0.7503949447077409,0.582737117581888,0.7894740102742012
3,0.8875034138855499,0.852015952255393,0.8113207547169812,0.781591263650546,0.7939778129952456,0.6158210455623481,0.8089232727028868
4,0.884489977843618,0.8557201287938134,0.8091706001348618,0.7807900852052673,0.7801857585139319,0.6118356163548772,0.8054542919363468
