,AUROC,AUPRC,accuracy,f1,recall,mcc,gmean
0,0.8509519749928957,0.7987959198986447,0.7350746268656716,0.6395939086294417,0.5478260869565217,0.45502090987068805,0.6926726473735175
1,0.8698203592814371,0.8164620057587306,0.7940074906367042,0.717948717948718,0.7,0.5563284242300061,0.7714982701460343
2,0.8490196078431373,0.7812939147584615,0.7715355805243446,0.6702702702702703,0.6078431372549019,0.5044883328628625,0.7283414607328487
3,0.8671500342543961,0.8301270257998203,0.7565543071161048,0.6700507614213198,0.5689655172413793,0.5063749990359568,0.715853172007382
4,0.8847001223990207,0.8306648228346916,0.7940074906367042,0.6783625730994152,0.6105263157894737,0.5367176719421732,0.7393470274017369
