,AUROC,AUPRC,accuracy,f1,recall,mcc,gmean
0,0.7780294953802416,0.4002602790274282,0.8741935483870967,0.20408163265306123,0.11904761904761904,0.25705571449819387,0.34374293298931907
1,0.7851696661629344,0.4770141654527189,0.8252427184466019,0.2702702702702703,0.1724137931034483,0.2617044037094457,0.41023450348548135
2,0.8050950109773639,0.48713027848948065,0.8516129032258064,0.34285714285714286,0.23529411764705882,0.3219084117499605,0.47847133369734
3,0.7748366013071896,0.4291389413536152,0.8317152103559871,0.2571428571428571,0.16666666666666666,0.23859500159093835,0.402605890751705
4,0.7715345514493749,0.4475406837182778,0.8187702265372169,0.24324324324324326,0.15517241379310345,0.22430076784162944,0.38838755937460345
