,AUROC,AUPRC,accuracy,f1,recall,mcc,gmean
0,0.7809166666666666,0.7365523736322723,0.7387096774193549,0.7567567567567568,0.7875,0.4771482178343377,0.7353570561298776
1,0.7954294686810389,0.7988506539551533,0.7346278317152104,0.7616279069767442,0.7616279069767442,0.46235783398404345,0.7305446376933692
2,0.8135232208486468,0.8318152737988357,0.7290322580645161,0.7469879518072289,0.7560975609756098,0.4555656255806082,0.7267960804788359
3,0.7870034578729863,0.8158564605661632,0.6925566343042071,0.7181008902077152,0.7245508982035929,0.3801543665200327,0.68886124409217
4,0.8099535080304311,0.7901381463435897,0.7605177993527508,0.7909604519774012,0.8284023668639053,0.5148683259203688,0.7497534111391511
