,AUROC,AUPRC,accuracy,f1,recall,mcc,gmean
0,0.7634533753252088,0.5932270482175391,0.7193548387096774,0.5492227979274611,0.48623853211009177,0.356671293212364,0.6412850533850781
1,0.7593984962406015,0.6189407803656612,0.6925566343042071,0.6153846153846154,0.6386554621848739,0.36054930759387627,0.6810767550125958
2,0.8114912280701755,0.7388708017956909,0.7387096774193549,0.6610878661087866,0.6583333333333333,0.4485058935940784,0.7209277648317224
3,0.7417393199651264,0.6676382191093364,0.7087378640776699,0.5714285714285714,0.4838709677419355,0.3754977538928131,0.6448778802095863
4,0.817677161939457,0.7379877408489546,0.7411003236245954,0.6747967479674797,0.6587301587301587,0.4603331812737436,0.7249443286505801
