,AUROC,AUPRC,accuracy,f1,recall,mcc,gmean
0,0.9517259070431117,0.9720115998778083,0.8853897780072276,0.9100486223662885,0.9182338511856092,0.7524153720199421,0.8725461309081933
1,0.9387698507023442,0.9592467605801318,0.8791946308724832,0.9045676998368679,0.9226289517470881,0.7412358942431015,0.8635014917820881
2,0.9486787353461623,0.9703494438674524,0.8833247289623128,0.9084278768233387,0.9091646390916464,0.7476903444603287,0.8728928663111639
3,0.9429587662827887,0.9643101873877671,0.8771295818275684,0.903173311635476,0.9090909090909091,0.7352302808913525,0.8647783206874057
4,0.9367264797853384,0.9620530701050594,0.8714506969540526,0.8998793727382388,0.9038772213247173,0.7204200009432666,0.8577727913408979
