,AUROC,AUPRC,accuracy,f1,recall,mcc,gmean
0,0.9158626529720281,0.9592936864457231,0.8485117725455353,0.8909497921330348,0.9069010416666666,0.6442685476869326,0.8097896114075492
1,0.9172173813493756,0.96049630930873,0.8573967125721902,0.8990883370009431,0.9202059202059202,0.6585382387713219,0.8124770917004139
2,0.9101764741343848,0.9500729578834738,0.8426666666666667,0.8853626943005182,0.9137700534759359,0.6385536012776121,0.8006830292820821
3,0.9201061283475591,0.9600959833654789,0.8578409595735229,0.8969072164948454,0.9127868852459017,0.6692814609515233,0.8232102476120378
4,0.9178251440031716,0.9612623938023246,0.8488888888888889,0.8936170212765957,0.9124600638977636,0.6348749582304278,0.8012815927918471
