,AUROC,AUPRC,accuracy,f1,recall,mcc,gmean
0,0.5333333333333333,0.17548370927318296,0.8421052631578947,0.0,0.0,-0.06399221901922213,0.0
1,0.7714285714285714,0.19166666666666665,0.9459459459459459,0.0,0.0,0.0,0.0
2,0.4121212121212121,0.1473992218819805,0.8157894736842105,0.0,0.0,-0.09174698042719671,0.0
3,0.5714285714285714,0.3203147620604305,0.8108108108108109,0.0,0.0,0.0,0.0
4,0.69375,0.2768398268398269,0.8648648648648649,0.0,0.0,0.0,0.0
