,AUROC,AUPRC,accuracy,f1,recall,mcc,gmean
0,0.8435143953088489,0.9880754748171214,0.9446153846153846,0.9712230215827338,0.9910277324632952,0.2869291129414656,0.41725228161607714
1,0.8859118852459017,0.9910182695017472,0.9446153846153846,0.9712689545091779,0.9975409836065574,0.31441698531407214,0.37035372989333
2,0.8367930327868853,0.9856630476116581,0.9361538461538461,0.9667867146858744,0.9901639344262295,0.1957031847238814,0.3337565619174413
3,0.8717709960350836,0.9895288364224315,0.9384615384615385,0.968,0.993431855500821,0.2400448617257315,0.3480664107330495
4,0.8712192063255892,0.9905313766578191,0.939183987682833,0.9685384309040223,0.9950900163666121,0.12708783617644573,0.2273609198239676
