,AUROC,AUPRC,accuracy,f1,recall,mcc,gmean
0,0.9058532695374799,0.9778907108333086,0.9094170403587444,0.9475869226777374,0.9610526315789474,0.6180211149718328,0.7669945904335871
1,0.9269221628045157,0.9817987672145074,0.8977578475336323,0.9409937888198758,0.9721925133689839,0.5780608102250107,0.7049102040131956
2,0.9144096717978508,0.9797715036311607,0.8923766816143498,0.9376299376299376,0.9605963791267306,0.5555370852009259,0.7124520049974736
3,0.9227448204085584,0.9835831587380048,0.8959641255605382,0.939203354297694,0.9542066027689031,0.583027486117232,0.7472802203703783
4,0.9224409031482986,0.9821584644362171,0.8923766816143498,0.9376299376299376,0.9667738478027867,0.5616182743997846,0.7028590273581087
