,AUROC,AUPRC,accuracy,f1,recall,mcc,gmean
0,0.8204379997613079,0.9872085616096731,0.9691313711414213,0.9840208101077667,0.9954887218045113,0.5661758694371579,0.6409653776514715
1,0.872301722047053,0.9906431308918453,0.9777298850574713,0.9884801189149015,1.0,0.6990073785085569,0.7071067811865476
2,0.7504681327213354,0.977589043674601,0.9655419956927495,0.9821428571428571,0.9947249434815373,0.5296742894761964,0.6138320220701785
3,0.8286954649827785,0.9875221001939308,0.9755747126436781,0.9874353288987435,0.9970149253731343,0.5884184772943402,0.64947209862213
4,0.8409049785452102,0.9891183633022365,0.9770114942528736,0.9881393624907339,0.9992503748125937,0.6615178549279537,0.6820324610529915
