,AUROC,AUPRC,accuracy,f1,recall,mcc,gmean
0,0.8661673148637186,0.9908983500534357,0.9570661896243292,0.9778393351800554,1.0,0.4223227786042391,0.4317877695883728
1,0.9010263929618767,0.9935088769022712,0.9552772808586762,0.9768089053803339,0.9971590909090909,0.4347753671485349,0.4911702018195172
2,0.858309591642925,0.9878745068068676,0.9552772808586762,0.9768089053803339,1.0,0.4693700568066252,0.4803844614152614
3,0.8067028229731609,0.9868714446023508,0.9615384615384616,0.9802480477721636,0.996265172735761,0.32421430114786354,0.4117973417573593
4,0.8569997980341995,0.9897580191089546,0.9579230080572964,0.9783110290724504,0.9990574929311969,0.39254683338595486,0.42237793945436325
