,AUROC,AUPRC,accuracy,f1,recall,mcc,gmean
0,0.9025414598661129,0.8841006897932053,0.8349056603773585,0.8111025443330764,0.8030534351145038,0.6646152285360326,0.8310740498178418
1,0.906654060173036,0.8822290032945925,0.8254716981132075,0.7990690457719162,0.7779456193353474,0.6457549415562759,0.81972444314309
2,0.890895827525323,0.8613339530507397,0.8145650708024275,0.7869868319132456,0.8025276461295419,0.6232830445457899,0.8129607126681926
3,0.9078306638451407,0.8742892546093862,0.8355795148247979,0.8069620253164557,0.8082408874801902,0.6637726823045614,0.8316820396502701
4,0.907358397046802,0.890692883041553,0.8354686446392448,0.8066561014263075,0.7879256965944272,0.6641727303064466,0.8289748087782445
