,AUROC,AUPRC,accuracy,f1,recall,mcc,gmean
0,0.7786993629041952,0.7877094561011351,0.722007722007722,0.75,0.7659574468085106,0.4377439486349102,0.7161019616461711
1,0.7398887160464281,0.7277725271105306,0.6756756756756757,0.7181208053691275,0.781021897810219,0.3482917809408772,0.6597906340246725
2,0.7371078254597908,0.7261514437438672,0.667953667953668,0.7114093959731543,0.75177304964539,0.32573632196105906,0.6533407910160159
3,0.7326388888888888,0.7602103824958669,0.6872586872586872,0.7254237288135593,0.7430555555555556,0.36322109326523705,0.6773153170033459
4,0.7845792704947634,0.8010097476070488,0.722007722007722,0.7551020408163265,0.7816901408450704,0.4358784610334091,0.7125759860769586
