,AUROC,AUPRC,accuracy,f1,recall,mcc,gmean
0,0.8232826135600805,0.4923917180425632,0.8494208494208494,0.13333333333333333,0.07317073170731707,0.20302064980232337,0.26987976239248956
1,0.7411053927053033,0.35903708623560565,0.8455598455598455,0.13043478260869565,0.07317073170731707,0.1697750992995697,0.2692572015577971
2,0.7484450923226432,0.4266738189446978,0.8108108108108109,0.10909090909090909,0.061224489795918366,0.12220910332321785,0.24566207323761893
3,0.8053255761915418,0.4895032819277223,0.8455598455598455,0.09090909090909091,0.04878048780487805,0.1507635344835643,0.22035590325505483
4,0.7394071914480077,0.4304793562943798,0.8223938223938224,0.20689655172413793,0.12244897959183673,0.2313109636501519,0.34741863573333326
