,AUROC,AUPRC,accuracy,f1,recall,mcc,gmean
0,0.7420729414713624,0.613345054157008,0.6833976833976834,0.5,0.40594059405940597,0.30318944533396064,0.5911152342843424
1,0.7598734662576687,0.6627069581367819,0.6795366795366795,0.5202312138728323,0.46875,0.28787560079689173,0.6137796511148764
2,0.7422414838162201,0.696027891177202,0.6795366795366795,0.5786802030456852,0.504424778761062,0.33846884484152295,0.6412025766734304
3,0.7635765943458251,0.5913283536995544,0.7297297297297297,0.5679012345679012,0.5111111111111111,0.37972393748626465,0.6576310762719721
4,0.8013858229090018,0.700561558302708,0.7027027027027027,0.5649717514124294,0.46296296296296297,0.37601315420243153,0.6361677020304443
