,AUROC,AUPRC,accuracy,f1,recall,mcc,gmean
0,0.8540483605055872,0.9547096403768666,0.8571428571428571,0.91415313225058,0.9563106796116505,0.5113208691432928,0.6716322976250045
1,0.8386124401913876,0.943048303614702,0.8416988416988417,0.9106753812636166,1.0,0.38791751700587074,0.4242640687119285
2,0.7907203389830509,0.8924030969980238,0.803088803088803,0.8848758465011287,0.98,0.3194869509643656,0.44645496290029646
3,0.715216258467952,0.8963159956793374,0.7876447876447876,0.8764044943820225,0.9653465346534653,0.21208314490533162,0.3904140584693988
4,0.8407590759075907,0.9376352412326995,0.8185328185328186,0.8939051918735892,0.9801980198019802,0.3678878641245574,0.4906632152796422
