,AUROC,AUPRC,accuracy,f1,recall,mcc,gmean
0,0.9084488272921108,0.9947300476089685,0.950354609929078,0.9744525547445255,0.996268656716418,0.17522993032027587,0.26676215419042404
1,0.9264312977099237,0.9937370334144169,0.9326241134751773,0.9650092081031307,1.0,0.21591483756761723,0.22360679774997896
2,0.9093541593541594,0.9913404409939349,0.9252669039145908,0.9608938547486033,0.9961389961389961,0.22752935135151303,0.30092871341580313
3,0.8873091603053436,0.9904761853385111,0.9432624113475178,0.9703703703703703,1.0,0.4341534390432644,0.4472135954999579
4,0.8879079721776351,0.9935768851282224,0.9430604982206405,0.9705882352941176,0.9887640449438202,0.11055871679345121,0.2657555327933416
