,AUROC,AUPRC,accuracy,f1,recall,mcc,gmean
0,0.9337262823605081,0.9576305351150137,0.861096039066739,0.8903170522707797,0.9019097222222222,0.7014837998541626,0.8457320515428716
1,0.9363237289488386,0.9573579817933316,0.8713355048859935,0.8937696100403406,0.902262443438914,0.7309035651253757,0.8627490422595411
2,0.9445896341220125,0.9619734481246384,0.8843648208469055,0.9078321073128516,0.9234154929577465,0.7535880694880859,0.8709840954333583
3,0.9396345671744801,0.9596045811966576,0.8756786102062974,0.901250539025442,0.8962264150943396,0.7335831565347898,0.8677801065215391
4,0.9319953392444342,0.9576449593513425,0.8566775244299675,0.8847161572052402,0.892511013215859,0.6955565060882583,0.8445421099528893
