,AUROC,AUPRC,accuracy,f1,recall,mcc,gmean
0,0.9161531235186255,0.956308590716886,0.8457300275482094,0.8867161159811193,0.893949694085656,0.6452465193756155,0.816304406278835
1,0.9087668410900734,0.9534945764658264,0.8443526170798898,0.88800792864222,0.9050505050505051,0.6344327274528357,0.8040302522073697
2,0.8980052073723271,0.9480989804786745,0.832415059687787,0.8782115448782115,0.8826291079812206,0.609731728167783,0.7990775856385699
3,0.9169378362171438,0.9586427539619788,0.8539944903581267,0.894281914893617,0.9081701553004726,0.6593598032321946,0.819163962982548
4,0.9155613038262751,0.9595922436087215,0.8530762167125804,0.8959687906371911,0.9156146179401994,0.648086243478592,0.8081080730131875
