,AUROC,AUPRC,accuracy,f1,recall,mcc,gmean
0,0.8869219301780387,0.9054196660290508,0.8083209509658247,0.8262236192186798,0.8236347358997315,0.6125492788487273,0.8063137301583774
1,0.8919835660221346,0.9201071523244547,0.8231797919762258,0.8372093023255814,0.8174532502226179,0.6448620197787369,0.8238799337732035
2,0.882306046571657,0.9010903781174914,0.8012884043607532,0.8189616252821671,0.8149146451033243,0.5988012562898907,0.7995782023562618
3,0.9015149387001626,0.9227291390457707,0.8301139177810798,0.8484312859036677,0.8283002588438308,0.6564539613132685,0.8304264702424186
4,0.8797143453706651,0.8998055020901963,0.8037661050545094,0.8186813186813187,0.7982142857142858,0.606110085990308,0.8044281677441024
