,AUROC,AUPRC,accuracy,f1,recall,mcc,gmean
0,0.8837577182928116,0.9740425414034088,0.9088235294117647,0.9498111171073934,0.9893198426082068,0.5103191904534008,0.5969143684300159
1,0.8629520989858831,0.9700460289203701,0.9009803921568628,0.9453758788534343,0.9864559819413092,0.47396670633621407,0.5755627952265046
2,0.8662837438423645,0.9651030732544668,0.8990196078431373,0.9437772925764192,0.988,0.5078265411673116,0.5981004413399429
3,0.8604452741505983,0.9649501130890146,0.8990196078431373,0.9438386041439476,0.9857630979498861,0.497392746892839,0.5979236346290571
4,0.8451788354041951,0.9656284989205601,0.8979892103972535,0.9438444924406048,0.983127109111361,0.4397234990081158,0.5591439476901086
