,AUROC,AUPRC,accuracy,f1,recall,mcc,gmean
0,0.6290322580645162,0.25407268170426067,0.8157894736842105,0.0,0.0,0.0,0.0
1,0.5807291666666666,0.2095029239766082,0.8421052631578947,0.0,0.0,0.0,0.0
2,0.4117647058823529,0.08258258258258258,0.918918918918919,0.0,0.0,0.0,0.0
3,0.7977941176470589,0.44298245614035087,0.8947368421052632,0.0,0.0,0.0,0.0
4,0.6439393939393939,0.1612970362970363,0.8918918918918919,0.0,0.0,0.0,0.0
