,AUROC,AUPRC,accuracy,f1,recall,mcc,gmean
0,0.4444444444444444,0.09230769230769231,0.9,0.0,0.0,0.0,0.0
1,0.4541666666666667,0.1639655172413793,0.8275862068965517,0.0,0.0,0.0,0.0
2,0.3148148148148148,0.063894523326572,0.9310344827586207,0.0,0.0,0.0,0.0
3,0.7115384615384616,0.16666666666666666,0.896551724137931,0.0,0.0,0.0,0.0
4,0.485,0.13354885057471264,0.8620689655172413,0.0,0.0,0.0,0.0
