,AUROC,AUPRC,accuracy,f1,recall,mcc,gmean
0,0.8036379092104936,0.9512182704590635,0.8403967538322813,0.9120715350223547,0.9797225186766275,0.1302084310815045,0.28239131745036605
1,0.8235862514631291,0.9572309735791749,0.851985559566787,0.9180819180819181,0.9860515021459227,0.25728793119307003,0.3742514312965895
2,0.7942752447888507,0.9430987760731321,0.8503155996393147,0.9173306772908366,0.9903225806451613,0.25271446286141375,0.34887766399819214
3,0.8284381592827004,0.960556696558956,0.8628158844765343,0.9246031746031746,0.9831223628691983,0.25084159612176954,0.3840160861609572
4,0.8159991618773947,0.9500994251046878,0.8537906137184116,0.9192422731804586,0.9935344827586207,0.288331238099459,0.3639660208973031
