,AUROC,AUPRC,accuracy,f1,recall,mcc,gmean
0,0.9146399531169878,0.9944512841806077,0.9836575875486381,0.9915764139590855,0.9959709911361805,0.7269424990326521,0.7961153946709704
1,0.7997792866667688,0.9858205979203032,0.969626168224299,0.9843058350100604,0.9935012185215272,0.5380853979694129,0.6421812300406194
2,0.8449488834051162,0.9897982892393982,0.971183800623053,0.9851822186623949,0.9991876523151909,0.5413593131606185,0.5661220298039998
3,0.8550268786457738,0.9930247105797143,0.9797507788161994,0.9896414342629483,0.9943955164131305,0.5543556068086447,0.674226080408601
4,0.8670991658943465,0.9934389768309753,0.9813084112149533,0.9904229848363927,0.9967871485943776,0.6261969395576242,0.6968602814620102
