,AUROC,AUPRC,accuracy,f1,recall,mcc,gmean
0,0.9070544617419618,0.975930572308128,0.8931159420289855,0.9389233954451346,0.969017094017094,0.5310897493666136,0.6750324085136599
1,0.9219144206030024,0.9817849873270649,0.9029918404351768,0.9442998438313378,0.9742212674543501,0.5882336769626826,0.7100020176987264
2,0.9088796777037617,0.9782952848399412,0.9030797101449275,0.9442998438313378,0.9773706896551724,0.5949316187628133,0.7069595673992283
3,0.9118909616664108,0.9816836949344399,0.8893925657298277,0.9364583333333333,0.9604700854700855,0.5216406044442758,0.6867372611992473
4,0.9103920828759605,0.9754737064420507,0.8893925657298277,0.935856992639327,0.9769484083424808,0.566044653808143,0.6804651639655441
