,AUROC,AUPRC,accuracy,f1,recall,mcc,gmean
0,0.8071929519503854,0.9854504493003304,0.9455676516329704,0.9719775820656525,0.9991769547325103,0.1294603187597293,0.16776718901732526
1,0.8250089137152365,0.981942842319591,0.9362363919129082,0.9670152855993563,1.0,0.14929493593707233,0.1543033499620919
2,0.8222390393520841,0.984064554094303,0.9392996108949416,0.9685737308622079,1.0,0.2378445503274816,0.245440346836908
3,0.8663199090179288,0.9901980451108379,0.9455676516329704,0.9719101123595506,0.9991749174917491,0.22808090771522685,0.25983036533369713
4,0.7955537190082644,0.9834023028679746,0.9439688715953307,0.9710378117457763,0.9975206611570248,0.21791854623556706,0.28249186340948296
