,AUROC,AUPRC,accuracy,f1,recall,mcc,gmean
0,0.8760024539566889,0.9807008050589598,0.8969404186795491,0.9438596491228071,0.9799635701275046,0.36410378366959667,0.5085287579601924
1,0.9065663197097023,0.9843329324930465,0.9041867954911433,0.9476923076923077,0.9908088235294118,0.45339845648950566,0.5380725404845794
2,0.8885160352743007,0.9793579197520357,0.9082125603864735,0.9501312335958005,0.9828054298642533,0.41948093161884337,0.5489061987214944
3,0.8906122608712668,0.9813617760937264,0.9186795491143317,0.9557211749232792,0.9882139619220308,0.5064168998351785,0.6021479063625981
4,0.8830307585568917,0.9767296317813124,0.9024979854955681,0.946483856700575,0.9898242368177613,0.46864056978779,0.5561655095432927
