,AUROC,AUPRC,accuracy,f1,recall,mcc,gmean
0,0.8400906680352409,0.9926883422630299,0.9680059523809523,0.9837182885270731,1.0,0.20741351838906633,0.21081851067789195
1,0.7384785111281658,0.989028810150116,0.9702159344750558,0.9848714069591528,0.9992325402916347,0.10682471929229295,0.1580531983456547
2,0.7983001905215528,0.988456241355453,0.9620535714285714,0.9806451612903225,1.0,0.13601649478984978,0.1386750490563073
3,0.7996365042536735,0.9883098264404044,0.9627699180938198,0.9810318664643399,1.0,0.0,0.0
4,0.84587826967765,0.9922490832434381,0.9612807148175726,0.9802581624905087,1.0,0.0,0.0
