,AUROC,AUPRC,accuracy,f1,recall,mcc,gmean
0,0.726439806748959,0.9238646546824862,0.8895497026338148,0.9397590361445783,0.9960707269155207,0.39887343253309204,0.4546775344166691
1,0.7699771819090001,0.9375975099635291,0.8776550552251486,0.9328358208955224,0.999000999000999,0.3970927531806375,0.43279635778583825
2,0.7753927219302708,0.9475010740065136,0.9048428207306712,0.9487648673376029,0.9961575408261287,0.3971496808907937,0.45287002374343505
3,0.7353628600527512,0.9352728479918343,0.8937977909940527,0.9424228466144634,0.995136186770428,0.37674538873739843,0.440095698991429
4,0.709608314479638,0.9289657313769228,0.9047619047619048,0.9488117001828154,0.9980769230769231,0.3969902494259503,0.4368166932815317
