,AUROC,AUPRC,accuracy,f1,recall,mcc,gmean
0,0.8350316604127579,0.9866516828706782,0.9753086419753086,0.9871987951807228,0.9992378048780488,0.6816017764161568,0.7013789687366712
1,0.8275874135662495,0.9865266030825366,0.9760348583877996,0.9876450767502808,0.9969765684051398,0.6217754855707815,0.6793844464759925
2,0.7692206904409251,0.9799752160909667,0.9651416122004357,0.9819140919366993,0.9946564885496183,0.5383854066030727,0.62127779618636
3,0.8302171806418515,0.9859620492022918,0.9803921568627451,0.989891426432048,0.9984894259818731,0.6941864089023707,0.726294601169895
4,0.8250196260118657,0.9859891531972771,0.9731104651162791,0.9861058956064589,0.996962794229309,0.6070905880227251,0.662826927968406
