,AUROC,AUPRC,accuracy,f1,recall,mcc,gmean
0,0.8260056461507308,0.9862286609975941,0.9575757575757575,0.9780564263322884,0.9960095770151636,0.41193203008082413,0.4877017872809715
1,0.8637571891160408,0.9891960432752696,0.9613636363636363,0.9800391389432486,0.9984051036682615,0.4683955745617323,0.5071143371517466
2,0.8284873500957043,0.9873119834357829,0.9666666666666667,0.9828125,0.9992057188244639,0.5187217089546996,0.5429987008836368
3,0.8196920724290134,0.985300069219705,0.9606060606060606,0.9796238244514106,0.9992006394884093,0.48599113906563585,0.510549739387144
4,0.7632711146412496,0.9819024002751491,0.9681576952236542,0.983580922595778,0.9992057188244639,0.5386176455150675,0.5625079059839191
