,AUROC,AUPRC,accuracy,f1,recall,mcc,gmean
0,0.7857897251489929,0.7824516205146099,0.7115044247787611,0.6720321931589537,0.6278195488721805,0.4201061602009001,0.7024505457186836
1,0.7730153142052456,0.7564855785079734,0.6884955752212389,0.6507936507936508,0.6165413533834586,0.3730773913546804,0.6811406047572637
2,0.7821161846523982,0.7605388049611996,0.7097345132743362,0.703971119133574,0.693950177935943,0.4195336646393258,0.7094774328037231
3,0.7488593060569595,0.7790726697438304,0.6761061946902654,0.6446601941747573,0.5763888888888888,0.3631825461326719,0.6704166493715028
4,0.7638874905612887,0.7681227288309971,0.6985815602836879,0.6666666666666666,0.6204379562043796,0.39802472260604166,0.6922678926089061
