,AUROC,AUPRC,accuracy,f1,recall,mcc,gmean
0,0.9806949806949807,0.9519279588489631,0.9426877470355731,0.8811475409836066,0.8301158301158301,0.8463497417070207,0.9025974017590287
1,0.973381492179687,0.9465736957871672,0.9387351778656127,0.876984126984127,0.8403041825095057,0.8377125730877076,0.9043595267392526
2,0.9642807936070543,0.9271048286415076,0.9426310583580614,0.8760683760683761,0.8299595141700404,0.8410913717390185,0.9014311749035226
3,0.9831189369334947,0.9616798780312188,0.9446640316205533,0.8828451882845189,0.8577235772357723,0.847286123462406,0.9133504049345249
4,0.9733052362707535,0.9474745893097033,0.9386745796241345,0.8764940239043825,0.842911877394636,0.8369656784862982,0.905157635347339
