,AUROC,AUPRC,accuracy,f1,recall,mcc,gmean
0,0.9695773288587659,0.9857577815123311,0.9386363636363636,0.9495327102803738,0.9304029304029304,0.8725553901230084,0.9411868731256866
1,0.983202614379085,0.9903894441607819,0.9272727272727272,0.9393939393939394,0.9185185185185185,0.849973119218282,0.9297784776113038
2,0.9874001428849776,0.9925782766414426,0.9363636363636364,0.9457364341085271,0.9138576779026217,0.8721355219761796,0.9420433144430987
3,0.9885619834710744,0.9937538596809161,0.9568181818181818,0.9647495361781077,0.9454545454545454,0.9103526597454425,0.9604865617288499
4,0.9899693329925888,0.9932926695515778,0.9477272727272728,0.9546351084812623,0.937984496124031,0.8938022461242159,0.9496884591012096
