,AUROC,AUPRC,accuracy,f1,recall,mcc,gmean
0,0.8650120282743929,0.8396756679507288,0.785921625544267,0.7645650438946529,0.7543307086614173,0.5685330763883059,0.783077880159448
1,0.8824558611323318,0.8598335078677581,0.7975326560232221,0.778395552025417,0.7777777777777778,0.5920236559537313,0.7957664272722358
2,0.8695584889067243,0.8471064195280626,0.7973856209150327,0.7714987714987716,0.7671009771986971,0.5895446979837663,0.7939584394307797
3,0.868792727819097,0.8265455827284519,0.795355587808418,0.7665562913907285,0.7781512605042017,0.5846634448076627,0.7931457229300599
4,0.8573015447009006,0.8269674416186903,0.7893972403776325,0.7646103896103896,0.7584541062801933,0.574156261874179,0.7861295326816259
