,AUROC,AUPRC,accuracy,f1,recall,mcc,gmean
0,0.7976870359794402,0.6985198617663382,0.6903765690376569,0.5795454545454546,0.49514563106796117,0.35843741776945715,0.6442426124445048
1,0.8880908248378129,0.803805687907139,0.7866108786610879,0.6709677419354839,0.6265060240963856,0.5170928462737915,0.7390431238810244
2,0.799464466637719,0.7307566106700285,0.7447698744769874,0.6702702702702703,0.6326530612244898,0.46546250183978805,0.7214433675892983
3,0.78717618434235,0.7058625963323525,0.6694560669456067,0.5380116959064327,0.45098039215686275,0.3089917666338258,0.6125915078724071
4,0.825811713531148,0.7219149957729063,0.7824267782426778,0.6666666666666666,0.6341463414634146,0.5072739157535832,0.738434202001168
