,AUROC,AUPRC,accuracy,f1,recall,mcc,gmean
0,0.7214953271028037,0.7418635320881416,0.6534653465346535,0.6568627450980392,0.6261682242990654,0.3100738598235714,0.6545463240366467
1,0.7129120879120878,0.6917872655129862,0.6881188118811881,0.7149321266968326,0.7596153846153846,0.37644983293622114,0.6819608813136367
2,0.767000786163522,0.6735015650352412,0.7128712871287128,0.6741573033707865,0.625,0.4245202484279833,0.7037634679833308
3,0.7146781789638933,0.7278570810154207,0.6683168316831684,0.6794258373205742,0.6826923076923077,0.33586889158498606,0.6677124189434422
4,0.7605394605394605,0.7250556263951129,0.6567164179104478,0.6600985221674877,0.7362637362637363,0.32786137123959025,0.659594523222362
