,AUROC,AUPRC,accuracy,f1,recall,mcc,gmean
0,0.7354511844447488,0.6032871167399764,0.6870967741935484,0.49740932642487046,0.44036697247706424,0.28066902424354845,0.6012447720471322
1,0.7469261388766033,0.6497509682551588,0.6828478964401294,0.5504587155963303,0.5042016806722689,0.31174889343296497,0.6330147324364933
2,0.767828947368421,0.6868161196455114,0.7064516129032258,0.5882352941176471,0.5416666666666666,0.3660279856667908,0.6625972288798816
3,0.7641891891891893,0.6911315785225673,0.6990291262135923,0.5550239234449761,0.46774193548387094,0.35321884171916523,0.632041846914498
4,0.8095888628675514,0.7469702080965369,0.7281553398058253,0.6146788990825688,0.5317460317460317,0.4246503130855484,0.6775714952935068
