,AUROC,AUPRC,accuracy,f1,recall,mcc,gmean
0,0.6871002132196162,0.3232733899874244,0.864516129032258,0.2222222222222222,0.14285714285714285,0.21373167645146404,0.3737095778998345
1,0.7667948894078856,0.49948082473192174,0.8381877022653722,0.375,0.25862068965517243,0.35035382037029816,0.5014061831106612
2,0.7856764327352562,0.5211830958682495,0.867741935483871,0.4383561643835616,0.3137254901960784,0.4195294145604099,0.5535862337725028
3,0.7842047930283225,0.484912279781629,0.8414239482200647,0.26865671641791045,0.16666666666666666,0.28560774975277814,0.40503368697146575
4,0.6729289737601318,0.41657339293446427,0.8284789644012945,0.3116883116883117,0.20689655172413793,0.2909696920610209,0.4484713239096581
