,AUROC,AUPRC,accuracy,f1,recall,mcc,gmean
0,0.8231929708222812,0.9298973075381696,0.8096774193548387,0.882703777335984,0.9568965517241379,0.4300933395616237,0.596463939202724
1,0.894929931253305,0.9675388976761099,0.8802588996763754,0.9278752436647173,0.9596774193548387,0.5889491217415794,0.7313700623931718
2,0.840625,0.9367716245046294,0.8580645161290322,0.9137254901960784,0.9708333333333333,0.5515975076136981,0.6765194538433994
3,0.8989838613269576,0.966131134269516,0.8770226537216829,0.92578125,0.9916317991631799,0.6228002259733618,0.6940098925967236
4,0.8957860131500299,0.9618098759149774,0.8543689320388349,0.9101796407185628,0.9539748953974896,0.5458031302853189,0.7004396194463427
