,AUROC,AUPRC,accuracy,f1,recall,mcc,gmean
0,0.7666041666666666,0.737234801372717,0.7064516129032258,0.7267267267267268,0.75625,0.4121587857040017,0.7029106154649631
1,0.7961296893566456,0.8081572557408822,0.7508090614886731,0.7901907356948229,0.8430232558139535,0.4921947281191269,0.731676523276489
2,0.7979660875375878,0.8062616962432662,0.7129032258064516,0.7464387464387464,0.7987804878048781,0.42364496372640126,0.701711429890253
3,0.7884372100868684,0.8128823497871469,0.7184466019417476,0.7507163323782235,0.7844311377245509,0.43076056736861396,0.7090125723121694
4,0.8207100591715978,0.8005808753506963,0.7799352750809061,0.8121546961325967,0.8698224852071006,0.5564145501836597,0.7642144127396795
