,AUROC,AUPRC,accuracy,f1,recall,mcc,gmean
0,0.8818407960199005,0.9923928818442432,0.9434628975265018,0.9706959706959707,0.9888059701492538,0.20771175034210276,0.3630988791223411
1,0.8289308176100629,0.98636400682783,0.9469964664310954,0.9723756906077348,0.9962264150943396,0.40467011174647505,0.47051423761533734
2,0.7393765238592825,0.9667941170084544,0.9328621908127208,0.9648798521256932,1.0,0.356525440341064,0.3692744729379982
3,0.7649239543726235,0.975837736630434,0.9293286219081273,0.9632352941176471,0.9961977186311787,0.1413335422165385,0.22318128490435513
4,0.7940298507462686,0.9853037050687551,0.9434628975265018,0.9708029197080292,0.9925373134328358,0.12951625777558728,0.2572336568741651
