,AUROC,AUPRC,accuracy,f1,recall,mcc,gmean
0,0.8994139743029713,0.9219011686043175,0.8304038004750594,0.8516825924387204,0.8520365752285952,0.6536796520304907,0.8264089251877764
1,0.8886083996127043,0.9141810229827005,0.81187648456057,0.8314893617021276,0.8203190596137699,0.6189693975893485,0.8105388647340043
2,0.8962926483983188,0.9141936754742392,0.8299287410926366,0.8459552495697074,0.8387372013651877,0.6562879895866875,0.8287409721826718
3,0.8834667037139946,0.9121892191518519,0.8194774346793349,0.8384353741496599,0.8081967213114755,0.6368465675972511,0.8215029474755026
4,0.8782149690944281,0.905120746312555,0.8109263657957244,0.8310696095076401,0.8233809924306139,0.6165797243891556,0.8089438384227593
