,AUROC,AUPRC,accuracy,f1,recall,mcc,gmean
0,0.9061052125164539,0.962549869755748,0.858739837398374,0.9063342318059299,0.925671025464556,0.621894461840498,0.787470454104728
1,0.8967272274763564,0.9566302569160114,0.845958312150483,0.8973229413758048,0.9226480836236933,0.59358613858155,0.7678947252604432
2,0.9049288239357451,0.9626280215711662,0.8632435180477885,0.9095190043726875,0.9247606019151847,0.6313495089201235,0.7959889151209044
3,0.9120394953612556,0.9654268471885719,0.8596847991865786,0.9084273390842734,0.9338335607094134,0.61352028637491,0.7747182947526239
4,0.8997857821880169,0.9600813655365832,0.842399593289273,0.8947725729803123,0.9216783216783216,0.5860214996505609,0.7627854364531914
