,AUROC,AUPRC,accuracy,f1,recall,mcc,gmean
0,0.8752930886551576,0.970392413554425,0.9105040037682525,0.9502617801047121,0.993431855500821,0.566454526594232,0.629309356930216
1,0.8748593637120875,0.9733876713451296,0.9095619406500236,0.9497118910424306,0.9805300162249865,0.531495806018066,0.64982463079128
2,0.8865445556622027,0.97618454864544,0.9104618284637135,0.9500788229111928,0.9847494553376906,0.5539477575827214,0.6534174081758539
3,0.878789944691965,0.9738135463088322,0.9067357512953368,0.9482488238369053,0.9858695652173913,0.5230629725007694,0.6218390647102787
4,0.867168136370534,0.9736619316592582,0.9066918001885014,0.9488900361383583,0.9839400428265525,0.46054402163785924,0.5771871913603138
