,AUROC,AUPRC,accuracy,f1,recall,mcc,gmean
0,0.9236387310606062,0.9604718650958217,0.8631719235895158,0.9026548672566371,0.9296875,0.6763458967794616,0.8183123196234752
1,0.9287209940007645,0.9635901670688422,0.8720568636161706,0.9107253564786113,0.9453024453024453,0.6918281710478267,0.8185259943421374
2,0.9210378870622278,0.9529433136611838,0.8533333333333334,0.8942985265855221,0.9331550802139037,0.6622748627538984,0.8052984866261998
3,0.9231531409474779,0.9595513238844194,0.8640604175921812,0.9026717557251909,0.9304918032786885,0.6813480330747173,0.8210712351400252
4,0.9211641519554115,0.9600767325832854,0.8591111111111112,0.9026113671274961,0.9386581469648563,0.6556427181236506,0.7973838429392548
