,AUROC,AUPRC,accuracy,f1,recall,mcc,gmean
0,0.5061728395061729,0.14754901960784314,0.9,0.0,0.0,0.0,0.0
1,0.6,0.3026936026936027,0.7931034482758621,0.0,0.0,-0.08625819491779428,0.0
2,0.3148148148148148,0.07393483709273183,0.8620689655172413,0.0,0.0,-0.07407407407407407,0.0
3,0.5192307692307693,0.19401709401709402,0.896551724137931,0.0,0.0,0.0,0.0
4,0.37,0.3423730054164837,0.8620689655172413,0.0,0.0,0.0,0.0
