,AUROC,AUPRC,accuracy,f1,recall,mcc,gmean
0,0.88711004784689,0.9746049618108806,0.8825112107623319,0.9335362760020294,0.968421052631579,0.45534713130437243,0.612886599666722
1,0.8648009506833038,0.9624698991452059,0.885201793721973,0.933678756476684,0.9636363636363636,0.524066183674825,0.6785307954721292
2,0.8802279988382224,0.9722542310661939,0.8887892376681614,0.9369277721261444,0.9808306709265175,0.511911558939825,0.6245823466564396
3,0.8815077693871622,0.9727002239193264,0.8887892376681614,0.9369277721261444,0.9808306709265175,0.511911558939825,0.6245823466564396
4,0.8522313699162574,0.9621337676518714,0.8834080717488789,0.9334016393442623,0.9764201500535906,0.5046240598557729,0.630084117461101
