,AUROC,AUPRC,accuracy,f1,recall,mcc,gmean
0,0.7267963569594154,0.928203090817369,0.8890756302521008,0.9394495412844037,0.9932104752667313,0.38622892580498447,0.4608520694661691
1,0.6960565947763311,0.9323138472051331,0.8756302521008403,0.9319227230910764,0.9844509232264335,0.29510453014580335,0.42109791999119445
2,0.7204060278936825,0.9320969769167321,0.8847771236333053,0.9375284997720018,0.9903660886319846,0.29828771959495315,0.3967482572742025
3,0.7091789738240336,0.926504507520447,0.8781512605042017,0.9335776454420522,0.988360814742968,0.2939128201650673,0.4020183448309432
4,0.7154607742377527,0.9324335747217101,0.8982338099243061,0.944874715261959,0.9876190476190476,0.35852142491990313,0.4693190419512733
