,AUROC,AUPRC,accuracy,f1,recall,mcc,gmean
0,0.8040684368047888,0.9857663815865093,0.9570661896243292,0.977818853974122,0.9990557129367328,0.4222108518427063,0.45077463562486003
1,0.8438951001955034,0.9870686105694719,0.9525939177101967,0.9754060324825986,0.9952651515151515,0.3914579502789796,0.47406464989241165
2,0.82604280809409,0.979547149597152,0.9525939177101967,0.9753373662168451,0.9952516619183286,0.43264587017899014,0.5101926974210006
3,0.8135466952738543,0.9886548190731683,0.960644007155635,0.9797794117647058,0.9953314659197012,0.30988810217108415,0.41160432682209813
4,0.8280177056685069,0.9881268630526547,0.9570277529095792,0.9778801843317972,1.0,0.36969442280099524,0.3779644730092272
