,AUROC,AUPRC,accuracy,f1,recall,mcc,gmean
0,0.848328025477707,0.9888519031436726,0.9807692307692307,0.9900911613158938,0.9944267515923567,0.6729472134215109,0.7665610267676801
1,0.8834004663981343,0.9928363293600067,0.9822940723633564,0.9908256880733946,0.9967897271268058,0.7493278738831817,0.7996561846371958
2,0.8752930109185121,0.9914126238881361,0.9738260200153964,0.9864757358790772,0.9943865276663993,0.6009074644319117,0.6914263850862659
3,0.8856975679251043,0.9959668712545868,0.9838337182448037,0.9917808219178083,0.999211356466877,0.5648397564228098,0.5954484599222091
4,0.8767740032617372,0.9921673089373861,0.985373364126251,0.9924752475247525,1.0,0.7603874600606952,0.7661308776828738
