,AUROC,AUPRC,accuracy,f1,recall,mcc,gmean
0,0.7992888808875487,0.991344077767594,0.970113085621971,0.984829848298483,1.0,0.0,0.0
1,0.8420158712034711,0.9951025199336141,0.9781729991915926,0.9889480147359804,1.0,0.259726334997364,0.2626128657194451
2,0.7961229253112034,0.9927864243577406,0.9725141471301536,0.9860541427399507,0.9975103734439834,0.08041767254691252,0.17655650418527344
3,0.7187629668049793,0.9858125534760951,0.9741309620048505,0.9868852459016394,0.9991701244813278,0.12019351134176487,0.17670332874635242
4,0.8300449855752775,0.993544933111113,0.9725141471301536,0.9860655737704918,1.0,0.0,0.0
