,AUROC,AUPRC,accuracy,f1,recall,mcc,gmean
0,0.8713261000602773,0.9753440304433845,0.9227707006369427,0.9575492341356674,0.9891500904159132,0.5711242514316801,0.6546997066189169
1,0.8883821518302962,0.9824250589911641,0.910031847133758,0.9505470459518599,0.9739910313901345,0.4728022994051136,0.6274878925069554
2,0.8927765364389373,0.9799706779639511,0.9068471337579618,0.9488412767818102,0.9917733089579525,0.4992309645596815,0.5749705235801086
3,0.8893163698049193,0.9829400091495886,0.9219745222929936,0.9575757575757575,0.9831111111111112,0.5030058869736375,0.6246939878503065
4,0.8417167835071111,0.971416640996919,0.902788844621514,0.9466783216783217,0.9827586206896551,0.44433329561083,0.5667124031974206
