,AUROC,AUPRC,accuracy,f1,recall,mcc,gmean
0,0.8080439193221148,0.9844558585629535,0.9734386216798278,0.9862708719851577,0.9992481203007518,0.6334485980190613,0.6544075140267018
1,0.8740540868299781,0.9894455731232509,0.9770114942528736,0.9881040892193309,0.9992481203007518,0.6872166297115816,0.7068409015827932
2,0.7703694823137174,0.9788640504827011,0.968413496051687,0.9836309523809523,0.9962321024868124,0.5747839575127778,0.638396034191847
3,0.8051880022962112,0.9860637169547957,0.9791666666666666,0.9892949427833149,1.0,0.6579803459381126,0.6650621717611762
4,0.7887026314428992,0.9847881483494396,0.9762931034482759,0.9877732493516117,0.9992503748125937,0.6484286649302388,0.6692830665658981
