,AUROC,AUPRC,accuracy,f1,recall,mcc,gmean
0,0.7377260981912145,0.9754088763405366,0.9378531073446328,0.9678496868475992,0.9982773471145564,0.14074948279218308,0.19594714231478114
1,0.7820893412496466,0.9828330555134772,0.9564164648910412,0.9775747508305648,0.998303647158609,0.31581626868930257,0.3648385299752223
2,0.7404670094258784,0.9754280804604476,0.9426957223567393,0.9704043351396415,0.9974293059125964,0.16538613783832803,0.23539910623739943
3,0.7331007080637767,0.975638815447966,0.9499596448748991,0.9742096505823628,0.9991467576791809,0.2676489473395185,0.2991251060106737
4,0.7726210984262314,0.9843853561292845,0.9556093623890234,0.9771689497716894,0.9966130397967824,0.26415048324141943,0.34681534584473733
