,AUROC,AUPRC,accuracy,f1,recall,mcc,gmean
0,0.7743779504327302,0.977743301075404,0.9580524344569289,0.9781420765027322,0.985837922895358,0.4691986655284629,0.6328480514122163
1,0.8671665332642781,0.9908074651333985,0.9640449438202248,0.981409759876065,0.999211356466877,0.5223913606372916,0.546142881219311
2,0.8016596002422773,0.9833526977059792,0.9588014981273408,0.978690430065866,0.9944881889763779,0.414702588980485,0.5099969715234128
3,0.8301836334462472,0.9840930534162045,0.9558052434456928,0.9770695685969685,0.9944620253164557,0.4255588665633494,0.5158717288024641
4,0.7747092836078451,0.9808307707750468,0.9655172413793104,0.9821567106283942,0.9945011783189317,0.5087391273758362,0.5988927751401119
