,AUROC,AUPRC,accuracy,f1,recall,mcc,gmean
0,0.8078843525417752,0.9847434986776246,0.9492307692307692,0.9737261146496815,0.9975530179445351,0.3281926994837714,0.38507779483220833
1,0.8059784836065573,0.9805335832213187,0.9453846153846154,0.9716566866267465,0.9975409836065574,0.33200176299552425,0.3868218550456833
2,0.8371260245901638,0.9871910611335117,0.9438461538461539,0.9708815317112086,0.9975409836065574,0.29596838398483677,0.35311842624085715
3,0.83464495975009,0.9850864667230836,0.9392307692307692,0.9685384309040223,0.9983579638752053,0.1970982618372308,0.24672957990915206
4,0.8339267115862861,0.9852232159002149,0.9438029253271748,0.9709510545165141,0.9983633387888707,0.23025781216928848,0.27891673646386345
