,AUROC,AUPRC,accuracy,f1,recall,mcc,gmean
0,0.788124230567643,0.9440878674045218,0.8567591763652641,0.9207920792079208,0.9862142099681867,0.2759312873100434,0.3911946311975946
1,0.7694859621733677,0.9395628387980197,0.8755595344673232,0.931358024691358,0.9895068205666316,0.36525207498368994,0.45953806816904436
2,0.7780293976388067,0.9268545166467379,0.8433303491495077,0.9123685528292439,0.9869989165763814,0.28904795253398374,0.3971351428934087
3,0.8196764287319301,0.9559415062977916,0.8666069829901522,0.9261279127416956,0.9852320675105485,0.32939732538177585,0.44521047675407377
4,0.8003968253968252,0.9499422200520348,0.8657117278424351,0.9256689791873142,0.9883597883597883,0.33439326724340374,0.4354620175135096
