,AUROC,AUPRC,accuracy,f1,recall,mcc,gmean
0,0.8400443723302095,0.9923986435914667,0.9654157468727005,0.9823507322568532,0.9961919268849961,0.18538615221020602,0.2943219070108805
1,0.8556973848069739,0.9939940152837352,0.9683357879234168,0.9838770153730784,0.9984779299847792,0.19487395036606023,0.26091768947463184
2,0.7638657605352775,0.987156453819451,0.9617083946980854,0.980465815176559,0.9984697781178271,0.07320384454844239,0.1399208304242941
3,0.7996660305343513,0.9898675939822742,0.9653902798232695,0.9823507322568532,0.9984732824427481,0.1858925314328082,0.24980908741010957
4,0.8127231981493529,0.9891524761133234,0.9609720176730486,0.9800676946220384,0.9984674329501916,0.12937542994385173,0.1941082593238708
