,AUROC,AUPRC,accuracy,f1,recall,mcc,gmean
0,0.7954649028809322,0.7833727769242551,0.7403508771929824,0.7218045112781954,0.6881720430107527,0.4814886679522822,0.7375066425059895
1,0.7986329527724807,0.7970027081073157,0.7574692442882249,0.7396226415094339,0.7232472324723247,0.5133273872467855,0.7552125342683972
2,0.820483576642336,0.805990300155409,0.7473684210526316,0.7343173431734318,0.7262773722627737,0.4936808380306219,0.7463084000953429
3,0.779158628876688,0.7790843672726468,0.70298769771529,0.6954954954954955,0.658703071672355,0.40980421364437897,0.7028707589267505
4,0.8016683143845773,0.7894121576296265,0.7363796133567663,0.7282608695652174,0.7178571428571429,0.4725796951669147,0.735865324350061
