,AUROC,AUPRC,accuracy,f1,recall,mcc,gmean
0,0.9822365082050415,0.9894846929424007,0.9387755102040817,0.9465346534653465,0.9299610894941635,0.8757306915556595,0.9404647054997038
1,0.9919226123716676,0.9953384629106314,0.9501133786848073,0.9595588235294118,0.9738805970149254,0.8951656811033132,0.9431013110068716
2,0.9835186832740214,0.9918732221718088,0.9478458049886621,0.9582577132486388,0.9395017793594306,0.8901037039909454,0.9509313658900163
3,0.9806001614784248,0.9901576337667576,0.9251700680272109,0.9413854351687388,0.9330985915492958,0.8382123818999752,0.9218960612329757
4,0.9936850162658671,0.9955420854151323,0.9613636363636363,0.9666011787819253,0.9571984435797666,0.9210395480096772,0.9621927499480346
