,AUROC,AUPRC,accuracy,f1,recall,mcc,gmean
0,0.9669947827504687,0.9334495495918456,0.9368213228035538,0.873015873015873,0.842911877394636,0.8319772303724353,0.9039531669024922
1,0.9771636782530302,0.9605847149918689,0.9526159921026653,0.9076923076923077,0.8805970149253731,0.8766112082525461,0.928269822987507
2,0.9722836833947944,0.9436266072900864,0.9506416584402764,0.8936170212765957,0.8641975308641975,0.8623788122377013,0.9193029126016327
3,0.9829380139152436,0.9611129837066663,0.9447186574531096,0.8798283261802575,0.8266129032258065,0.8470824304119369,0.9014243654182428
4,0.9720488952536825,0.9357891094368893,0.9367588932806324,0.8699186991869918,0.823076923076923,0.8306681885340994,0.8963122300559968
