,AUROC,AUPRC,accuracy,f1,recall,mcc,gmean
0,0.8438476840011366,0.8026419364692309,0.7574626865671642,0.6829268292682927,0.6086956521739131,0.5009219982060653,0.727411570616121
1,0.8905688622754491,0.8532417421608669,0.8164794007490637,0.7632850241545893,0.79,0.6146541405464588,0.8108914293415863
2,0.8354426619132502,0.7780845429711513,0.7677902621722846,0.6666666666666666,0.6078431372549019,0.4965032092301149,0.7258080914545628
3,0.8638958666362183,0.8219578953349203,0.7752808988764045,0.7115384615384616,0.6379310344827587,0.5410561354535456,0.7495907386069706
4,0.8622399020807834,0.8025130631231824,0.8052434456928839,0.7142857142857143,0.6842105263157895,0.5682533154311196,0.7724605015391974
