,AUROC,AUPRC,accuracy,f1,recall,mcc,gmean
0,0.718642400393507,0.7467665757142149,0.6584158415841584,0.6986899563318777,0.7476635514018691,0.3118335587608318,0.6458463906036632
1,0.7049646781789638,0.6775705406563086,0.6683168316831684,0.7148936170212766,0.8076923076923077,0.3434564993374438,0.6483283661306748
2,0.7647897012578616,0.6928978831330024,0.7029702970297029,0.7297297297297297,0.84375,0.43215568773900165,0.6968172251623942
3,0.6736656200941915,0.668532304024584,0.6633663366336634,0.7142857142857143,0.8173076923076923,0.3355857047702827,0.6392603899459485
4,0.7293206793206793,0.6700362754311098,0.6666666666666666,0.6854460093896714,0.8021978021978022,0.3635627254636572,0.6669746208478587
