,AUROC,AUPRC,accuracy,f1,recall,mcc,gmean
0,0.6317519545131486,0.22594362050734382,0.8387096774193549,0.07407407407407407,0.047619047619047616,0.018283830728886303,0.2141079575448062
1,0.743440032971562,0.44280183638826065,0.8187702265372169,0.17647058823529413,0.10344827586206896,0.19310031236814118,0.3190606490319378
2,0.8005905064728593,0.49109920238921595,0.8419354838709677,0.1694915254237288,0.09803921568627451,0.20215415349177493,0.3112934729726774
3,0.7397966594045026,0.4218634730227375,0.8414239482200647,0.2222222222222222,0.12962962962962962,0.27503262278717405,0.3586264444406496
4,0.7005083115812611,0.4128376211619531,0.8252427184466019,0.20588235294117646,0.1206896551724138,0.23993547447312988,0.34532180547092545
