,AUROC,AUPRC,accuracy,f1,recall,mcc,gmean
0,0.7266875,0.682793453459065,0.6548387096774193,0.7191601049868767,0.85625,0.32724486440768463,0.6137996415769562
1,0.7362926498047869,0.7353578680571389,0.686084142394822,0.7556675062972292,0.872093023255814,0.36249834325674424,0.6282275346895002
2,0.773972602739726,0.7518550469035132,0.7064516129032258,0.7672634271099744,0.9146341463414634,0.43653904724617104,0.6574637658517403
3,0.7576115374884034,0.774109385532402,0.6796116504854369,0.7455012853470437,0.8682634730538922,0.3612410965989942,0.6304320324386039
4,0.7472950126796282,0.739930694610734,0.7022653721682848,0.764102564102564,0.8816568047337278,0.40520507363001085,0.6543953737278267
