,AUROC,AUPRC,accuracy,f1,recall,mcc,gmean
0,0.810289566755084,0.9134289970014973,0.7935483870967742,0.8740157480314961,0.9568965517241379,0.3674251231324589,0.5426137744499412
1,0.8152102062400846,0.9253511175538353,0.8414239482200647,0.9070208728652751,0.9637096774193549,0.41403706710524824,0.575993841408994
2,0.8170238095238095,0.9227880876803416,0.832258064516129,0.9003831417624522,0.9791666666666666,0.44888214645483027,0.5672091241122541
3,0.8427375971309026,0.93591607370061,0.8284789644012945,0.8978805394990366,0.9748953974895398,0.4355932871518632,0.5659706471724915
4,0.8233711894799761,0.931823118866933,0.8058252427184466,0.8837209302325582,0.9539748953974896,0.3489184117365102,0.5349695959764881
