,AUROC,AUPRC,accuracy,f1,recall,mcc,gmean
0,0.7233556985713634,0.540862427532921,0.6838709677419355,0.3950617283950617,0.29357798165137616,0.23982759875484147,0.5127432644220571
1,0.7557275541795665,0.6333023635582858,0.6925566343042071,0.4171779141104294,0.2857142857142857,0.3245720053819674,0.520265981714472
2,0.7825219298245615,0.6609369022028008,0.6870967741935484,0.41916167664670656,0.2916666666666667,0.31034410230575804,0.5227290063073674
3,0.6914559721011333,0.5914364638874189,0.6343042071197411,0.35428571428571426,0.25,0.1873524363565442,0.4722001408015175
4,0.7887934773180675,0.686190604585629,0.6537216828478964,0.4022346368715084,0.2857142857142857,0.2513626368020171,0.5090898952715556
