,AUROC,AUPRC,accuracy,f1,recall,mcc,gmean
0,0.8507947602775188,0.9640697786251458,0.8963730569948186,0.9427381572097866,0.9912424740010947,0.47615603073706286,0.5550575439126958
1,0.8352364466095306,0.9630801032299807,0.8996702779086199,0.9448329448329449,0.9864791779340184,0.4523688601802203,0.5564394409712
2,0.8740001828237123,0.9739308924726471,0.8963242224316682,0.9430051813471503,0.9912854030501089,0.4523179388340749,0.5331179006368121
3,0.8386858580427101,0.9631797617778161,0.8949599623174753,0.9420327527943853,0.9847826086956522,0.44228746409787023,0.5533734308228915
4,0.8307097152202869,0.9636870726766338,0.8986804901036758,0.9446874196038075,0.9828693790149893,0.3963485606223026,0.5241555860487225
