,AUROC,AUPRC,accuracy,f1,recall,mcc,gmean
0,0.884256173513986,0.9366165146195903,0.8098622834295869,0.8739693757361602,0.9661458333333334,0.5410339971229408,0.6768121879533774
1,0.8895782439541405,0.943065897013732,0.8080852954242559,0.8744186046511628,0.9678249678249679,0.5265353999065253,0.661359046889241
2,0.8782917133576362,0.9274613036807128,0.7946666666666666,0.8621718377088305,0.9659090909090909,0.522645093392672,0.6628717546447878
3,0.8877035632028181,0.9379040041617697,0.812972012438916,0.874962874962875,0.9659016393442623,0.5547765081879231,0.689179339138756
4,0.8783535831720343,0.9362521724234443,0.8208888888888889,0.8827465813209194,0.9693290734824281,0.5552110118914982,0.6833564589574272
