,AUROC,AUPRC,accuracy,f1,recall,mcc,gmean
0,0.9148641468034475,0.9480897363487285,0.8043366029943211,0.8590554109334325,0.9443990188062142,0.5722069876051825,0.7300980370251199
1,0.9139257699752114,0.9344997273292969,0.8100154878678368,0.8634001484780994,0.9675540765391015,0.5997642342479615,0.731066646947282
2,0.918587102779621,0.9528218514807139,0.8043366029943211,0.8604051565377532,0.9472830494728305,0.5687237916479129,0.7244123689223788
3,0.9135702487657795,0.9450531009494396,0.8079504388229221,0.8616071428571429,0.9484029484029484,0.5819764149064716,0.7342384798220511
4,0.910354279480726,0.9443706118245152,0.8074341765616934,0.8639182780007296,0.9563812600969306,0.5759139625769965,0.7210555754087808
