,AUROC,AUPRC,accuracy,f1,recall,mcc,gmean
0,0.8382554331097607,0.8667255231230454,0.771021377672209,0.7884108867427568,0.7464671654197839,0.544706661640612,0.7745885789644997
1,0.847612564694729,0.8800261049921503,0.7501187648456057,0.7969111969111969,0.8664987405541562,0.48813496011063373,0.7201194368805917
2,0.8477977568780659,0.872293309149079,0.7871733966745843,0.8022947925860547,0.7755972696245734,0.5740253869187696,0.7885479605224645
3,0.8452949893488931,0.8766006980363077,0.7624703087885986,0.7757847533632287,0.7090163934426229,0.538665804102844,0.7699674445737534
4,0.8352873502007117,0.8615617933294971,0.7643705463182898,0.7735159817351598,0.712363330529857,0.540291819958233,0.7698046439244105
