,AUROC,AUPRC,accuracy,f1,recall,mcc,gmean
0,0.8608189283638138,0.9450958321593091,0.7891260162601627,0.8709175738724728,0.9635237439779766,0.37419054229790627,0.5350240586707891
1,0.8674838227974118,0.9425448236405662,0.7788510421962379,0.8649487736727725,0.9707317073170731,0.35654001146487246,0.5036179393066642
2,0.86154460863323,0.9404152069483143,0.7991865785460092,0.8776711056054506,0.96922024623803,0.3991467776938663,0.5454204267486165
3,0.8703643191107553,0.9470980415601709,0.8002033553634977,0.8790397045244691,0.9740791268758526,0.3972461765453663,0.5327883053250763
4,0.8705037048612467,0.9459628092162289,0.7824097610574479,0.8673279603223807,0.9783216783216783,0.3779680622054815,0.5050306238571921
