,AUROC,AUPRC,accuracy,f1,recall,mcc,gmean
0,0.19753086419753085,0.0818342151675485,0.9,0.0,0.0,0.0,0.0
1,0.6833333333333332,0.26634920634920634,0.8275862068965517,0.0,0.0,0.0,0.0
2,0.2962962962962963,0.07125603864734299,0.9310344827586207,0.0,0.0,0.0,0.0
3,0.5256410256410257,0.16666666666666666,0.896551724137931,0.0,0.0,0.0,0.0
4,0.53,0.41857366771159876,0.8620689655172413,0.0,0.0,0.0,0.0
