,AUROC,AUPRC,accuracy,f1,recall,mcc,gmean
0,0.3640552995391705,0.20737078930627317,0.8157894736842105,0.0,0.0,0.0,0.0
1,0.359375,0.1398795947183044,0.8421052631578947,0.0,0.0,0.0,0.0
2,0.46078431372549017,0.3885799035965888,0.918918918918919,0.0,0.0,0.0,0.0
3,0.5992647058823529,0.36013496307613957,0.8947368421052632,0.0,0.0,0.0,0.0
4,0.8712121212121212,0.3992424242424243,0.8918918918918919,0.0,0.0,0.0,0.0
