,AUROC,AUPRC,accuracy,f1,recall,mcc,gmean
0,0.8124366209602751,0.9842187528468939,0.943076923076923,0.970494417862839,0.9926590538336052,0.22659672484736573,0.34746050688477914
1,0.8484836065573771,0.9871093342657277,0.94,0.9687750200160128,0.9918032786885246,0.26420097376824775,0.38570778032505215
2,0.8326127049180327,0.9862502351416295,0.936923076923077,0.967304625199362,0.9942622950819672,0.14263834834417854,0.24928175513387046
3,0.8458288277464056,0.9863592593985749,0.94,0.9688995215311005,0.9975369458128078,0.23067732751208725,0.2918143124235679
4,0.854305269198886,0.9883912778802194,0.9376443418013857,0.9677162216022319,0.9934533551554828,0.1120650997425583,0.22717386843909562
