,AUROC,AUPRC,accuracy,f1,recall,mcc,gmean
0,0.8023809523809523,0.9842345008755798,0.9597989949748744,0.9792284866468842,0.9924812030075187,0.3953887982125643,0.517505930510115
1,0.8402134368178511,0.9862149322054292,0.9640804597701149,0.9814677538917717,0.9954887218045113,0.452952222256777,0.5375991580326729
2,0.7415336484665799,0.9770383043664312,0.9612347451543432,0.98,0.9969856819894499,0.4275622090967777,0.4916233300649076
3,0.8217566016073479,0.9894635410754367,0.9734195402298851,0.9863418235511259,0.9970149253731343,0.5391083613117852,0.6035676557273291
4,0.7822015716279791,0.9841229809122214,0.9669540229885057,0.9830007390983001,0.9970014992503748,0.45818979495265694,0.5244376953890052
