,AUROC,AUPRC,accuracy,f1,recall,mcc,gmean
0,0.823637883556255,0.9863031463996682,0.9602996254681648,0.9794653235180163,0.994492525570417,0.43457111782089874,0.5288676798752971
1,0.8277225858091247,0.9862939118502158,0.9588014981273408,0.9787398531117124,0.998422712933754,0.4160803330781834,0.45675555990983363
2,0.7795215021199273,0.9763702015111061,0.9625468164794008,0.9806051202482544,0.9952755905511811,0.4867221020629859,0.5670542967025672
3,0.817848546978071,0.9827448067283258,0.9617977528089887,0.9801941747572815,0.9984177215189873,0.5206389969652766,0.5562093773540568
4,0.7810322846509471,0.9822840983431806,0.9625187406296851,0.9806201550387597,0.9937156323644933,0.4527216103769944,0.5563434046083728
