,AUROC,AUPRC,accuracy,f1,recall,mcc,gmean
0,0.8781658692185008,0.9730022031564655,0.8869955156950673,0.936491935483871,0.9778947368421053,0.46723057360706205,0.5963204558996797
1,0.8830005941770649,0.9716416941418069,0.8807174887892377,0.9322465613856342,0.9786096256684492,0.48126567215720956,0.6035397663405181
2,0.8829297366637623,0.9725460834772637,0.8825112107623319,0.9335362760020294,0.979765708200213,0.4769942526926002,0.5968906427022725
3,0.8787545987026818,0.9711039768788121,0.8825112107623319,0.9331973482916879,0.9744408945686901,0.4832590663819687,0.6180818096650811
4,0.8748041883090116,0.9693762106383541,0.8771300448430494,0.930066360387953,0.9764201500535906,0.46985367736152844,0.5995426372834773
