,AUROC,AUPRC,accuracy,f1,recall,mcc,gmean
0,0.8445009409380428,0.9910459657932518,0.9715384615384616,0.985427333595904,0.9960191082802548,0.4277854348650643,0.5211924548432412
1,0.8794936248826434,0.9902913190466847,0.970746728252502,0.984884645982498,0.9935794542536116,0.5541597525792601,0.6566399238408794
2,0.8808370859293073,0.9928484203135162,0.970746728252502,0.9849086576648134,0.9943865276663993,0.5375514104738276,0.6337027494294998
3,0.8280248295512365,0.9914905743061475,0.9815242494226328,0.9906103286384976,0.998422712933754,0.4809513119470914,0.5383908047075753
4,0.8686456851382769,0.9924798109404129,0.9784449576597383,0.9889240506329114,0.9976057462090981,0.6232632583228677,0.6748545845038711
