,AUROC,AUPRC,accuracy,f1,recall,mcc,gmean
0,0.7471454758276463,0.9760398097129799,0.9354317998385795,0.9665831244778613,0.9965546942291128,0.07765608334321232,0.15985207057593326
1,0.7824992931863161,0.9808625273509364,0.9531880548829701,0.9758935993349959,0.9957591178965225,0.24642544547731024,0.34083998751309624
2,0.7766233457107494,0.9777737896711658,0.9402744148506861,0.9691151919866444,0.9948586118251928,0.13181909745099515,0.23509556116434305
3,0.6992830217513117,0.9631565208223276,0.9443099273607748,0.9712858926342073,0.9957337883959044,0.11439010060577383,0.21115182926700324
4,0.8057023562731759,0.9837003236361744,0.9531880548829701,0.9759136212624585,0.9949195596951735,0.21216764539331973,0.32081569954089606
