,AUROC,AUPRC,accuracy,f1,recall,mcc,gmean
0,0.8053423948511376,0.9908988861770973,0.9725363489499192,0.9860312243221035,0.9991673605328892,0.2880091236647439,0.32866106101968123
1,0.7652432062114637,0.9908865773405453,0.9749393694421988,0.9873106835857552,0.9983443708609272,-0.00623515208189036,0.0
2,0.8294865145228216,0.9939057436989099,0.9773645917542442,0.9885151763740772,1.0,0.3495159438017298,0.3535533905932738
3,0.7860736514522821,0.990773379867639,0.9741309620048505,0.9868852459016394,0.9991701244813278,0.12019351134176487,0.17670332874635242
4,0.7348540413671703,0.9883927866014481,0.9725141471301536,0.9860541427399507,0.999168744804655,0.11630376188007317,0.17142729077852897
