,AUROC,AUPRC,accuracy,f1,recall,mcc,gmean
0,0.8846153846153847,0.9938791498583659,0.9654157468727005,0.9823374671176249,0.9954303122619954,0.2101498223273407,0.32893608343415215
1,0.8423965684239656,0.9925812812211694,0.9683357879234168,0.9838890970400899,0.9992389649923896,0.16855367017106995,0.21311957431029072
2,0.793510058958549,0.9890367160344379,0.9587628865979382,0.9789315274642588,0.9954093343534812,0.03986892273600748,0.13970622779734043
3,0.8259860050890586,0.9895040552249112,0.9624447717231223,0.9808054196462176,0.9946564885496183,0.1606623276101976,0.28790283206746714
4,0.793262488252729,0.9875092940911229,0.9609720176730486,0.9800376647834275,0.9969348659003832,0.18323534567752292,0.27429977622623897
