,AUROC,AUPRC,accuracy,f1,recall,mcc,gmean
0,0.8815883062085592,0.977609850987061,0.9140127388535032,0.952920662598082,0.9882459312839059,0.508606529834368,0.6019608305120571
1,0.8707502464777533,0.97831820218348,0.9028662420382165,0.9471861471861471,0.9811659192825112,0.3889595426141783,0.5275840612077176
2,0.8936229038300946,0.9816952981993828,0.8941082802547771,0.9420983892033087,0.9890310786106032,0.4036654670567615,0.5003102384621876
3,0.8910534351145039,0.9827560245709588,0.9132165605095541,0.9530779164873009,0.984,0.42138905475596383,0.5481405068658725
4,0.8757072702039073,0.9748640557476609,0.8916334661354581,0.9409209383145091,0.9827586206896551,0.348518703575082,0.4808714199401052
