,AUROC,AUPRC,accuracy,f1,recall,mcc,gmean
0,0.8099902370320577,0.983899035942278,0.9499105545617174,0.9740740740740741,0.9933899905571294,0.29759639670247745,0.41033057994767025
1,0.8078797043010753,0.9846396791168373,0.945438282647585,0.9716147045137273,0.9886363636363636,0.3069733103995055,0.4552963006742144
2,0.8200087661626123,0.9827538439866116,0.945438282647585,0.971824480369515,0.9990503323836657,0.24333493326577935,0.2772183716278095
3,0.795369211514393,0.9865685809619515,0.9525939177101967,0.975654570509876,0.9915966386554622,0.1079424701912338,0.25158180074753006
4,0.7651895112427629,0.9803576322176494,0.9534467323187108,0.976036866359447,0.998114985862394,0.2723926626057286,0.3270181819752525
