,AUROC,AUPRC,accuracy,f1,recall,mcc,gmean
0,0.7883026025693135,0.7608253842075126,0.6912280701754386,0.6053811659192825,0.4838709677419355,0.41067616314601646,0.6562482679280989
1,0.7660417543772753,0.750472689302385,0.70298769771529,0.6252771618625277,0.5202952029520295,0.41821827831613423,0.6724603168466339
2,0.7853496744920103,0.7758751081012836,0.7087719298245614,0.6422413793103449,0.5437956204379562,0.42954628602358347,0.6844505668182574
3,0.7512304001582826,0.7623123213911179,0.655536028119508,0.5829787234042553,0.46757679180887374,0.34832877459179123,0.6323069186501166
4,0.803169797330697,0.7546089518290875,0.6854130052724078,0.6083150984682714,0.49642857142857144,0.39411280884832633,0.656623352003598
