,AUROC,AUPRC,accuracy,f1,recall,mcc,gmean
0,0.9670202576016956,0.9226668319392358,0.9072063178677197,0.8321428571428572,0.89272030651341,0.7718194613707657,0.9024244312295917
1,0.9718120805369128,0.9362767189444278,0.9072063178677197,0.8384879725085911,0.9104477611940298,0.7787390329508512,0.9082413412566867
2,0.9660360215915772,0.9063684112137135,0.9239881539980257,0.8538899430740038,0.9259259259259259,0.8073986016031774,0.9246503960840308
3,0.9769713261648746,0.9447045161501773,0.9249753208292202,0.8587360594795539,0.9314516129032258,0.8126672548205053,0.9271537996729261
4,0.9655840834697218,0.908384603148169,0.9061264822134387,0.8324514991181657,0.9076923076923077,0.7729840978258669,0.9066380948452089
