,AUROC,AUPRC,accuracy,f1,recall,mcc,gmean
0,0.9864236169852817,0.9918683514508586,0.9433106575963719,0.9523809523809523,0.9727626459143969,0.8836119656886158,0.9368036521743064
1,0.9820550427055474,0.9889177723024724,0.9387755102040817,0.9509981851179673,0.9776119402985075,0.8718794018512279,0.9267913912017229
2,0.973576512455516,0.9789052884310806,0.9433106575963719,0.956369982547993,0.9750889679715302,0.8768645057782826,0.9302641877847029
3,0.9849959630393829,0.992341234023908,0.9365079365079365,0.9508771929824561,0.954225352112676,0.8611790901722961,0.9290087862021351
4,0.9891135633943569,0.9919958104887959,0.9454545454545454,0.9545454545454546,0.980544747081712,0.8884333030067583,0.9374110916570983
