,AUROC,AUPRC,accuracy,f1,recall,mcc,gmean
0,0.884589176695918,0.8606017681398078,0.8018867924528302,0.7651757188498403,0.7312977099236642,0.5963935345739562,0.7919625435542476
1,0.87704809579465,0.8521674656264102,0.782345013477089,0.7350287120590648,0.676737160120846,0.5586027968166136,0.7661589309675996
2,0.8911169965616579,0.8534024299366518,0.7963587322993931,0.7378472222222222,0.6714060031595577,0.5815819061208597,0.772758952134665
3,0.8826812424871295,0.8336148465522406,0.8039083557951483,0.7552565180824222,0.7115689381933439,0.5958257550166883,0.7878081023413698
4,0.884133959186391,0.8542292098011066,0.8024275118004046,0.7497865072587532,0.6795665634674922,0.5980753164534202,0.7808601154555809
