,AUROC,AUPRC,accuracy,f1,recall,mcc,gmean
0,0.7179537629119528,0.7285896425717227,0.6336633663366337,0.6837606837606838,0.7476635514018691,0.26128585116910297,0.61462740503829
1,0.7107535321821037,0.6757652146204157,0.6534653465346535,0.7033898305084746,0.7980769230769231,0.31305603213175637,0.6316949117560324
2,0.6915290880503144,0.5978461051311446,0.6435643564356436,0.6697247706422018,0.7604166666666666,0.3044402840420141,0.6394554729508478
3,0.6937794348508635,0.6767571728859838,0.6485148514851485,0.6844444444444444,0.7403846153846154,0.29716081940637273,0.6387229704394801
4,0.6996503496503498,0.6550176999701189,0.6318407960199005,0.6666666666666666,0.8131868131868132,0.30822065596650405,0.6259458377592999
