,AUROC,AUPRC,accuracy,f1,recall,mcc,gmean
0,0.7111762615493958,0.2726648258675013,0.8580645161290322,0.043478260869565216,0.023809523809523808,0.03825653156829506,0.15343728128870096
1,0.7363648852864404,0.37211689174445156,0.8155339805825242,0.14925373134328357,0.08620689655172414,0.16317096955828184,0.291261191145052
2,0.7864334923158453,0.4261232489937361,0.8387096774193549,0.10714285714285714,0.058823529411764705,0.15039516721522575,0.24159737925609068
3,0.7182280319535221,0.42767504577222953,0.8381877022653722,0.1935483870967742,0.1111111111111111,0.24694735845986068,0.3320235705731176
4,0.6883500480835281,0.4064913993851682,0.8317152103559871,0.21212121212121213,0.1206896551724138,0.2869553195416754,0.346711436057195
