,AUROC,AUPRC,accuracy,f1,recall,mcc,gmean
0,0.7411566023095532,0.571985513716756,0.6548387096774193,0.144,0.08256880733944955,0.10303546853621226,0.2822999765065313
1,0.728969482529854,0.6065173026303871,0.6472491909385113,0.18045112781954886,0.10084033613445378,0.21131505090067484,0.3158779177340288
2,0.745,0.61039431100205,0.635483870967742,0.18705035971223022,0.10833333333333334,0.1558645428933187,0.32390165282343714
3,0.694507410636443,0.5844603212242215,0.6213592233009708,0.145985401459854,0.08064516129032258,0.15731139981689715,0.28166895803060565
4,0.7707086477578281,0.6874271984209894,0.6375404530744336,0.24324324324324326,0.14285714285714285,0.23122835900726818,0.37381089117029903
