,AUROC,AUPRC,accuracy,f1,recall,mcc,gmean
0,0.8513483642793988,0.9246267511618649,0.7806451612903226,0.870722433460076,0.9870689655172413,0.30153114394474956,0.4056001654990707
1,0.8213246959280804,0.9240836216655366,0.8317152103559871,0.9044117647058824,0.9919354838709677,0.34155930546084456,0.4229345243008477
2,0.7987500000000001,0.8991354801689189,0.7935483870967742,0.8814814814814815,0.9916666666666667,0.2507290955694599,0.33665016461206926
3,0.819994022713688,0.9288383085654435,0.7993527508090615,0.8838951310861424,0.9874476987447699,0.2910133229987125,0.39391668238333394
4,0.7948894202032277,0.896990320373401,0.7993527508090615,0.8847583643122676,0.99581589958159,0.2942310594583398,0.35781765300687346
