,AUROC,AUPRC,accuracy,f1,recall,mcc,gmean
0,0.6727611940298508,0.9583982905283432,0.9469964664310954,0.9727767695099818,1.0,0.0,0.0
1,0.4650943396226415,0.919342208614544,0.9363957597173145,0.9671532846715328,1.0,0.0,0.0
2,0.4898119122257053,0.9005006065484178,0.9222614840989399,0.9595588235294118,1.0,0.0,0.0
3,0.709980988593156,0.9473285822748976,0.9293286219081273,0.9633699633699634,1.0,0.0,0.0
4,0.6332089552238807,0.9642113680982974,0.9469964664310954,0.9727767695099818,1.0,0.0,0.0
