,AUROC,AUPRC,accuracy,f1,recall,mcc,gmean
0,0.922728126410008,0.9547772201031977,0.8234383066597831,0.8714285714285714,0.9476696647587899,0.6154990769876868,0.7607161356145663
1,0.9093891133824579,0.9350744652617409,0.8115642746515229,0.8623161071293851,0.9509151414309485,0.5975462175888435,0.7449992883837874
2,0.9223185320356854,0.9527614483341724,0.8182756840474962,0.8693392724573126,0.9497161394971614,0.6008242044700247,0.747327132785555
3,0.9104480941073121,0.9425721787198168,0.8136293236964378,0.864743349569127,0.9451269451269452,0.593927498886456,0.7463538660427389
4,0.9058659844088369,0.9384181268429128,0.8172431595250387,0.8679104477611941,0.9394184168012925,0.5948808493237426,0.7513038119299802
