,AUROC,AUPRC,accuracy,f1,recall,mcc,gmean
0,0.8525010459807614,0.8764595863605563,0.7643705463182898,0.7666980244590781,0.6774729842061513,0.5562340281634683,0.7722412090717273
1,0.8354388401707187,0.8642155480621032,0.7615201900237529,0.7662942271880819,0.6910159529806885,0.5419088895380886,0.7679239991093048
2,0.848662887891458,0.8775242396516547,0.7572446555819478,0.754916067146283,0.6715017064846417,0.5377286474560105,0.7621132386772334
3,0.840854867092711,0.8756697019465601,0.744418052256532,0.7476547842401501,0.6532786885245901,0.5213313533474763,0.7539160214618569
4,0.8432451217675857,0.8699638383426257,0.7434679334916865,0.7413793103448276,0.6509671993271657,0.5156727563426843,0.7497561864746258
