,AUROC,AUPRC,accuracy,f1,recall,mcc,gmean
0,0.868555182114006,0.9480705934051352,0.774390243902439,0.8653729533050334,0.9821059876118375,0.3095256934100706,0.4300920669068545
1,0.8528123444499751,0.932024483504717,0.759023894255211,0.8562765312310491,0.98397212543554,0.2704109659879461,0.3870598207158088
2,0.87142121872926,0.9432391067221313,0.7758007117437722,0.8670485378353934,0.9835841313269493,0.29754986909564457,0.4140010129532055
3,0.8733644579871634,0.9448883184342394,0.7854600915099136,0.8724304715840387,0.9843110504774898,0.33559983722352277,0.44765908567060386
4,0.8683888736961363,0.9415816700551122,0.7605490594814438,0.8570561456752656,0.9874125874125874,0.2889926401254633,0.39300839719483877
