,AUROC,AUPRC,accuracy,f1,recall,mcc,gmean
0,0.2716049382716049,0.08925438596491228,0.9,0.0,0.0,0.0,0.0
1,0.5916666666666666,0.27936507936507937,0.8275862068965517,0.0,0.0,0.0,0.0
2,0.29629629629629634,0.07417582417582418,0.9310344827586207,0.0,0.0,0.0,0.0
3,0.5897435897435898,0.1824074074074074,0.8620689655172413,0.0,0.0,-0.06419407387663693,0.0
4,0.61,0.49404761904761907,0.8620689655172413,0.0,0.0,0.0,0.0
