,AUROC,AUPRC,accuracy,f1,recall,mcc,gmean
0,0.8201265221048013,0.9541243768340348,0.8522829006266786,0.9182763744427934,0.9830328738069989,0.24436941202602272,0.37581957829793816
1,0.7794544826350676,0.9447365510341958,0.8612354521038496,0.9236829148202855,0.9842602308499475,0.25181146597839527,0.37952349408621194
2,0.7856971328366711,0.9371322639968346,0.8397493285586393,0.9108121574489287,0.9902491874322861,0.2549673415749207,0.3500072200902924
3,0.812957206701121,0.9531314284230659,0.8585496866606983,0.9223205506391348,0.989451476793249,0.24806038717759604,0.3506416857575224
4,0.8068660022148395,0.9491574594570138,0.8612354521038496,0.9235323137641835,0.9904761904761905,0.29343726714365753,0.38694075137155337
