,AUROC,AUPRC,accuracy,f1,recall,mcc,gmean
0,0.7056692948165817,0.9707966906047956,0.9362389023405973,0.9670696123384743,0.9991386735572783,-0.007366664125167982,0.0
1,0.8127367825841109,0.9845047613153249,0.9523809523809523,0.9755895738518825,1.0,0.12598561345670142,0.12909944487358055
2,0.7470901171093973,0.9774209830157724,0.9378531073446328,0.9679032930387661,0.9948586118251928,0.027304315209157933,0.11754778058217152
3,0.725778106056747,0.9758807100723087,0.9459241323648103,0.9721876297218763,0.9991467576791809,0.07927955854419151,0.12211731316367935
4,0.7823075126281058,0.9854368449119104,0.9523809523809523,0.9755693581780538,0.9974597798475868,0.10643042344850318,0.18545933468642278
