,AUROC,AUPRC,accuracy,f1,recall,mcc,gmean
0,0.741180633078955,0.9373744337021832,0.865546218487395,0.927338782924614,0.9903006789524733,0.1273170942214996,0.23675885498203472
1,0.6862297714116703,0.9187133223825966,0.8621848739495799,0.9254545454545454,0.989310009718173,0.10642015022052881,0.2217166239875932
2,0.6922252421237989,0.9162436114344936,0.8772077375946173,0.9339366515837104,0.9942196531791907,0.18810915618456947,0.26912190035644484
3,0.7222242556228613,0.9305887733994331,0.8697478991596639,0.9295134151887221,0.991270611057226,0.18446163407479704,0.28468804447158685
4,0.6840801644398766,0.9244116125366546,0.8881412952060556,0.9400630914826499,0.9933333333333333,0.21701621630548315,0.3047977668177284
