,AUROC,AUPRC,accuracy,f1,recall,mcc,gmean
0,0.8620980827179708,0.9918120927918057,0.9654157468727005,0.9824035941594909,0.9992383853769993,-0.005079215832611624,0.0
1,0.8503614916286149,0.9925647462416172,0.9653902798232695,0.9823772028496438,0.9969558599695586,0.05754191891971369,0.1505260367065475
2,0.7599051862520065,0.9855839239746635,0.9617083946980854,0.980465815176559,0.9984697781178271,0.07320384454844239,0.1399208304242941
3,0.8397423664122138,0.9911205364002427,0.9661266568483063,0.9827327327327328,0.999236641221374,0.21035843769202622,0.24990456193582355
4,0.8354803730210366,0.991644945426897,0.9587628865979382,0.9789315274642588,0.9969348659003832,0.05052927545036844,0.13714988811311948
