,AUROC,AUPRC,accuracy,f1,recall,mcc,gmean
0,0.7835027115206561,0.9791302267081907,0.94,0.9689737470167065,0.9934747145187602,0.11515136824667885,0.23173548696721655
1,0.8630430327868854,0.9866470728129001,0.9376923076923077,0.967741935483871,0.9959016393442623,0.13303586241583484,0.22314811665620912
2,0.8153688524590166,0.984538987279463,0.9384615384615385,0.9681782020684169,0.9975409836065574,0.12423913925003742,0.19341092752284164
3,0.8146201289599102,0.981345214077777,0.9392307692307692,0.9684882329477463,0.9967159277504105,0.2178484841716736,0.2916941995094761
4,0.8355049206113037,0.984532704414776,0.9422632794457275,0.9701551929964186,0.997545008183306,0.1885881412292069,0.2545106085844613
