,AUROC,AUPRC,accuracy,f1,recall,mcc,gmean
0,0.8791132376395534,0.9735123691982843,0.8771300448430494,0.931806869089099,0.9852631578947368,0.38987605001141185,0.500793628526967
1,0.8793879976232917,0.9686192473140557,0.8726457399103139,0.9282103134479271,0.9818181818181818,0.4302102284136623,0.5477225575051662
2,0.8837859424920128,0.9717262365326338,0.8717488789237668,0.9282488710486704,0.9850905218317358,0.404239478646492,0.5128975981333651
3,0.8749031852066996,0.9705957759485617,0.8690582959641255,0.9261880687563195,0.9755058572949947,0.40021468737742993,0.541996574317392
4,0.8567924572747723,0.9654327835232984,0.8699551569506726,0.9268046441191318,0.9839228295819936,0.4193128245809888,0.5302082689396669
