,AUROC,AUPRC,accuracy,f1,recall,mcc,gmean
0,0.774656880295978,0.979748487514889,0.9569274946159368,0.977924944812362,0.9992481203007518,0.21800283760640005,0.25188156958868674
1,0.8393524132912927,0.9870710669067634,0.9568965517241379,0.9779086892488954,0.9984962406015038,0.1984221891663394,0.2538092045156582
2,0.7352652371491858,0.9747711846132155,0.9533381191672649,0.9760589318600368,0.9984928409947249,0.15612079231471482,0.21303999208372346
3,0.7924225028702641,0.9872623823442688,0.9604885057471264,0.9798165137614679,0.996268656716418,0.09310808368843981,0.1957499048743671
4,0.7923796722328491,0.9837631713247215,0.9597701149425287,0.979381443298969,0.9970014992503748,0.2376768367743637,0.32115118889605426
