,AUROC,AUPRC,accuracy,f1,recall,mcc,gmean
0,0.7919821990558614,0.9814119677153593,0.9550561797752809,0.976869699306091,0.996852871754524,0.2758214174478304,0.3529966132547386
1,0.8648241442629125,0.9898012714667436,0.949812734082397,0.974201001155179,0.9976340694006309,0.13842964920025658,0.21135321670598853
2,0.8345729860690491,0.9841294001966991,0.9558052434456928,0.9772639691714836,0.9984251968503937,0.3032734942129793,0.3505468601354428
3,0.8118035746122304,0.9821443287634549,0.952808988764045,0.9756474681097796,0.9984177215189873,0.33110616252115094,0.3749962857128707
4,0.8045149575676407,0.9859675521830806,0.952023988005997,0.9752704791344667,0.9913589945011784,0.2159726218452292,0.3605749497133852
