,AUROC,AUPRC,accuracy,f1,recall,mcc,gmean
0,0.8615430982519591,0.9746393616947311,0.9060509554140127,0.94874022589053,0.9873417721518988,0.4470352542689287,0.5502588573813076
1,0.8609515631460102,0.9771407088897741,0.8996815286624203,0.9458762886597938,0.9874439461883409,0.33527753400919796,0.4506565300550852
2,0.8926636874534498,0.9797003521994125,0.8845541401273885,0.9371478110099697,0.9881170018281535,0.31945197938013353,0.42776702767765606
3,0.8696522476675148,0.9807052046432885,0.910828025477707,0.9519725557461407,0.9866666666666667,0.3886543593149308,0.5060448843100647
4,0.8545544049440708,0.9737699877205378,0.8908366533864542,0.9407695633376567,0.9872958257713249,0.32619437703347315,0.43998570069708726
