,AUROC,AUPRC,accuracy,f1,recall,mcc,gmean
0,0.8199612682255406,0.9854010908985067,0.9490161001788909,0.9737448180561953,0.9981114258734656,0.201689986819148,0.26013183435646375
1,0.8607801808406648,0.989728475900622,0.945438282647585,0.971824480369515,0.9962121212121212,0.19684564040615388,0.2834425641898653
2,0.8496018701146907,0.9846802133469672,0.9427549194991055,0.9704251386321626,0.9971509971509972,0.1741104822158342,0.2477158418152041
3,0.7980312692452868,0.9863976333989112,0.9552772808586762,0.9771062271062271,0.996265172735761,0.052757530035277465,0.1455923464156115
4,0.8192406085902787,0.9870702179733357,0.9480752014324082,0.9731977818853974,0.9924599434495759,0.19537612030137874,0.32609046895152577
