,AUROC,AUPRC,accuracy,f1,recall,mcc,gmean
0,0.8443018963520555,0.9903627119679578,0.9623076923076923,0.9807616804083236,0.9944267515923567,0.08697732693003585,0.21260577598332261
1,0.8773736333626093,0.9908797819391646,0.9615088529638183,0.9802994483845547,0.9983948635634029,0.25058666095437354,0.3069009525495037
2,0.882456356794769,0.9909899665434748,0.9607390300230947,0.9798975167520694,0.9967923015236567,0.21965959728193732,0.30958910447243443
3,0.8725704691157017,0.9947186519399711,0.9792147806004619,0.9894490035169988,0.998422712933754,0.37451413410071055,0.4395942512466623
4,0.9034144141018079,0.9950824931034651,0.9668976135488837,0.9831306394664574,1.0,0.2511046448656573,0.2553769592276246
