,AUROC,AUPRC,accuracy,f1,recall,mcc,gmean
0,0.7366084075428938,0.685829855046415,0.631578947368421,0.4927536231884058,0.3655913978494624,0.2965266980636015,0.5693264261709944
1,0.7359456648257757,0.6898341970197872,0.6854130052724078,0.5959367945823928,0.4870848708487085,0.3837352079380463,0.6493876740989936
2,0.7551723712763859,0.6895093395483866,0.6964912280701754,0.6077097505668935,0.48905109489051096,0.41447816501939144,0.659187762787507
3,0.7224983924420042,0.6897107722013824,0.6432337434094904,0.5458612975391499,0.41638225255972694,0.3379574456180102,0.6067174378278544
4,0.7470155709342561,0.6648188593314985,0.6660808435852372,0.5681818181818182,0.44642857142857145,0.3617585443441769,0.626388719154436
