,AUROC,AUPRC,accuracy,f1,recall,mcc,gmean
0,0.9595459362517323,0.8835278628602861,0.9012833168805529,0.823943661971831,0.896551724137931,0.76078816662438,0.8997329839493806
1,0.9734999499148553,0.929957497535421,0.9180651530108588,0.8561525129982669,0.9216417910447762,0.8032333956423193,0.9192069409989501
2,0.9556677890011225,0.8967661791806266,0.9170779861796644,0.8378378378378378,0.8930041152263375,0.7851218235648943,0.9087017498515751
3,0.9738746573898377,0.9294223877238618,0.9259624876604146,0.8582230623818525,0.9153225806451613,0.8112748441475326,0.9223402706987057
4,0.9681567103109656,0.9338648149030805,0.9090909090909091,0.8368794326241135,0.9076923076923077,0.7789436075527716,0.9086329005457449
