,AUROC,AUPRC,accuracy,f1,recall,mcc,gmean
0,0.9782820165792591,0.9876642841953859,0.9206349206349206,0.9335863377609108,0.9571984435797666,0.8367137685371945,0.9123302432113373
1,0.9831550340781641,0.9897540561886196,0.9160997732426304,0.9330922242314648,0.9626865671641791,0.8237078398561112,0.9013549171884024
2,0.9779581850533808,0.9888320778230529,0.9297052154195011,0.9447415329768271,0.9430604982206405,0.8481793405623419,0.9244720528563617
3,0.9822373732842917,0.9917471236453985,0.9410430839002267,0.9540636042402827,0.9507042253521126,0.8718303923081399,0.9370373174225224
4,0.987242457102762,0.9918457246391025,0.9295454545454546,0.9416195856873822,0.9727626459143969,0.8558079223567473,0.9193406424944004
