,AUROC,AUPRC,accuracy,f1,recall,mcc,gmean
0,0.879031114466984,0.8392024768313134,0.7850404312668463,0.7330543933054393,0.6687022900763359,0.56316950885964,0.7657841010149697
1,0.8766787218559111,0.8446424005414832,0.7924528301886793,0.7446102819237148,0.6782477341389728,0.5804434113537527,0.7745072232270921
2,0.8728686925006969,0.8259961866229943,0.7734322319622388,0.7068062827225131,0.6398104265402843,0.5331799320222875,0.7473398600785486
3,0.8759807373249628,0.8134014652695049,0.8194070080862533,0.7747899159663866,0.7305863708399366,0.6281740419809299,0.8041456987312599
4,0.8741987268402928,0.8366289561816724,0.7977073499662846,0.7461928934010152,0.6826625386996904,0.5874318037425829,0.7779331158615671
