,AUROC,AUPRC,accuracy,f1,recall,mcc,gmean
0,0.7509099852434825,0.7595832209151057,0.698019801980198,0.7053140096618358,0.6822429906542056,0.39734897867521746,0.6988149620644334
1,0.676363814756672,0.6242641645791458,0.6485148514851485,0.6728110599078341,0.7019230769230769,0.2957248794630166,0.644533832977318
2,0.745872641509434,0.6908535123678443,0.6683168316831684,0.6763285024154589,0.7291666666666666,0.343642928677552,0.6686781760642814
3,0.668171114599686,0.6360957365735261,0.6386138613861386,0.6507177033492823,0.6538461538461539,0.27639006391096455,0.6379544429436835
4,0.7533466533466534,0.6956369182126412,0.6865671641791045,0.6802030456852792,0.7362637362637363,0.3805793882349782,0.6893654874047404
