,AUROC,AUPRC,accuracy,f1,recall,mcc,gmean
0,0.7524761513533251,0.5905341577363313,0.7193548387096774,0.5396825396825397,0.46788990825688076,0.3531230329809163,0.6327585669752049
1,0.7871738168951791,0.682700934248425,0.7216828478964401,0.6160714285714286,0.5798319327731093,0.4010549756022717,0.6855428799482043
2,0.7851973684210525,0.6880940523569433,0.7290322580645161,0.6111111111111112,0.55,0.4130737450373165,0.6805570473787206
3,0.7566259808195293,0.6697304910148819,0.6763754045307443,0.4897959183673469,0.3870967741935484,0.2984071472178378,0.5804126241719498
4,0.8405759389365948,0.7640367752784392,0.7249190938511327,0.6188340807174888,0.5476190476190477,0.41785831630362036,0.6810509091687061
