,AUROC,AUPRC,accuracy,f1,recall,mcc,gmean
0,0.8385831122900088,0.9229072742056385,0.8161290322580645,0.8875739644970414,0.9698275862068966,0.45084297077127317,0.5900366396032288
1,0.8819077207826547,0.9562304901357568,0.86084142394822,0.9171483622350675,0.9596774193548387,0.5074705656975969,0.6637075168329659
2,0.8265178571428571,0.9204579807340041,0.8387096774193549,0.9038461538461539,0.9791666666666666,0.4756134897266659,0.5913563908104663
3,0.8714285714285714,0.9569051450140833,0.8381877022653722,0.9038461538461539,0.9832635983263598,0.47554784235471464,0.5806194519628232
4,0.842946802151823,0.9400722922311102,0.8349514563106796,0.9013539651837524,0.9748953974895398,0.46262899444696814,0.5900651893433773
