,AUROC,AUPRC,accuracy,f1,recall,mcc,gmean
0,0.7618750000000001,0.7544885927725768,0.6903225806451613,0.7055214723926381,0.71875,0.3795097801016083,0.6887488656977956
1,0.7797699881174673,0.8018858711538969,0.6957928802588996,0.7374301675977654,0.7674418604651163,0.3788363868062158,0.681869876591534
2,0.8066112596057468,0.8117229207967864,0.7354838709677419,0.7588235294117647,0.7865853658536586,0.4682006050551415,0.730321524330735
3,0.8000969891203509,0.8079229574379011,0.7249190938511327,0.7400611620795107,0.7245508982035929,0.44871251423489106,0.7249513947523036
4,0.8350803043110735,0.842938697937238,0.7637540453074434,0.7943661971830986,0.834319526627219,0.5215829456390937,0.7524263373038387
