,AUROC,AUPRC,accuracy,f1,recall,mcc,gmean
0,0.7674129353233831,0.3659354854462859,0.8548387096774194,0.1509433962264151,0.09523809523809523,0.12786615856744657,0.30454972180095735
1,0.8051930210193707,0.5404840528708413,0.8252427184466019,0.2894736842105263,0.1896551724137931,0.2696853200659501,0.42937860256247984
2,0.8457112574759633,0.5530451119240234,0.864516129032258,0.43243243243243246,0.3137254901960784,0.40556033083296156,0.5524911066193571
3,0.7969498910675381,0.4813794129499569,0.8511326860841424,0.34285714285714286,0.2222222222222222,0.35397192724289445,0.4676926164076848
4,0.7755186151943948,0.45147693560417296,0.8220064724919094,0.2857142857142857,0.1896551724137931,0.25646868099162123,0.42849782501436195
