,AUROC,AUPRC,accuracy,f1,recall,mcc,gmean
0,0.8945999963578088,0.9469967731785223,0.8218569524655709,0.8719259022676461,0.888671875,0.5808907840835031,0.77640543385996
1,0.8979973004363249,0.9494369182579113,0.8347401155042203,0.8833124215809285,0.9060489060489061,0.6030434409170191,0.7824739440375066
2,0.8918557355423482,0.9397860316397466,0.8204444444444444,0.8690012970168612,0.8957219251336899,0.5871300580468405,0.7753114323497093
3,0.8955760285417513,0.94670227399572,0.8271879164815638,0.8757585435962951,0.899016393442623,0.5947901944620282,0.7797515401945118
4,0.8983852988503066,0.9516220976083128,0.8351111111111111,0.883075953356445,0.8952076677316294,0.6043099058662988,0.7903702035443166
