,AUROC,AUPRC,accuracy,f1,recall,mcc,gmean
0,0.9350989782666952,0.9617359186517429,0.8616417139907073,0.8909682668836453,0.8953393295175798,0.7017776668043181,0.8484000225363169
1,0.9217675755826458,0.950147791139518,0.8502839442436758,0.8819218241042345,0.9009983361064892,0.6787934848945402,0.8314916205549775
2,0.9378617378161173,0.9634069457446099,0.8673205988642231,0.8978131212723658,0.9156528791565288,0.710002305638102,0.8465544608206224
3,0.9229475793721603,0.9521012600425165,0.8482188951987609,0.8817377312952535,0.8976248976248976,0.6709254724190927,0.8281034559763814
4,0.9223111252862964,0.9537502071145935,0.8466701084150748,0.8807707747892413,0.8861066235864298,0.6661368019909735,0.8296679589963485
