,AUROC,AUPRC,accuracy,f1,recall,mcc,gmean
0,0.8872349808564804,0.9522594729311296,0.8419715447154471,0.8975963121501481,0.93805918788713,0.5644868262910696,0.731787811092615
1,0.8802775667391474,0.9470002817061814,0.8317234367056431,0.8893346706787028,0.926829268292683,0.5484975469028309,0.7301376892724873
2,0.8933347780742507,0.9542987180677984,0.849517031011693,0.9025032938076416,0.9370725034199726,0.5824240258536871,0.7473502015926786
3,0.9027865142838472,0.9594242040126308,0.8566344687341129,0.906312292358804,0.9304229195088677,0.6056695231132343,0.7721005348094165
4,0.8915296063340754,0.9517527703866967,0.8256227758007118,0.8850921273031825,0.9237762237762238,0.5342946030978876,0.7219673563915229
