,AUROC,AUPRC,accuracy,f1,recall,mcc,gmean
0,0.8689477654994897,0.9708698656801221,0.8860103626943006,0.9375322663913268,0.9939792008757526,0.39819644406002985,0.46719638231879534
1,0.8723407405068039,0.9737793897433024,0.9001413094677343,0.9455292908530318,0.9951325040562466,0.4476481366628895,0.5078019320029826
2,0.8534972652619712,0.969397736683097,0.8920829406220546,0.9407503234152652,0.9901960784313726,0.4210992153119198,0.5095751208452497
3,0.8474583269319405,0.9663750989212324,0.8921337729627885,0.9410249806850374,0.9929347826086956,0.4099713469551385,0.4848468135728445
4,0.8403045912087541,0.9678243229301917,0.9048067860508954,0.9483640081799591,0.9930406852248393,0.42946032008257556,0.5041077115078008
