,AUROC,AUPRC,accuracy,f1,recall,mcc,gmean
0,0.8853236458005025,0.9117637081247817,0.8085510688836105,0.827704147071398,0.8046550290939318,0.6139826437313829,0.8091883586213543
1,0.8717569958496161,0.900901205436177,0.7814726840855107,0.8013816925734024,0.7791771620486986,0.5600699868381335,0.781816059831335
2,0.8753749510734575,0.8989038615096538,0.8042755344418052,0.8208695652173913,0.8054607508532423,0.6058750943115357,0.804122618659856
3,0.8733777901268871,0.9075969419489464,0.7947743467933491,0.8174133558748944,0.7926229508196722,0.5851525692274846,0.7951774156430756
4,0.8792846360928599,0.9063168710025088,0.797624703087886,0.8147826086956522,0.7880571909167368,0.5939677546948965,0.7989748041210849
