,AUROC,AUPRC,accuracy,f1,recall,mcc,gmean
0,0.7350230414746544,0.3190471808892862,0.7894736842105263,0.0,0.0,-0.07812091314506639,0.0
1,0.8177083333333333,0.5773809523809523,0.8421052631578947,0.0,0.0,0.0,0.0
2,0.6176470588235294,0.1291005291005291,0.918918918918919,0.0,0.0,0.0,0.0
3,0.775735294117647,0.29568713450292394,0.868421052631579,0.0,0.0,-0.05638838744346009,0.0
4,0.5795454545454546,0.1518327289118364,0.8648648648648649,0.0,0.0,-0.058025885318565944,0.0
