,AUROC,AUPRC,accuracy,f1,recall,mcc,gmean
0,0.42592592592592593,0.11574074074074074,0.9,0.0,0.0,0.0,0.0
1,0.7708333333333334,0.33787545787545786,0.7931034482758621,0.0,0.0,-0.08625819491779428,0.0
2,0.37962962962962965,0.07993730407523511,0.896551724137931,0.0,0.0,-0.05143444998736397,0.0
3,0.4487179487179487,0.13863636363636364,0.8275862068965517,0.0,0.0,-0.09245003270420485,0.0
4,0.625,0.20989010989010987,0.8620689655172413,0.0,0.0,0.0,0.0
