,AUROC,AUPRC,accuracy,f1,recall,mcc,gmean
0,0.7958007966334361,0.9899855378185164,0.9709208400646203,0.985233798195242,1.0,0.16198909975469544,0.1643989873053573
1,0.804621488924412,0.9927551892022857,0.9773645917542442,0.9885433715220949,1.0,0.1835799439046644,0.18569533817705186
2,0.8301607883817427,0.9935271956836185,0.9749393694421988,0.9873002867677182,1.0,0.17454575813478795,0.1767766952966369
3,0.6974585062240664,0.9873713592097861,0.973322554567502,0.9864809504301516,0.9991701244813278,-0.00463524005005246,0.0
4,0.8070021025866707,0.992778517882018,0.973322554567502,0.986469864698647,1.0,0.1691936734731729,0.17149858514250885
