,AUROC,AUPRC,accuracy,f1,recall,mcc,gmean
0,0.7541984639691575,0.9387389128433086,0.8873949579831932,0.938475665748393,0.991270611057226,0.3739319971325206,0.4604017986508266
1,0.7165673722905312,0.9230197876210258,0.8781512605042017,0.9336384439359268,0.9912536443148688,0.3008417649270145,0.3923281449766485
2,0.7489185774987558,0.9281412885779297,0.8940285954583683,0.9423076923076923,0.9913294797687862,0.3861077954982882,0.4724545061117415
3,0.7117166578213738,0.9200180568934897,0.8789915966386554,0.9337626494940202,0.9844810863239574,0.31347177390196007,0.43811283170941767
4,0.743011305241521,0.9359983781668128,0.9007569386038689,0.9463148316651502,0.9904761904761905,0.37595211029212655,0.46999741239729986
