,AUROC,AUPRC,accuracy,f1,recall,mcc,gmean
0,0.895708467167787,0.9956814130489109,0.9646799116997793,0.9820089955022488,0.9977151561309977,0.06494219216936198,0.14727341890474077
1,0.83302200083022,0.9927754128496731,0.96759941089838,0.9835205992509364,0.9992389649923896,0.10142262752769056,0.1506982961983969
2,0.8028414120047407,0.9896086558501864,0.9624447717231223,0.9808630393996247,1.0,0.0,0.0
3,0.8255566157760813,0.9908470620332175,0.9653902798232695,0.9823772028496438,1.0,0.14181595873110647,0.14433756729740643
4,0.7952143425142776,0.9888415748370667,0.9609720176730486,0.9800826756858324,0.9992337164750957,0.09141475415587874,0.1373079252941603
