,AUROC,AUPRC,accuracy,f1,recall,mcc,gmean
0,0.8885141651597348,0.9806081700061249,0.9092356687898089,0.9505637467476149,0.9909584086799277,0.4676361483745339,0.5512657362789545
1,0.8960722577362211,0.9839949440249286,0.9012738853503185,0.9468267581475128,0.9901345291479821,0.3434617085014792,0.4434213117216638
2,0.9077572392624189,0.9836357428687017,0.8901273885350318,0.9401561144839549,0.9908592321755028,0.36594287858879865,0.45602424327724833
3,0.8951178965224766,0.9854331175221825,0.9132165605095541,0.9532790398628376,0.9884444444444445,0.40752352345483983,0.5138951355556426
4,0.8683765702288175,0.976302570398067,0.8940239043824701,0.942299349240781,0.985480943738657,0.3624532859608735,0.48153698623779473
