,AUROC,AUPRC,accuracy,f1,recall,mcc,gmean
0,0.8533154078839966,0.9897195830594182,0.9516994633273703,0.9751381215469613,1.0,0.2839614559342557,0.291111254869791
1,0.8621395405669601,0.9902971646769069,0.945438282647585,0.9718764407561088,0.9981060606060606,0.15947193353657202,0.21976226824788314
2,0.8289429468916648,0.9828016631430699,0.9481216457960644,0.9731977818853974,1.0,0.31948428290089964,0.3281650616569468
3,0.8214732701591274,0.9884502147798537,0.9615384615384616,0.9803203661327231,1.0,0.28604423985563765,0.2917299829957891
4,0.8555607917059378,0.9903526769376532,0.9507609668755596,0.9747358750574184,1.0,0.1302961493427114,0.1336306209562122
