,AUROC,AUPRC,accuracy,f1,recall,mcc,gmean
0,0.8112285320754257,0.9471849961479295,0.8549686660698299,0.9202755905511811,0.9915164369034994,0.2469560995237212,0.33759059012453546
1,0.7862686509866148,0.9488341055004552,0.8504923903312444,0.917693445046821,0.9769150052465897,0.17461100479772076,0.33642113107993815
2,0.7872915526465694,0.9364132092551474,0.8406445837063563,0.9114427860696518,0.9924160346695557,0.260041467637894,0.343012494117368
3,0.8252877437395452,0.959407911481453,0.8576544315129812,0.9214814814814815,0.9841772151898734,0.25476097629563577,0.3815604086410027
4,0.8157991878922111,0.9566479239796651,0.8612354521038496,0.9236076885165106,0.9915343915343915,0.2917821749992251,0.37962925448726537
