,AUROC,AUPRC,accuracy,f1,recall,mcc,gmean
0,0.7261037125378211,0.9703286979982708,0.9378531073446328,0.9679032930387661,1.0,0.10964996217076958,0.11322770341445958
1,0.8469465648854961,0.9865279704870907,0.9507667473769169,0.974762101779065,0.9991518235793045,-0.0064114816008499454,0.0
2,0.7411215843092451,0.972085635689101,0.9426957223567393,0.9704781704781705,1.0,0.1144218215986047,0.11785113019775792
3,0.7818819723906067,0.9803818418682495,0.9467312348668281,0.9725913621262459,0.9991467576791809,0.13344182124539752,0.17269996047663783
4,0.7990963239802622,0.9852193286994291,0.9531880548829701,0.9760132340777502,0.9991532599491956,0.08626625861886539,0.13125082987909695
