,AUROC,AUPRC,accuracy,f1,recall,mcc,gmean
0,0.8087504917387883,0.9849351254543965,0.9610486891385768,0.9798761609907121,0.996066089693155,0.4391450526722488,0.5143734587580743
1,0.8900077687273412,0.9921986551378125,0.9595505617977528,0.9791505791505791,1.0,0.43139804634702944,0.44048819592160315
2,0.8073955178679588,0.9831654508010033,0.9558052434456928,0.9771936606107461,0.9952755905511811,0.33569028657144395,0.4286527568416076
3,0.8531768140488499,0.9889716655200196,0.9573033707865168,0.9779326364692218,0.9992088607594937,0.43403411485218985,0.45945670475109845
4,0.7934915586004404,0.982560996106696,0.9655172413793104,0.9822393822393822,0.9992144540455616,0.48702280908715895,0.511946322505304
