,AUROC,AUPRC,accuracy,f1,recall,mcc,gmean
0,0.8093089867525958,0.9850823486695299,0.9720028715003589,0.9854964670881369,0.9962406015037594,0.6148128333439234,0.6771904780409641
1,0.8581979141401892,0.9886870956343398,0.9777298850574713,0.9884715507623651,0.9992481203007518,0.6988438194633716,0.718151074159551
2,0.7734066360667717,0.9813311379115572,0.9641062455132807,0.9814126394052045,0.9947249434815373,0.5022946401467142,0.5887669922925902
3,0.813877726750861,0.9867775710539572,0.9770114942528736,0.9881744271988174,0.9977611940298508,0.61640011573359,0.664317282031343
4,0.8213565630977615,0.9866794374246203,0.9755747126436781,0.9873887240356083,0.9977511244377811,0.6374929347904026,0.6815206167324513
