,AUROC,AUPRC,accuracy,f1,recall,mcc,gmean
0,0.8974558482918356,0.9943480482751622,0.9807692307692307,0.9901224812327143,0.9976114649681529,0.6552189345015808,0.7062618016600335
1,0.8706956600745025,0.9921924541473733,0.9738260200153964,0.9864325618515563,0.9919743178170144,0.6250061061780859,0.7367349593408542
2,0.8813151563753008,0.9924790984363793,0.9715165511932256,0.9852765618782332,0.9927826784282278,0.5660098918304585,0.6769101787119156
3,0.8490892439198128,0.9941127851366198,0.9815242494226328,0.9906103286384976,0.998422712933754,0.4809513119470914,0.5383908047075753
4,0.9173635448835837,0.9960551609104562,0.9822940723633564,0.9908910891089109,0.9984038308060654,0.7019946658412608,0.7366211900373163
