,AUROC,AUPRC,accuracy,f1,recall,mcc,gmean
0,0.9064433811802233,0.9788905527815296,0.8959641255605382,0.9411764705882353,0.9768421052631578,0.5228608239246358,0.648334881077926
1,0.9102644087938205,0.977778692301221,0.8905829596412556,0.9378818737270875,0.9850267379679144,0.5309773979070802,0.6277027124261658
2,0.904452875399361,0.9789413919201896,0.8825112107623319,0.9331973482916879,0.9744408945686901,0.4832590663819687,0.6180818096650811
3,0.9081832704037176,0.979236208969045,0.8932735426008969,0.9391304347826087,0.9776357827476039,0.5394094801103662,0.658232788394568
4,0.9093377148039528,0.9764183259116865,0.8869955156950673,0.9358452138492872,0.984994640943194,0.5175487726476069,0.6155031215765353
