,AUROC,AUPRC,accuracy,f1,recall,mcc,gmean
0,0.79005160797645,0.8040412828998909,0.7315789473684211,0.7096774193548387,0.6702508960573477,0.4644575263963136,0.727840344670828
1,0.8210084449837788,0.8181658172424642,0.7521968365553603,0.7314285714285714,0.7084870848708487,0.5027671854390995,0.7490552260298873
2,0.837116541724206,0.8453341215679445,0.7684210526315789,0.7555555555555555,0.7445255474452555,0.5358595233798581,0.7671881312452729
3,0.7749480635109067,0.7862936744561113,0.7012302284710018,0.6730769230769231,0.5972696245733788,0.41729296143400607,0.6962331253762263
4,0.8143413247652002,0.8129778291491925,0.7346221441124781,0.7056530214424951,0.6464285714285715,0.4742746531145914,0.7280907663970914
