,AUROC,AUPRC,accuracy,f1,recall,mcc,gmean
0,0.9825642869226865,0.9897424414035311,0.9433106575963719,0.9506903353057199,0.9377431906614786,0.8845198054336332,0.9443915063178039
1,0.9896902769390044,0.9938578623262445,0.9410430839002267,0.9514925373134329,0.9514925373134329,0.8763480286429126,0.9380794732288669
2,0.9849866548042706,0.9925536040601854,0.9387755102040817,0.9509981851179673,0.9323843416370107,0.8707450348850615,0.9411509573682428
3,0.9827532071409347,0.9915296131495752,0.9478458049886621,0.9585585585585585,0.9366197183098591,0.890101069152082,0.9522557770160812
4,0.9922178988326847,0.9943317968233731,0.9568181818181818,0.9628180039138943,0.9571984435797666,0.9114210480709733,0.9567411890771851
