,AUROC,AUPRC,accuracy,f1,recall,mcc,gmean
0,0.9720337083231434,0.932149652288627,0.9279368213228035,0.8537074148296593,0.8160919540229885,0.8075452879469556,0.8882348999371581
1,0.9797605930081139,0.9573990346871086,0.9437314906219151,0.8901734104046243,0.8619402985074627,0.8532315265269683,0.915860776338183
2,0.9724814280369837,0.9453889486376575,0.9437314906219151,0.8789808917197452,0.8518518518518519,0.8430990177339704,0.91028541052767
3,0.978336495888678,0.9528171848645939,0.9378084896347483,0.8679245283018868,0.8346774193548387,0.8284614688861447,0.9003741579412555
4,0.9706065875613747,0.9400521872836434,0.9318181818181818,0.8633663366336634,0.8384615384615385,0.8186361344464367,0.8990868708358103
