,AUROC,AUPRC,accuracy,f1,recall,mcc,gmean
0,0.8847908360113813,0.8601770186094764,0.8113207547169812,0.7738287560581584,0.7312977099236642,0.6159749157893597,0.7997216340903596
1,0.8714376548246483,0.8359727762095144,0.7971698113207547,0.7578439259855189,0.7114803625377644,0.5883091014409394,0.7850287224330561
2,0.8699442431000836,0.8460319100860104,0.8010788941335132,0.7595762021189894,0.7361769352290679,0.5910985615288213,0.7907700991367154
3,0.8733388079361923,0.8409617535098484,0.7944743935309974,0.7526358475263585,0.7353407290015848,0.5774768668804211,0.7850960927410108
4,0.8759788201264282,0.8579780883091522,0.8057990559676331,0.765089722675367,0.7260061919504643,0.6029219886724162,0.793552645325608
