,AUROC,AUPRC,accuracy,f1,recall,mcc,gmean
0,0.866211992043194,0.8113649630524371,0.7723880597014925,0.7136150234741784,0.6608695652173913,0.5313905151516152,0.7522250786244916
1,0.8811377245508982,0.8155006820284125,0.8164794007490637,0.7487179487179487,0.73,0.6048179854713809,0.7961358774288101
2,0.840701128936423,0.7721066090103064,0.7677902621722846,0.69,0.6764705882352942,0.5047479291019642,0.7467099554551001
3,0.8784825302580497,0.8466657429620069,0.7827715355805244,0.7264150943396226,0.6637931034482759,0.5556969986485797,0.7617542043960435
4,0.8760709914320687,0.8113247329640495,0.8089887640449438,0.7213114754098361,0.6947368421052632,0.5773124176195488,0.7783798256627519
