,AUROC,AUPRC,accuracy,f1,recall,mcc,gmean
0,0.9007447665056361,0.997791378506051,0.9873217115689382,0.9936,1.0,0.44436052908558493,0.4472135954999579
1,0.7905907511360599,0.9956293063702412,0.9889064976228209,0.9944178628389154,1.0,0.2567615885392396,0.2581988897471611
2,0.6846680841011102,0.9919035203487807,0.9873217115689382,0.9936153232242618,1.0,0.24099202542514703,0.24253562503633297
3,0.8034735480692246,0.9965824581645575,0.9904912836767037,0.9952191235059761,1.0,0.2760272761133278,0.2773500981126146
4,0.8888446215139442,0.9991661478724261,0.9952456418383518,0.9976152623211447,1.0,0.37706419906780775,0.3779644730092272
