,AUROC,AUPRC,accuracy,f1,recall,mcc,gmean
0,0.8786597641645096,0.9928818687257432,0.9577133907595928,0.978330658105939,0.9991803278688525,0.2293355392640929,0.26479788093031
1,0.8999421631000578,0.9959743303362459,0.9686765857478465,0.9840510366826156,0.9991902834008097,0.22538997592843968,0.26715301706817624
2,0.879139430833458,0.9934063919720311,0.963166144200627,0.9812075169932027,1.0,0.19826886715700356,0.20203050891044214
3,0.8892570281124499,0.9963611863537225,0.975724353954581,0.9876739562624255,0.9975903614457832,0.2595165803748372,0.3531271657359752
4,0.8842135113321554,0.9954391859898357,0.9702194357366771,0.9848363926576217,0.9959644874899112,0.20867159670462482,0.3281338697626257
