,AUROC,AUPRC,accuracy,f1,recall,mcc,gmean
0,0.8480361222935481,0.9941056515231236,0.9762611275964391,0.9879608728367193,1.0,0.2892662903335158,0.29277002188455997
1,0.8092051669963924,0.9939427838154002,0.9814540059347181,0.9906331959535406,1.0,0.1942876770276646,0.19611613513818404
2,0.8582450832072617,0.9963154100853256,0.9836674090571641,0.9917355371900827,0.9984871406959153,0.3725775549214666,0.446875181834014
3,0.8304710960960962,0.9968935600247366,0.9873887240356083,0.9936543486375513,0.9992492492492493,-0.002986235686008723,0.0
4,0.8622276483846731,0.9972322537721326,0.9888641425389755,0.994392523364486,0.9992486851990984,0.28554894442443374,0.3534205506898082
