,AUROC,AUPRC,accuracy,f1,recall,mcc,gmean
0,0.8370877368804664,0.9803955034500539,0.9348127600554785,0.9661627069834413,0.9985119047619048,0.202410067582101,0.24725165707068222
1,0.8397012933303257,0.9866029019416908,0.9514563106796117,0.9749283667621776,0.9978005865102639,0.32025645147779785,0.3751206037108207
2,0.8425542406311638,0.9834993203374398,0.9424410540915396,0.9701331414177762,0.9970414201183432,0.28435446570294687,0.34908540217898565
3,0.8566947082767978,0.9873686186779345,0.9549237170596394,0.9768270944741533,0.9963636363636363,0.23365136460802205,0.32264174148957336
4,0.8366300366300367,0.9862017647574337,0.9486823855755895,0.9735902926481085,0.9992673992673993,0.19588415401558487,0.22783765002110082
