,AUROC,AUPRC,accuracy,f1,recall,mcc,gmean
0,0.9308271181885373,0.9992496028024029,0.9926686217008798,0.9963181148748159,1.0,0.30040325062498935,0.30151134457776363
1,0.843298969072165,0.9992089120326744,0.9941305942773294,0.9970566593083149,0.9977908689248896,-0.0028498781418159285,0.0
2,0.9646063281824871,0.9998552497863005,0.9956011730205279,0.9977957384276267,0.9992641648270787,-0.0016429613459555228,0.0
3,0.8833948339483395,0.9987023167831692,0.9941305942773294,0.9970566593083149,1.0,0.0,0.0
4,0.9952205882352941,0.9999891544333925,0.9985326485693323,0.9992652461425422,1.0,0.5769262145828806,0.5773502691896257
