,AUROC,AUPRC,accuracy,f1,recall,mcc,gmean
0,0.8413549908095582,0.9782846366762837,0.9247121346324181,0.9602618045815802,0.9951550387596899,0.3454957445541899,0.417622574869173
1,0.8687610987267163,0.9772055103950714,0.8980496453900709,0.945054945054945,0.9939698492462311,0.34960229779729246,0.42351266842340074
2,0.848143410852713,0.97581295632083,0.8937112488928255,0.9430740037950665,0.994,0.2596620142310067,0.33997263911796965
3,0.8332998891564423,0.9755132839744713,0.925531914893617,0.9604147031102733,0.99317738791423,0.4115975270356343,0.4933820328823647
4,0.8324303260216347,0.9753429727411762,0.9175531914893617,0.956481048198409,0.998046875,0.3107735327843175,0.3532079548580411
