,AUROC,AUPRC,accuracy,f1,recall,mcc,gmean
0,0.8872114652581017,0.9883874434740253,0.9373134328358209,0.967032967032967,0.9959579628132579,0.41915754211663186,0.48173423672215127
1,0.8531475395532806,0.9796354818873567,0.9276119402985075,0.9618860510805501,0.996742671009772,0.3545413865900777,0.41120587854054397
2,0.8905588747821757,0.989008066654427,0.926865671641791,0.96171875,0.9959546925566343,0.2505792026709839,0.3245633400628003
3,0.8774909420289856,0.9856504383785326,0.9388059701492537,0.9680685358255452,0.9959935897435898,0.33166344191527103,0.40297674771297215
4,0.8936298076923077,0.9896413982756534,0.9417910447761194,0.9696734059097978,0.999198717948718,0.37771222295065254,0.40362462071603183
