,AUROC,AUPRC,accuracy,f1,recall,mcc,gmean
0,0.8614692160706752,0.9838384986183399,0.9258760107816711,0.961212976022567,0.9978038067349927,0.2547418390573741,0.3049846046973758
1,0.8368845798852977,0.9855702473557016,0.9393530997304582,0.9686411149825784,0.9978463747307968,0.14637213160730103,0.20943108439065586
2,0.8343678491662214,0.9833542282090942,0.9325691166554282,0.9648135116115412,0.9956427015250545,0.25609096904053325,0.33572945670163645
3,0.8716397178693815,0.9900069751468215,0.9474393530997305,0.972822299651568,0.9985693848354793,0.2996287200139111,0.3407531645735901
4,0.8645406807739192,0.9857117895736954,0.9420094403236683,0.9699930216329379,0.9992810927390366,0.248201127286836,0.2757394731557871
