,AUROC,AUPRC,accuracy,f1,recall,mcc,gmean
0,0.8142424730533295,0.9518431223375813,0.8749185667752443,0.9302832244008714,0.9801071155317521,0.38556163564864576,0.5162560953421592
1,0.7997755598374793,0.9508273298768617,0.8807817589576548,0.9341963322545846,0.9796380090497737,0.35987059165642393,0.498422461034151
2,0.8190248571702915,0.9475489164262022,0.8441981747066493,0.9131225009087605,0.9874213836477987,0.27583492143380556,0.38338306219113805
3,0.776858038195471,0.9349183777143256,0.867100977198697,0.9263005780346821,0.9853958493466565,0.3402989222055983,0.4542505644361261
4,0.8207549677235019,0.9533012509789589,0.8683181225554107,0.9270231213872833,0.9846508058326938,0.3395456566924992,0.45701785791078153
