,AUROC,AUPRC,accuracy,f1,recall,mcc,gmean
0,0.8708070701282674,0.9859992171880299,0.9408204438466712,0.9692522711390635,0.9985601151907847,0.3108971791778153,0.34967508799772756
1,0.8378045325779037,0.9891508777312995,0.952925353059852,0.9757617728531855,0.9978753541076487,0.26699267673557836,0.32625149466551495
2,0.9029845791212257,0.9920011706042877,0.9535978480161399,0.9759498082955733,0.9992862241256245,0.43352977415733857,0.4573324071514555
3,0.8423005973295854,0.9905682364297685,0.9576328177538669,0.9782533655505695,0.9957835558678847,0.22925384719964056,0.3300209484609271
4,0.9077998111425875,0.9929111624950498,0.9556153328850033,0.9771468144044322,0.9992917847025495,0.3387148536492817,0.36501904693728876
