,AUROC,AUPRC,accuracy,f1,recall,mcc,gmean
0,0.86257016840417,0.9849908517792577,0.9486196319018405,0.9731247492980345,0.9958949096880131,0.46280248791247314,0.5271851295732519
1,0.872031461893138,0.9870070796316832,0.9570552147239264,0.9777070063694268,0.9991863303498779,0.4917282485767619,0.5161876481409651
2,0.8813803141077714,0.9916774389862131,0.9539524174980814,0.9761336515513126,0.9967506092607636,0.40696511469174296,0.47063800886804796
3,0.8313399303932264,0.9887190725103365,0.9624233128834356,0.9805940594059406,0.9967793880837359,0.45809925429560877,0.5227910456174613
4,0.8926242573540067,0.9918437273862586,0.9516500383729855,0.9750099166997224,0.9943365695792881,0.29993768291695116,0.4040411953537265
