,AUROC,AUPRC,accuracy,f1,recall,mcc,gmean
0,0.8788949706874593,0.9901787033515762,0.97165991902834,0.9852838121934128,0.9978708303761533,0.6430552519362278,0.6817343739416041
1,0.884949173360053,0.9939374458684308,0.9844804318488529,0.9920497753197373,0.9972202918693537,0.6846645890453209,0.7460483026457265
2,0.8964698958124624,0.9929939362741259,0.9757085020242915,0.9874739039665971,0.9950911640953717,0.6078010318822297,0.6926587160893554
3,0.862811203319502,0.9946713781846637,0.9831309041835358,0.9913941480206541,0.995850622406639,0.5829848636116133,0.685757095416625
4,0.950768156424581,0.9967635438958548,0.9824442943956786,0.9909847434119279,0.9979050279329609,0.6822545288336026,0.7276679373632379
