,AUROC,AUPRC,accuracy,f1,recall,mcc,gmean
0,0.9065906353507979,0.9755002683739042,0.8642533936651584,0.921875,0.9833333333333333,0.4738057301454882,0.5794586764589665
1,0.8977688172043012,0.9705407631226345,0.8641509433962264,0.921875,0.9788018433179724,0.46085179310566754,0.5818095084711709
2,0.8868220683448016,0.9663343531356742,0.8582202111613876,0.9173262972735268,0.9765917602996255,0.4757837027296019,0.5996646906360241
3,0.8855461073318216,0.9637107856610879,0.8754716981132076,0.927536231884058,0.9777777777777777,0.528637400742143,0.6442489342966766
4,0.9094019653933062,0.9737402425023363,0.8777358490566037,0.9293193717277487,0.9851988899167438,0.5347030422612912,0.6290426345758307
