,AUROC,AUPRC,accuracy,f1,recall,mcc,gmean
0,0.7960408163265306,0.9897013631455885,0.967741935483871,0.9836065573770492,1.0,0.0,0.0
1,0.842982772849185,0.9918472349423783,0.9668202764976959,0.9831144465290806,1.0,0.16164606547545174,0.1643989873053573
2,0.8646055698687278,0.9928208542618937,0.966789667896679,0.9830667920978363,1.0,0.2726927691225862,0.2773500981126146
3,0.7947551342812007,0.9916852778972401,0.9723502304147466,0.9859550561797753,0.9981042654028436,0.1752363348942857,0.2579540353632592
4,0.8484276729559748,0.9943196976459151,0.9806273062730627,0.9901914992993928,1.0,0.3501024034150091,0.3535533905932738
