,AUROC,AUPRC,accuracy,f1,recall,mcc,gmean
0,0.9166817879392728,0.9692964303259263,0.8656156156156156,0.9147212958551691,0.9580838323353293,0.6148926175415086,0.7485545255351457
1,0.9021442495126706,0.9640576438647125,0.8460960960960962,0.9010140028971512,0.9424242424242424,0.5693441654549679,0.7311576637965107
2,0.8802846717107107,0.9556053500464528,0.8384673178061608,0.8972766364070712,0.9352589641434262,0.5318896501155985,0.7115062126806335
3,0.9050487664945496,0.9588227167328697,0.8536036036036037,0.9074513526340768,0.9598393574297188,0.5820191771319285,0.7190662838154601
4,0.8900785498489425,0.9584467512330686,0.845229151014275,0.9003868471953579,0.931,0.561341715685361,0.7386891304330527
