,AUROC,AUPRC,accuracy,f1,recall,mcc,gmean
0,0.8438957475994513,0.9918952604700247,0.9681697612732095,0.9837837837837838,0.9986282578875172,0.22363090742912314,0.2826486522716876
1,0.9084307249322493,0.9976603757864873,0.9807692307692307,0.9902717208990272,1.0,0.303221901574877,0.30618621784789724
2,0.8450672134882662,0.9929802286031935,0.9728116710875332,0.9861626729665879,0.9986329460013671,0.3091012556401592,0.36489869754063103
3,0.921762072673619,0.9982413509886356,0.9820954907161804,0.9909487093530004,0.9979743416610398,0.2297818165114538,0.3329955524663021
4,0.9171741091565178,0.9980801063662244,0.9807692307692307,0.9902717208990272,0.9986468200270636,0.2396163463807879,0.3160137370474682
