,AUROC,AUPRC,accuracy,f1,recall,mcc,gmean
0,0.8805188413948256,0.9881820708498226,0.9290909090909091,0.9626436781609196,0.9891732283464567,0.32299940601963234,0.44742577040498815
1,0.8970355284000906,0.9843030894343637,0.9144676979071884,0.9541015625,0.994908350305499,0.4232973885519335,0.48795258464264296
2,0.8542145417777369,0.977157747252903,0.913557779799818,0.953861097620204,0.9929221435793731,0.36123155393812223,0.4456281282817262
3,0.8806741530334987,0.9829446585342676,0.9208371246587808,0.9578692493946731,0.9959718026183283,0.40609899205425554,0.46487319695522683
4,0.9095084409136048,0.9903933434455738,0.9290263876251137,0.9624277456647399,0.9920556107249255,0.3929350640199195,0.4870633321460135
