,AUROC,AUPRC,accuracy,f1,recall,mcc,gmean
0,0.8852495543672014,0.9915429918342002,0.9470588235294117,0.9726443768996961,0.9982174688057041,0.2710239595739304,0.3205583887723918
1,0.8615791536050156,0.9851772627240212,0.9294117647058824,0.9631901840490797,0.9972776769509982,0.22023337576472488,0.28165387645317813
2,0.8631538001196888,0.9892280401882279,0.9419680403700589,0.9698821475338281,0.9973070017953322,0.2853108631458042,0.3459434060875273
3,0.8185886150234741,0.9879317514066033,0.9588235294117647,0.9788702026735662,0.9991197183098591,0.3000182880036653,0.3331865874167638
4,0.8090416666666667,0.982942731439386,0.9495374264087468,0.974025974025974,1.0,0.24358867592311162,0.25
