,AUROC,AUPRC,accuracy,f1,recall,mcc,gmean
0,0.9030413625304136,0.997308805128281,0.9792857142857143,0.9895269050198627,1.0,0.18067197788545586,0.18257418583505536
1,0.9038321167883212,0.9967598617693862,0.9785714285714285,0.9891618497109826,0.9992700729927008,0.12500152284749863,0.18250754075678635
2,0.8939861918604652,0.9975225310707718,0.9835714285714285,0.991699747383616,0.998546511627907,0.2688272066156143,0.35329635428841943
3,0.8775727608940344,0.9975307085640753,0.9892857142857143,0.9946023749550198,1.0,0.40605063432166083,0.408248290463863
4,0.8741187635574836,0.9982736159807393,0.9871336669049321,0.9935205183585313,0.9978308026030369,0.12014150965923345,0.24972870312138692
