,AUROC,AUPRC,accuracy,f1,recall,mcc,gmean
0,0.8559982613735149,0.9626650797636119,0.875968992248062,0.9311004784688995,0.986815415821501,0.3945095003496373,0.49811001823261064
1,0.8915375165375166,0.9741008957946495,0.8577586206896551,0.9202513291445142,0.9896049896049897,0.37257181730243216,0.4635884111086201
2,0.8770524194345102,0.9636608356539542,0.8560344827586207,0.917693445046821,0.9841437632135307,0.4267041264535166,0.5339716876146277
3,0.8338711018711018,0.9537848492250481,0.8594827586206897,0.9213699951760733,0.9794871794871794,0.3361561725369002,0.4715613028759489
4,0.8744948024948025,0.9630330268173526,0.875,0.9297140087251575,0.9835897435897436,0.43442755663354976,0.5456512381872451
