,AUROC,AUPRC,accuracy,f1,recall,mcc,gmean
0,0.8705307038640372,0.9909391224983473,0.9506172839506173,0.9745942131263232,0.9963924963924964,0.17283560940889628,0.2630473785472686
1,0.8391639107069037,0.9939565014210877,0.9725463280713795,0.9860724233983287,1.0,0.154013578157147,0.15617376188860607
2,0.8364347290640394,0.9909679711638129,0.9602194787379973,0.9796491228070175,0.9971428571428571,0.17490631819944238,0.2622374361268885
3,0.8580360464635608,0.9959522563477684,0.9759780370624571,0.9878176122520014,0.9971890372452565,0.18650499842028836,0.29662647891283833
4,0.883583215046132,0.9952357527170616,0.9670555936856554,0.9832519190509421,1.0,0.0,0.0
