,AUROC,AUPRC,accuracy,f1,recall,mcc,gmean
0,0.9212318227283219,0.9876854347302245,0.9071229050279329,0.9498680738786279,0.9936908517350158,0.41376211148856873,0.4861116454221543
1,0.8988167275168057,0.9847556084007575,0.9077568134171907,0.9506726457399103,0.9960845732184808,0.359257806252316,0.4178973610773917
2,0.8939193194100624,0.9803912104300061,0.8930817610062893,0.9419354838709677,0.9951884522854851,0.384838991598238,0.4473470878810638
3,0.907595722563382,0.9849267496323535,0.9056603773584906,0.9492290334712298,0.9960536700868192,0.3978751232492291,0.45442153514480904
4,0.9072603199463027,0.9849979851141304,0.9126484975541579,0.9530956848030019,0.9945184025058731,0.4143845286420691,0.4821667982814757
