,AUROC,AUPRC,accuracy,f1,recall,mcc,gmean
0,0.8924942502733475,0.9912437361142145,0.9443207126948775,0.9710982658959537,0.997624703087886,0.32371571395546617,0.3775153172082437
1,0.8575425118194296,0.988047337440346,0.9398663697104677,0.9688581314878892,0.9968354430379747,0.193633059967177,0.2684406703028151
2,0.8458115468409585,0.9879297508903527,0.9517446176688938,0.9751053236307928,0.9984313725490196,0.3084944301646846,0.35327598498713075
3,0.8622330419386964,0.9919783128286429,0.9628804751299184,0.9809885931558935,0.9992254066615027,0.32272475498208153,0.35341643401614453
4,0.9033876746058606,0.9938284409829216,0.9569093610698366,0.977760736196319,0.99687255668491,0.37178950624899826,0.4397988555994937
