,AUROC,AUPRC,accuracy,f1,recall,mcc,gmean
0,0.6118988671318178,0.9951822243845063,0.9946308724832215,0.9973063973063973,1.0,0.33243667176736985,0.3333333333333333
1,0.7795033385850402,0.9974422478554748,0.9959731543624161,0.9979784366576819,1.0,0.5761842964024251,0.5773502691896257
2,0.6496283783783784,0.9952656023313271,0.9946308724832215,0.9973045822102425,1.0,0.44600978821411047,0.4472135954999579
3,0.6878985670342861,0.9962120261420372,0.9953020134228188,0.9976423038059953,1.0,0.4702943992684514,0.4714045207910317
4,0.7146702557200538,0.9991328146303495,0.9979852249832102,0.9989915966386554,1.0,0.0,0.0
