,AUROC,AUPRC,accuracy,f1,recall,mcc,gmean
0,0.8144156955106485,0.9841467113745778,0.9390048154093098,0.96843853820598,0.9974337040205303,0.15908692006457786,0.22762850847641292
1,0.8302072250088667,0.9813571627895812,0.9285714285714286,0.9629321116201582,0.9956933677863911,0.027162251983625832,0.10823141697777205
2,0.8334608977533654,0.9842337007349321,0.9413654618473896,0.9696717906107187,0.998289136013687,0.20517185723309272,0.2562750804175188
3,0.8668872634389876,0.988934775211924,0.9550561797752809,0.9769547325102881,0.9991582491582491,0.18949549997791962,0.22733367347226013
4,0.8447598784194529,0.9881340662733351,0.9437751004016064,0.9710504549214226,0.9991489361702127,0.07727584497325934,0.11947198931550038
