,AUROC,AUPRC,accuracy,f1,recall,mcc,gmean
0,0.8607540313422666,0.977656803815202,0.9098712446351931,0.9522365428354814,0.9984101748807631,0.3000797001066764,0.337792865505435
1,0.873924126059322,0.9846984600149677,0.927038626609442,0.9615963855421686,0.99765625,0.3544288039240952,0.40079865977566104
2,0.8373795735545514,0.9802810139071817,0.9212598425196851,0.9584592145015106,0.9921813917122753,0.28716756598386317,0.3890368926214024
3,0.7895028915240376,0.9718931966465796,0.9306151645207439,0.9637654090399701,0.9984520123839009,0.28193388985349604,0.32188964674457643
4,0.8346555096718105,0.982152557306128,0.9312813171080888,0.9640179910044977,0.9968992248062015,0.31475952764030884,0.37383449249175804
