,AUROC,AUPRC,accuracy,f1,recall,mcc,gmean
0,0.8552098358403737,0.9904471400498638,0.9553686934023286,0.9771447499171911,0.998645903859174,0.11231704656159242,0.1701359987858966
1,0.8217725752508361,0.9902447925728242,0.9669902912621359,0.9832071122818571,0.9986622073578595,0.07501805412359558,0.14132672835368826
2,0.8484857268742898,0.9919667942424089,0.9618122977346278,0.9805087545424512,0.9979825151311366,0.10865336668310445,0.18550792483593723
3,0.8740335763198586,0.9956500083494019,0.9773462783171522,0.9885358663609565,1.0,0.16476680543335048,0.16666666666666666
4,0.8514405762304922,0.9935455028152762,0.968284789644013,0.9838762750904902,0.9993315508021391,0.09620701353943976,0.14280938850419328
