,AUROC,AUPRC,accuracy,f1,recall,mcc,gmean
0,0.874742268041237,0.9870869286272399,0.945645055664702,0.9717206132879046,0.9972027972027973,0.3740922834625756,0.4301719908931458
1,0.8777384243261921,0.9896876459627794,0.9613621480026195,0.9799660441426146,0.9972356599861782,0.5056098920503762,0.5582438031413163
2,0.8357057037012315,0.9852489174128048,0.954158480681074,0.976271186440678,0.997229916897507,0.3933305069389598,0.45194237540847043
3,0.8302396616541354,0.9861620263060966,0.9639816633922724,0.9815250251931474,0.9986329460013671,0.3718965581857934,0.4142946265569769
4,0.8740638640018379,0.9914978691003462,0.9541284403669725,0.976303317535545,0.9937973811164714,0.3201928456859223,0.4307073768523993
