,AUROC,AUPRC,accuracy,f1,recall,mcc,gmean
0,0.9354568210262829,0.9952802999168332,0.945819397993311,0.9720207253886011,0.997872340425532,0.22791192146605027,0.28666656964614984
1,0.9346582448128661,0.9969119517895446,0.9612040133779264,0.980191256830601,0.9972202918693537,0.0989130364209241,0.18871939599284832
2,0.9287377880374295,0.9959736633980552,0.9571906354515051,0.978067169294037,1.0,0.23727320912470398,0.24253562503633297
3,0.9362880886426592,0.9974558004361442,0.9692307692307692,0.9843110504774898,0.9993074792243767,0.31098201765377775,0.3428783833826553
4,0.9342955938006848,0.9965711402339831,0.9598393574297188,0.9794238683127572,0.9972067039106145,0.22987407316764527,0.3106507276218663
