,AUROC,AUPRC,accuracy,f1,recall,mcc,gmean
0,0.892686913424022,0.9788184887089626,0.8884493670886076,0.9386689865158765,0.9899082568807339,0.4100242480947078,0.5003215247985412
1,0.91157359719491,0.9817759004339184,0.889944576405384,0.9393807239424335,0.9917127071823204,0.4338187503424749,0.513162881145096
2,0.900226467299638,0.9789479664045455,0.8662974683544303,0.9255834434169969,0.9859287054409006,0.35864932593891247,0.4680761347000674
3,0.8892274546014158,0.9756276608349423,0.880443388756928,0.9343763581051716,0.9926131117266851,0.3737279412732067,0.4517047040187953
4,0.9186955707463246,0.984936899124155,0.8931116389548693,0.9410222804718218,0.9917127071823204,0.4566839835010322,0.5345537664146855
