,AUROC,AUPRC,accuracy,f1,recall,mcc,gmean
0,0.9379602476376668,0.9993922572250686,0.9928876244665719,0.9964260185847034,0.9992831541218637,0.3457925541635346,0.4262485732574072
1,0.9247347480106101,0.9991576543267964,0.9900355871886121,0.9949892627057981,0.9985632183908046,0.1565758476041658,0.2771507807328551
2,0.8711632453567938,0.9982067765563658,0.9921763869132291,0.9960700250089317,0.9992831541218637,0.21084052648352372,0.3014032566214035
3,0.9206860872333651,0.9993943586730907,0.993594306049822,0.9967868618350589,1.0,0.0,0.0
4,0.9166666666666667,0.9995760481422242,0.9950177935943061,0.9975026757046022,0.9992852037169406,-0.0017477657080796065,0.0
