,AUROC,AUPRC,accuracy,f1,recall,mcc,gmean
0,0.9195150913900914,0.9853467076644137,0.8961832061068702,0.9431913116123642,0.9955908289241623,0.44723707807581464,0.504533916901999
1,0.9155599296109883,0.9857801120816144,0.8961832061068702,0.9436152570480929,0.992153443766347,0.3860368415445942,0.4681088697735449
2,0.8907529702441777,0.9732708012245641,0.8908396946564886,0.9402922755741128,0.990325417766051,0.3941833228894915,0.48445990503464154
3,0.903773187724946,0.9836884769390636,0.8870229007633588,0.9381787802840434,0.9859525899912204,0.359514723369339,0.47420078044372327
4,0.9091546997389033,0.985057197868094,0.9052711993888465,0.9484193011647255,0.9921671018276762,0.45032591321754445,0.5282489918485732
