,AUROC,AUPRC,accuracy,f1,recall,mcc,gmean
0,0.8019954489760196,0.9563011141706068,0.9042954031650339,0.9487696651875757,0.9949238578680203,0.33672685403040625,0.4058042044345718
1,0.7941319739450581,0.9476460744487487,0.9012810851544838,0.9468990676935549,0.9923534409515717,0.3443023267626345,0.4303943644817236
2,0.7579755358150029,0.9462530924498078,0.9004524886877828,0.946645109135004,0.9906937394247038,0.2960828098332332,0.3977886443861323
3,0.7312484464330102,0.9479087776042631,0.905802562170309,0.9497790277219766,0.9916107382550335,0.2842194718488522,0.38328226486011746
4,0.7291824501645525,0.944226090826256,0.9087481146304676,0.9512686266612969,0.9949452401010952,0.3452725647181833,0.41447449403371694
