,AUROC,AUPRC,accuracy,f1,recall,mcc,gmean
0,0.9466446644664467,0.9995511467618542,0.9960629921259843,0.9980237154150198,1.0,0.5762103860062623,0.5773502691896257
1,0.922905672823219,0.9994622292177543,0.9954068241469817,0.9976966107272129,1.0,0.352739955256196,0.3535533905932738
2,0.9758709204253759,0.999830860724789,0.9954068241469817,0.9976950938426078,1.0,0.4703192269172711,0.4714045207910317
3,0.7863219655298863,0.9975652022988863,0.9940944881889764,0.9970384995064165,1.0,0.0,0.0
4,0.8582236842105263,0.99959042836454,0.9986868023637557,0.9993425378040762,1.0,0.576970807913543,0.5773502691896257
