,AUROC,AUPRC,accuracy,f1,recall,mcc,gmean
0,0.9220849946513663,0.9964398682034198,0.9906914893617021,0.9952542372881356,0.9993192648059904,0.7714140042356438,0.7925550693031059
1,0.9307459707013475,0.9980084706181551,0.992686170212766,0.9962925513987192,0.9979743416610398,0.7336825519665853,0.8067545051117282
2,0.8948193284686176,0.9962974550310943,0.9913563829787234,0.9956095913542722,0.997968855788761,0.7274816920717512,0.7926857896116108
3,0.8929078809630627,0.9976153519994575,0.9906914893617021,0.99527983816588,0.9932705248990579,0.6690995906663884,0.8789446749302007
4,0.9767095094086022,0.9996997778901044,0.9940159574468085,0.9969788519637462,0.9979838709677419,0.690442890422459,0.7897720679758424
