,AUROC,AUPRC,accuracy,f1,recall,mcc,gmean
0,0.914871794871795,0.9989580419312938,0.9909596662030598,0.9954561342188046,0.9992982456140351,0.1935812859848963,0.2772527652097707
1,0.8343288826423051,0.9977022653234436,0.9916492693110647,0.9958012596221134,1.0,0.37638081601750506,0.3779644730092272
2,0.860215053763441,0.9978811516569414,0.9909596662030598,0.9954593084177437,0.9992987377279102,-0.0024199281759036684,0.0
3,0.80119825708061,0.9976367969034284,0.9937369519832986,0.9968564442892072,0.9992997198879552,0.23364478323810603,0.3332165995411585
4,0.8936641043559284,0.9994547730014751,0.9951287404314544,0.997558423439135,0.9993011879804332,-0.0017087502391529624,0.0
