,AUROC,AUPRC,accuracy,f1,recall,mcc,gmean
0,0.8465384615384615,0.9836616838389811,0.9309116809116809,0.9640074211502783,0.9992307692307693,0.2499032070687085,0.27724340447600154
1,0.8609163160355306,0.9864400749602037,0.9373219373219374,0.9674315321983715,0.9969488939740656,0.2433627846546765,0.31061056843465046
2,0.811996411329944,0.9812786862971417,0.9387464387464387,0.9682890855457227,0.9984790874524715,0.18909116950843882,0.236842417560193
3,0.8821465929862747,0.9924517664596176,0.9501424501424501,0.9743589743589743,0.9977494373593399,0.16826494869206648,0.23708908854599034
4,0.8778887749186102,0.9884554675511137,0.9430199430199431,0.9705665930831494,1.0,0.2354990067863724,0.24253562503633297
