,AUROC,AUPRC,accuracy,f1,recall,mcc,gmean
0,0.8834897472062494,0.9926961410355528,0.9816326530612245,0.9905495274763738,0.9978843441466855,0.6895622758616271,0.7330227412269742
1,0.9257341961174714,0.9965758609007105,0.9891156462585035,0.9944482997918113,0.9986062717770035,0.7353651630642114,0.7740566924109642
2,0.9245084269662921,0.996400470908667,0.9857142857142858,0.992675270317405,0.9992977528089888,0.7319719858650631,0.7515453871716555
3,0.9057646749144511,0.9975179011520314,0.9870748299319728,0.9934369602763385,0.9979181124219292,0.5980155761465098,0.6688367529675497
4,0.9110995128740431,0.9966777770918279,0.9877467665078284,0.9937586685159501,0.9972164231036882,0.6727067993966421,0.7489554312479646
