,AUROC,AUPRC,accuracy,f1,recall,mcc,gmean
0,0.8785209209911173,0.9938476088533503,0.9796472184531886,0.9895760945100764,0.9985974754558204,0.6078692359416676,0.6450444026886252
1,0.8690870098039216,0.9948088310399793,0.9850746268656716,0.9923980649619903,0.9972222222222222,0.6070066225783682,0.68504090808625
2,0.8418523337127988,0.9913124365238919,0.9816700610997964,0.9906412478336222,0.9993006993006993,0.6047085294530646,0.6285478259376721
3,0.864841690342727,0.99632781159866,0.9884667571234735,0.9941560673771055,0.9993089149965446,0.6069367575893799,0.6380641458802175
4,0.9135781832075652,0.9969006451642118,0.991174473862865,0.9955187866253016,1.0,0.7394602156645955,0.7427813527082074
