,AUROC,AUPRC,accuracy,f1,recall,mcc,gmean
0,0.7006613122352753,0.9777699761383468,0.9635459817729909,0.981418918918919,0.9982817869415808,0.08017411452099772,0.15236750148988243
1,0.7416207916713478,0.9822628432431908,0.9652029826014913,0.9822033898305085,0.9982773471145564,0.3037105771116006,0.36084635061764525
2,0.7220585828833251,0.9822402216736643,0.9660033167495854,0.9826931194596876,1.0,0.15165555456946633,0.1543033499620919
3,0.7216163819217255,0.9890226432113169,0.980115990057995,0.9899244332493703,1.0,0.37417525979750654,0.3779644730092272
4,0.719641716354344,0.9855293411275131,0.9734660033167496,0.9865319865319865,0.9982964224872232,0.169943607266506,0.24978696204055856
