,AUROC,AUPRC,accuracy,f1,recall,mcc,gmean
0,0.8688802083333333,0.9865981314341312,0.9347353154459753,0.9659863945578231,0.9984375,0.2926391536625955,0.3330728148618557
1,0.8906794064002652,0.9924797941426565,0.9571843251088534,0.9778112072207596,0.9969325153374233,0.4463989786711978,0.5059339476091642
2,0.9034690318189552,0.9937837318564333,0.9564586357039188,0.9774943735933983,0.9977029096477795,0.4038087748108242,0.4559109264355126
3,0.9034025259970517,0.9949254905507847,0.9637155297532656,0.9814126394052045,0.9992429977289932,0.34508987774798655,0.3744924982696043
4,0.892196373962429,0.9918535796068662,0.9542815674891146,0.9764133283414451,0.9969418960244648,0.32607612517234985,0.3958058841739238
