,AUROC,AUPRC,accuracy,f1,recall,mcc,gmean
0,0.820939148115985,0.9854514229299566,0.9779179810725552,0.9886104783599089,0.9973736047275115,0.6561885666100996,0.7061775997323589
1,0.8171109442462925,0.9845664057821852,0.9772870662460568,0.98828125,0.9973718791064389,0.6506884262072667,0.700549990877911
2,0.7917977215893304,0.9868209965811161,0.9753787878787878,0.9873499837820305,0.9980327868852459,0.5780550638091285,0.6237496523331888
3,0.8717152103559872,0.994695197034835,0.9861198738170347,0.9929169349645847,0.9980582524271845,0.6717957060625571,0.7238650305991249
4,0.9111540519650396,0.9957090923806976,0.9791666666666666,0.9892891918208374,0.9967298888162197,0.6345453322531568,0.6995025115042044
