,AUROC,AUPRC,accuracy,f1,recall,mcc,gmean
0,0.958880706921944,0.9980153021055292,0.9812080536912752,0.9904697072838666,1.0,0.4429716362620794,0.4472135954999579
1,0.9545063868883554,0.9983737166149859,0.9865771812080537,0.99322951929587,1.0,0.35872057083490305,0.3611575592573076
2,0.9709880762512342,0.999096008853531,0.9852348993288591,0.9925373134328358,1.0,0.4271319479507702,0.4303314829119352
3,0.9411609299516909,0.9988497211172719,0.9899328859060402,0.994930719837783,1.0,0.4061839845143419,0.408248290463863
4,0.9683469110658519,0.9996061664189428,0.9905977165883143,0.9952574525745257,0.9972844534962662,0.4699505674359986,0.6115404075456501
