,AUROC,AUPRC,accuracy,f1,recall,mcc,gmean
0,0.8056303120428469,0.9229767859905607,0.8050847457627118,0.8825147347740668,0.9476793248945148,0.35508123647022743,0.5514764875300907
1,0.8015503875968992,0.9263720926270909,0.8135593220338984,0.8889751552795031,0.9509966777408638,0.3517920558377088,0.5448176169873036
2,0.8113129008037057,0.9137724486808219,0.7946544980443285,0.8759354076408035,0.9661164205039097,0.36207565070480635,0.5195259362318125
3,0.8212581012436504,0.925796162914132,0.8259452411994785,0.8958252048380804,0.9663299663299664,0.42542498236889636,0.5764984646547844
4,0.8094644093216428,0.921229323583661,0.8135593220338984,0.8885424785658612,0.9644670050761421,0.38405416193838754,0.5439816292128706
