,AUROC,AUPRC,accuracy,f1,recall,mcc,gmean
0,0.8597926568700127,0.9739981506266895,0.9043414275202355,0.9484944532488114,0.9917149958574979,0.36832209278497524,0.4569268041941206
1,0.8736623393710802,0.9766656127786935,0.905813097866078,0.9494869771112865,0.9958609271523179,0.3701437234061442,0.4297242759947799
2,0.8585240957435472,0.9754843774799471,0.9043414275202355,0.9484944532488114,0.9950124688279302,0.3869788802595457,0.45177994843823854
3,0.8533956404547053,0.9781485126731257,0.9102281089036056,0.9521193092621664,0.9950779327317474,0.34448788693404647,0.4130191139260985
4,0.8744226360546138,0.977252420829183,0.9146431199411332,0.9542586750788643,0.9975267930750206,0.43108059201408855,0.4748351132089273
