,AUROC,AUPRC,accuracy,f1,recall,mcc,gmean
0,0.8381790359602143,0.9947036740541404,0.9768137621540763,0.9882709042754446,0.9992348890589136,-0.004144952943597312,0.0
1,0.8260766006097562,0.9945663357304381,0.9805389221556886,0.9901738473167044,0.9984756097560976,-0.005236918152346542,0.0
2,0.8838575872796405,0.9966662059039633,0.9850411368735976,0.9924528301886792,1.0,0.2992443098254122,0.30151134457776363
3,0.872325480873136,0.9982627936048207,0.9895209580838323,0.9947328818660647,1.0,0.0,0.0
4,0.8205910957423818,0.9963439011076394,0.9895209580838323,0.9947249434815373,0.9984871406959153,0.26343646264825915,0.3776784612595964
