,AUROC,AUPRC,accuracy,f1,recall,mcc,gmean
0,0.8928006746073573,0.9812523541142845,0.8927038626609443,0.94140625,0.9885151763740772,0.3864702661772831,0.4873033342548516
1,0.8989790014795704,0.9825453164884799,0.8912732474964234,0.9411764705882353,0.9918433931484503,0.32758391775968954,0.41592780703558085
2,0.9048620919442919,0.980106950282046,0.8855507868383404,0.9372056514913658,0.9958298582151793,0.41215684179378737,0.469237132203465
3,0.9297846479178715,0.9881395433395321,0.8991416309012875,0.9451575262543758,0.9991776315789473,0.44815277919135205,0.4801868942831484
4,0.8958719775727135,0.9830096433164865,0.8869814020028612,0.9387596899224806,0.9901880621422731,0.3057757614201647,0.40507814979423357
