,AUROC,AUPRC,accuracy,f1,recall,mcc,gmean
0,0.7582728559039664,0.5758055462751513,0.7096774193548387,0.5263157894736842,0.45871559633027525,0.3309172544052863,0.6228711060939498
1,0.7651923927465724,0.6776880521258081,0.7152103559870551,0.5925925925925926,0.5378151260504201,0.3818159235932079,0.6666371805361908
2,0.8054385964912281,0.6732489776850733,0.7516129032258064,0.631578947368421,0.55,0.4618280330318324,0.6952848715681789
3,0.7332824760244114,0.6307988016913673,0.6796116504854369,0.5170731707317073,0.4274193548387097,0.3076825372944979,0.6022697550850019
4,0.8107164541590771,0.7178874246646152,0.7281553398058253,0.6283185840707964,0.5634920634920635,0.42541854208111735,0.6886185496937999
