,AUROC,AUPRC,accuracy,f1,recall,mcc,gmean
0,0.8342175066312997,0.926705783242621,0.7903225806451613,0.8707753479125249,0.9439655172413793,0.3628460621923718,0.5609413270688772
1,0.8524590163934426,0.9499047702353347,0.8705501618122977,0.921875,0.9516129032258065,0.5558708088546512,0.7175005090128042
2,0.8213988095238096,0.9006780227147906,0.8387096774193549,0.9015748031496063,0.9541666666666667,0.48504178205747367,0.6500457859332094
3,0.8788105200239092,0.9496741122541897,0.8478964401294499,0.9080234833659491,0.9707112970711297,0.5148054998078222,0.6449954475158708
4,0.8360131500298864,0.9277231090133544,0.8284789644012945,0.8933601609657947,0.9288702928870293,0.4674833773514498,0.6716885966211149
