,AUROC,AUPRC,accuracy,f1,recall,mcc,gmean
0,0.7063788201847903,0.2820310571484075,0.8451612903225807,0.1724137931034483,0.11904761904761904,0.12066152701243384,0.33787769410877294
1,0.7584833081467235,0.4208241420418676,0.8252427184466019,0.3076923076923077,0.20689655172413793,0.2777695574776914,0.44755138176368947
2,0.8273147096676507,0.4706996861779209,0.8451612903225807,0.2727272727272727,0.17647058823529413,0.26487039545338487,0.4151896753293771
3,0.7203340595497457,0.4177668195236265,0.8414239482200647,0.24615384615384617,0.14814814814814814,0.2795272443721677,0.38262936212236764
4,0.7213903008655035,0.43811919813785294,0.8187702265372169,0.28205128205128205,0.1896551724137931,0.24408400282282222,0.4276152332945699
