,AUROC,AUPRC,accuracy,f1,recall,mcc,gmean
0,0.7125621890547263,0.9754660733051057,0.9469964664310954,0.9727767695099818,1.0,0.0,0.0
1,0.6917190775681341,0.9684773957743108,0.9363957597173145,0.9671532846715328,1.0,0.0,0.0
2,0.5923894113549286,0.9328775033655134,0.9222614840989399,0.9595588235294118,1.0,0.0,0.0
3,0.6166349809885932,0.9533702859831423,0.9293286219081273,0.9633699633699634,1.0,0.0,0.0
4,0.6864427860696518,0.9724489975196948,0.9469964664310954,0.9727767695099818,1.0,0.0,0.0
