,AUROC,AUPRC,accuracy,f1,recall,mcc,gmean
0,0.8749852068817585,0.9708626320069087,0.9090909090909091,0.9492238884504078,0.9874110563765737,0.5601310746767773,0.6483184931750217
1,0.8665336954676626,0.9698389616995481,0.910032972209138,0.9498556051457075,0.9783666846944294,0.5380543209876935,0.6627169861360072
2,0.8653179609061962,0.9668291409300613,0.9085768143261075,0.9490546218487395,0.9842047930283224,0.5426442233261084,0.6452862430828528
3,0.8732908280841912,0.9708260530496102,0.9067357512953368,0.9481403876375065,0.9836956521739131,0.5255717726597167,0.6322459824563186
4,0.8652354617343068,0.9691373658160664,0.910933081998115,0.9510235812386628,0.9823340471092077,0.4965598298696485,0.6156385092580753
