,AUROC,AUPRC,accuracy,f1,recall,mcc,gmean
0,0.9511407179388518,0.9694193270971625,0.8884873515745999,0.9123376623376623,0.9190515126737531,0.7593215660430911,0.8766131612898255
1,0.9413924638074863,0.9602051929974726,0.8688693856479092,0.8969155844155844,0.9193011647254575,0.7186738199553311,0.8502549223265714
2,0.9527402215586522,0.972380542175679,0.8838409912235415,0.9099639855942377,0.9221411192214112,0.7469248023147838,0.867853235288342
3,0.9470726440000183,0.9639901226188632,0.8890036138358286,0.9128496149169031,0.9221949221949222,0.7603813613835524,0.8761490249985039
4,0.9341425900374641,0.9540049827985847,0.8673205988642231,0.8976503385105535,0.9103392568659128,0.7097565774454927,0.8486441336562686
