,AUROC,AUPRC,accuracy,f1,recall,mcc,gmean
0,0.9193491404428905,0.958367936559078,0.8551754775655265,0.8953114964675658,0.9075520833333334,0.6612122002819627,0.8209751631635811
1,0.9249550842090296,0.9637590291732712,0.8582852065748556,0.8999058675870725,0.9227799227799228,0.6602044502872091,0.811983774021752
2,0.9205910722137902,0.9536129754084746,0.8533333333333334,0.8932038834951457,0.9224598930481284,0.6633025815263067,0.8128023552877163
3,0.9214763130560448,0.9586285690361085,0.8538427365615282,0.8945174735492145,0.9147540983606557,0.6587138924238335,0.8148715948096599
4,0.9199622210302931,0.959787413108034,0.8551111111111112,0.8982521847690387,0.9194888178913738,0.6492598886914901,0.8068611587230707
