,AUROC,AUPRC,accuracy,f1,recall,mcc,gmean
0,0.900509259003268,0.9177623317801319,0.8247030878859858,0.847457627118644,0.8520365752285952,0.6414926469367375,0.819522064078616
1,0.8874872080354665,0.9112399881675923,0.8109263657957244,0.8317836010143702,0.8261964735516373,0.6160444127234769,0.808421247176268
2,0.8901452798232425,0.9154876130263405,0.8137767220902613,0.8326216908625107,0.8319112627986348,0.6227730821446263,0.8111961131057589
3,0.885150967861443,0.9131540299552829,0.8085510688836105,0.8317327766179541,0.8163934426229508,0.6104554432089356,0.8070128853778479
4,0.8849378032253444,0.9011814637963064,0.8261282660332542,0.8451776649746193,0.840201850294365,0.6469860080627239,0.8238723729553191
