,AUROC,AUPRC,accuracy,f1,recall,mcc,gmean
0,0.9089884337059582,0.961881289958475,0.8490853658536586,0.8998988877654196,0.9187887130075706,0.5959994286638478,0.7742368714719591
1,0.8997262319561972,0.9566408718338351,0.8434163701067615,0.8963660834454913,0.9282229965156794,0.5834695120784932,0.7553430230331037
2,0.9081591743305657,0.9612951779820686,0.8637519064565328,0.9094594594594595,0.920656634746922,0.6352359827874927,0.8022144994328659
3,0.9093239169682463,0.9609230895643321,0.85866802236909,0.9072096128170895,0.927012278308322,0.6138621642877902,0.7814133924522187
4,0.9058151345860843,0.9614888981216441,0.8485002541942044,0.8982935153583618,0.9202797202797203,0.6047904051624884,0.7777860252283314
