,AUROC,AUPRC,accuracy,f1,recall,mcc,gmean
0,0.4147465437788019,0.17022768965805907,0.8157894736842105,0.0,0.0,0.0,0.0
1,0.33333333333333337,0.13448928785740932,0.8421052631578947,0.0,0.0,0.0,0.0
2,0.5686274509803921,0.1725108225108225,0.918918918918919,0.0,0.0,0.0,0.0
3,0.3125,0.08915584415584416,0.8947368421052632,0.0,0.0,0.0,0.0
4,0.5227272727272727,0.1476190476190476,0.8918918918918919,0.0,0.0,0.0,0.0
