,AUROC,AUPRC,accuracy,f1,recall,mcc,gmean
0,0.17283950617283952,0.07878195978263591,0.9,0.0,0.0,0.0,0.0
1,0.5666666666666667,0.3047826086956522,0.8275862068965517,0.0,0.0,0.0,0.0
2,0.35185185185185186,0.08249158249158249,0.9310344827586207,0.0,0.0,0.0,0.0
3,0.17948717948717946,0.08222222222222222,0.896551724137931,0.0,0.0,0.0,0.0
4,0.25,0.11536204015786593,0.8620689655172413,0.0,0.0,0.0,0.0
