,AUROC,AUPRC,accuracy,f1,recall,mcc,gmean
0,0.8733805008685582,0.9936329162729355,0.9784615384615385,0.9889240506329114,0.9952229299363057,0.6168780707749933,0.7054158099788754
1,0.876056210060874,0.9922061895361195,0.9792147806004619,0.9892387405340773,0.9959871589085072,0.7000676964686907,0.7632552174133823
2,0.8837671951144285,0.9928073547846188,0.9753656658968437,0.9872712808273667,0.9951884522854851,0.6262418838372232,0.7054035909624664
3,0.8630049862623383,0.9946509542433852,0.9822940723633564,0.9909980430528376,0.998422712933754,0.5121181322514201,0.567513738055614
4,0.8824733682639926,0.9935516390375241,0.9792147806004619,0.9893069306930693,0.9968076616121309,0.6436018716218264,0.7059772169171363
