,AUROC,AUPRC,accuracy,f1,recall,mcc,gmean
0,0.8039437450826121,0.9828841890529986,0.9610486891385768,0.9798293250581847,0.993705743509048,0.4565194499461419,0.5572549190869269
1,0.8498870003295824,0.989085102859303,0.9580524344569289,0.9782945736434109,0.9952681388012619,0.4177963450334896,0.502524349445273
2,0.7788007268322229,0.9805555714130622,0.9558052434456928,0.9771936606107461,0.9952755905511811,0.33569028657144395,0.4286527568416076
3,0.7796844357282939,0.9806629270512568,0.952808988764045,0.9755339805825243,0.9936708860759493,0.3699009659636187,0.4732080234758326
4,0.7815345189496864,0.9801191001260182,0.95952023988006,0.9790372670807453,0.99057344854674,0.41879671183735767,0.555463113859796
