,AUROC,AUPRC,accuracy,f1,recall,mcc,gmean
0,0.8861052631578947,0.9721586067391212,0.895067264573991,0.9400307534597643,0.9652631578947368,0.5346421219817722,0.6883723260926049
1,0.8709744503862151,0.9642828663305988,0.8834080717488789,0.9331275720164609,0.9700534759358289,0.5060171484626235,0.6483490620328368
2,0.884645173782554,0.9705555730100535,0.8896860986547085,0.9369554074833418,0.9733759318423855,0.5245120624657852,0.6567971644642887
3,0.8902241262464905,0.9720377511971644,0.8869955156950673,0.9351851851851852,0.9680511182108626,0.5166967468342194,0.6633424722949617
4,0.8567247329305206,0.9600324886593958,0.8825112107623319,0.9324394017534812,0.9689174705251876,0.5083149138551212,0.6526084501765517
