,AUROC,AUPRC,accuracy,f1,recall,mcc,gmean
0,0.7288765258130043,0.9291690180798445,0.8747899159663866,0.9319945230488361,0.9903006789524733,0.2519540080892266,0.35293926267656295
1,0.6608538712734428,0.9126600975014019,0.8798319327731092,0.9342528735632184,0.9873663751214772,0.32611023144687074,0.4360206675593692
2,0.6935714376858196,0.9286177282600518,0.8847771236333053,0.9375284997720018,0.9903660886319846,0.29828771959495315,0.3967482572742025
3,0.728364108852003,0.9367005744464643,0.8638655462184874,0.9256880733944954,0.9786614936954413,0.18310626219404275,0.3419751028141351
4,0.7187290167865709,0.9376665203712519,0.8864592094196804,0.9385525716886663,0.981904761904762,0.2565144387144847,0.4030799546139442
