,AUROC,AUPRC,accuracy,f1,recall,mcc,gmean
0,0.8140666909500315,0.9899917954207325,0.9690949227373068,0.9842223891810669,0.9977151561309977,0.31715770505647306,0.3896488411521825
1,0.8778106406531064,0.9948685961556241,0.9712812960235641,0.9853217914941663,0.9961948249619482,0.37857755053722136,0.4758234071208342
2,0.7398622800306045,0.9843705838064252,0.9617083946980854,0.9804216867469879,0.9961744452945677,0.1748108352315054,0.2795198186939724
3,0.8240617048346056,0.9866504310955009,0.96759941089838,0.9834586466165414,0.9984732824427481,0.29793215808759405,0.35328339941942294
4,0.8207619460709897,0.9884862067600322,0.9609720176730486,0.980022615906521,0.9961685823754789,0.20501526385353303,0.30655858844375916
