,AUROC,AUPRC,accuracy,f1,recall,mcc,gmean
0,0.7341179647590972,0.9861751256240949,0.9741518578352181,0.9868529170090387,1.0,0.36280570329489975,0.36760731104690386
1,0.8041504909796757,0.9930241703729459,0.9757477768795473,0.9877149877149877,0.9983443708609272,0.10098274387607004,0.18554155319151996
2,0.820798755186722,0.9910386071134951,0.9725141471301536,0.9860312243221035,0.995850622406639,0.17744289080446168,0.30555031639751645
3,0.6569761410788382,0.9843791358361575,0.9757477768795473,0.9876948318293683,0.9991701244813278,0.25981652005012407,0.3060591432552285
4,0.7254290743728913,0.9851085067520946,0.9741309620048505,0.9868744872846595,1.0,0.23937284096104025,0.24253562503633297
