,AUROC,AUPRC,accuracy,f1,recall,mcc,gmean
0,0.8720614828209765,0.9750010527813842,0.9156050955414012,0.9536307961504812,0.9855334538878843,0.5243695474440481,0.6278641425938845
1,0.8798238081607987,0.9760944198315917,0.9179936305732485,0.9552757273122015,0.9865470852017937,0.505606650966957,0.6089579258294134
2,0.8751946644999661,0.9756545229029598,0.9020700636942676,0.9455028799291094,0.9753199268738574,0.48991903902767736,0.6303590744967985
3,0.8786225614927905,0.9797041026773322,0.9235668789808917,0.9582608695652174,0.9795555555555555,0.5255031195330166,0.6585562639907019
4,0.8371588199708195,0.9632283422459507,0.8892430278884462,0.9390618149934239,0.9718693284936479,0.36486582331247613,0.5346437319797087
