,AUROC,AUPRC,accuracy,f1,recall,mcc,gmean
0,0.8276916182519486,0.9840498767499477,0.9552772808586762,0.9768946395563771,0.9981114258734656,0.3848931403745945,0.43137984529363604
1,0.8630712365591398,0.9892644089422982,0.9516994633273703,0.9749536178107606,0.9952651515151515,0.37267253586297694,0.4568201271217146
2,0.8471984805318139,0.9852070817060785,0.9463327370304114,0.9720930232558139,0.9924026590693258,0.33164157775790665,0.4455115394845179
3,0.7818801279377,0.9840997503102342,0.9552772808586762,0.9770431588613406,0.9934640522875817,0.15974698508169113,0.290775054139074
4,0.8266628517571025,0.9875867415037807,0.9516562220232766,0.9750462107208873,0.9943449575871819,0.269129120090713,0.37689425526971315
