,AUROC,AUPRC,accuracy,f1,recall,mcc,gmean
0,0.7893675113662679,0.9374715650659393,0.8585496866606983,0.9214711729622267,0.9830328738069989,0.2985271268828802,0.42519131570742513
1,0.7855776367312467,0.9391704353753676,0.8675022381378693,0.9262948207171314,0.9758656873032528,0.33028663386454615,0.4817318971805161
2,0.7697166344618065,0.9277705099809879,0.8442256042972247,0.9127382146439318,0.9859154929577465,0.2974434440365149,0.40952078649964374
3,0.7996841684767683,0.9526054393233789,0.8621307072515667,0.9233067729083665,0.9778481012658228,0.31080313980006646,0.45639785694056295
4,0.7982865756121569,0.9449002193448086,0.8585496866606983,0.9206827309236948,0.9703703703703703,0.31952090283012585,0.4867760310376476
