,AUROC,AUPRC,accuracy,f1,recall,mcc,gmean
0,0.8015813342881012,0.984120681202381,0.964824120603015,0.9817776124953514,0.9924812030075187,0.5028752726527608,0.6148886706845375
1,0.8355323793354353,0.9875845723126694,0.9691091954022989,0.9840208101077667,0.9954887218045113,0.5574087943391786,0.6335666836751357
2,0.74753373980955,0.9732681558948821,0.964824120603015,0.9818181818181818,0.9969856819894499,0.5043543874742711,0.5632252808571746
3,0.776298794489093,0.9832748660912193,0.9719827586206896,0.9855929072774289,0.9955223880597015,0.515341502176873,0.6031157143268345
4,0.8132140826138654,0.9862296920908413,0.9683908045977011,0.9837278106508875,0.9970014992503748,0.4924343216313905,0.5562501760791159
