,AUROC,AUPRC,accuracy,f1,recall,mcc,gmean
0,0.7389352680050354,0.9741469654161858,0.937046004842615,0.9674457429048414,0.9982773471145564,0.10240745341970504,0.15999017174257735
1,0.7894260672886627,0.9819166490048226,0.9539951573849879,0.9763583575279967,0.998303647158609,0.2338110794319635,0.2884301832273293
2,0.7494227839664858,0.9778529813833314,0.9410815173527038,0.9695706544393498,0.9965724078834619,0.11935886362860468,0.20377401779539406
3,0.6712597422444093,0.9676852162385884,0.9467312348668281,0.9725228975853455,0.9965870307167235,0.189667161663601,0.2727126078335897
4,0.7714093842155975,0.9808790819026684,0.9523809523809523,0.9755288262131896,0.995766299745978,0.1610211532395667,0.2620563640011738
