,AUROC,AUPRC,accuracy,f1,recall,mcc,gmean
0,0.8119240774216304,0.9767915986338327,0.943076923076923,0.9705179282868526,0.9934747145187602,0.21347099183724777,0.3277234685521712
1,0.8431301229508198,0.985528918721254,0.9446153846153846,0.9712230215827338,0.9959016393442623,0.3257649200922233,0.40228598831359097
2,0.8336475409836066,0.9850202620720238,0.9361538461538461,0.9668132746901239,0.990983606557377,0.18219509950726306,0.31479892098883966
3,0.8359415675437543,0.9851108367738151,0.94,0.9688498402555911,0.9958949096880131,0.24883972347894545,0.3306138818443602
4,0.8412757455310647,0.9848241993805853,0.9407236335642802,0.9691382765531062,0.9893617021276596,0.26672701065329296,0.4086992691050566
