,AUROC,AUPRC,accuracy,f1,recall,mcc,gmean
0,0.7705846851174419,0.7545249692581283,0.7280701754385965,0.7058823529411765,0.6666666666666666,0.45737851708977584,0.7243118944929795
1,0.7822073354961738,0.7506789026827241,0.7469244288224957,0.7303370786516854,0.7195571955719557,0.4922233227712889,0.7452267682925093
2,0.8090229828368514,0.769174706648006,0.7368421052631579,0.7321428571428571,0.7481751824817519,0.4741758725044539,0.737182511216296
3,0.7413439184844438,0.7289936361599612,0.6783831282952548,0.6772486772486772,0.6552901023890785,0.35827283948922733,0.6786769948020065
4,0.7577854671280277,0.716451870151477,0.70298769771529,0.6976744186046512,0.6964285714285714,0.40579620666982213,0.7028559070676235
