,AUROC,AUPRC,accuracy,f1,recall,mcc,gmean
0,0.9711131788191507,0.9844637672815182,0.9342403628117913,0.9423459244532804,0.9221789883268483,0.8670360158814469,0.9365214398913025
1,0.9855922698645501,0.9910738331117536,0.9410430839002267,0.9522058823529411,0.9664179104477612,0.8759709680813327,0.9335159284189285
2,0.9833518683274022,0.9925485261281184,0.9501133786848073,0.960431654676259,0.9501779359430605,0.8933489353770268,0.950088963805973
3,0.9764398492868038,0.9895319615651479,0.9365079365079365,0.950354609929078,0.9436619718309859,0.8624834296621247,0.9335603580577411
4,0.986009227956029,0.9913786818251057,0.9568181818181818,0.962671905697446,0.953307392996109,0.9117181430707625,0.9575187115046389
