,AUROC,AUPRC,accuracy,f1,recall,mcc,gmean
0,0.8803543310711885,0.8245195552728318,0.8126684636118598,0.7890743550834598,0.7938931297709924,0.6206376637968497,0.8105238793609696
1,0.8776830146793981,0.8325577929734854,0.8066037735849056,0.7810831426392068,0.7734138972809668,0.6080049570774828,0.802814786278549
2,0.8717870086423194,0.8059618115636811,0.7896156439649359,0.758887171561051,0.7756714060031595,0.5728611066635109,0.7877417881530265
3,0.8767499066406811,0.8212430857894557,0.8126684636118598,0.7800632911392406,0.7812995245641838,0.6169208055634454,0.808125906448511
4,0.8817888596676174,0.8381415138486188,0.8118678354686446,0.7762630312750601,0.7492260061919505,0.6155157497372303,0.8028047640599655
