,AUROC,AUPRC,accuracy,f1,recall,mcc,gmean
0,0.686473192326611,0.7059770863084446,0.594059405940594,0.6019417475728155,0.5794392523364486,0.1896672610334461,0.5947797171665987
1,0.651736656200942,0.6289190881767,0.6188118811881188,0.6666666666666666,0.7403846153846154,0.23810351576277397,0.6021937915964948
2,0.7816922169811321,0.7255970087974231,0.7128712871287128,0.7238095238095238,0.7916666666666666,0.43627394296090094,0.7126441154041235
3,0.6554650706436421,0.6682400630742815,0.5841584158415841,0.6379310344827587,0.7115384615384616,0.166507096257419,0.5652134535179401
4,0.7243756243756244,0.6593507862204464,0.6318407960199005,0.6636363636363637,0.8021978021978022,0.304285997330412,0.6275397945996682
