,AUROC,AUPRC,accuracy,f1,recall,mcc,gmean
0,0.7354166666666666,0.7006364548937831,0.6967741935483871,0.7344632768361582,0.8125,0.3984515368360562,0.6825198409814424
1,0.7273595314887116,0.761374942946464,0.6699029126213593,0.7213114754098361,0.7674418604651163,0.32361572246371234,0.6481762147472822
2,0.7252756431673906,0.6994322690257602,0.6645161290322581,0.7111111111111111,0.7804878048780488,0.3258082495206095,0.6457344166549095
3,0.7161592308341065,0.7368344207613899,0.6634304207119741,0.7028571428571428,0.7365269461077845,0.3184269424090975,0.6521643790716014
4,0.7797971259509722,0.7818918022652489,0.7216828478964401,0.7675675675675676,0.8402366863905325,0.43723261650307954,0.6972352113764005
