,AUROC,AUPRC,accuracy,f1,recall,mcc,gmean
0,0.7762212643678161,0.8921767540928531,0.7838709677419354,0.8709055876685935,0.9741379310344828,0.31804136417565076,0.4607733859221712
1,0.8371893178212587,0.9435683284109173,0.8381877022653722,0.9074074074074074,0.9879032258064516,0.3795397167547042,0.47616371962803433
2,0.7905357142857143,0.9046721085774645,0.8161290322580645,0.8918406072106262,0.9791666666666666,0.3769910149436611,0.5017825368480994
3,0.8496712492528392,0.9378824884313239,0.8058252427184466,0.8876404494382022,0.9916317991631799,0.32818699675092505,0.41230331397369097
4,0.821667662881052,0.9262750209982002,0.8058252427184466,0.8863636363636364,0.9790794979079498,0.32897462103986436,0.45804230105057275
