,AUROC,AUPRC,accuracy,f1,recall,mcc,gmean
0,0.7233328768999041,0.5639977308467425,0.6870967741935484,0.39751552795031053,0.29357798165137616,0.24801072012676273,0.5141655785674275
1,0.7364440513047323,0.6341087533977763,0.686084142394822,0.4327485380116959,0.31092436974789917,0.3017358951648893,0.5351426996403185
2,0.6980921052631579,0.5748173252334917,0.635483870967742,0.3615819209039548,0.26666666666666666,0.16985784293532885,0.4812265031857878
3,0.7250871839581516,0.6220688999895012,0.6375404530744336,0.30864197530864196,0.20161290322580644,0.1960315532940404,0.43294977771810345
4,0.729725041200451,0.6378107925306828,0.6601941747572816,0.4262295081967213,0.30952380952380953,0.26754156236538074,0.5282791351668312
