,AUROC,AUPRC,accuracy,f1,recall,mcc,gmean
0,0.7621268656716419,0.37307162167821006,0.8612903225806452,0.0,0.0,-0.022520498961981165,0.0
1,0.720600357191922,0.46604643919228533,0.8187702265372169,0.06666666666666667,0.034482758620689655,0.1679069504781444,0.18569533817705186
2,0.781777575895223,0.4321927859576216,0.8387096774193549,0.07407407407407407,0.0392156862745098,0.13389121894039793,0.19764684252067374
3,0.6978576615831518,0.38195435840090985,0.8317152103559871,0.07142857142857142,0.037037037037037035,0.17539573166267983,0.19245008972987526
4,0.6837134221733755,0.36205662010545636,0.8220064724919094,0.09836065573770492,0.05172413793103448,0.205978920654245,0.227429413073671
