,AUROC,AUPRC,accuracy,f1,recall,mcc,gmean
0,0.8711442786069652,0.9908874170541612,0.9469964664310954,0.9727767695099818,1.0,0.0,0.0
1,0.7427672955974842,0.9783937793634233,0.9363957597173145,0.9671532846715328,1.0,0.0,0.0
2,0.6996691048415186,0.9525188959346661,0.9222614840989399,0.9595588235294118,1.0,0.0,0.0
3,0.745342205323194,0.9537892561239096,0.9328621908127208,0.9651376146788991,1.0,0.21594259809902924,0.22360679774997896
4,0.6904228855721393,0.9723574777561592,0.9540636042402827,0.97632058287796,1.0,0.35660186105408376,0.3651483716701107
