,AUROC,AUPRC,accuracy,f1,recall,mcc,gmean
0,0.8969378277972027,0.9455675067947542,0.8320746334962239,0.8808322824716267,0.9095052083333334,0.6009911845457662,0.7781315968724584
1,0.9119512010473273,0.958169002729109,0.8414038205242115,0.8893709327548807,0.9234234234234234,0.6159183573403108,0.7798128673650545
2,0.9023581008241252,0.9431960598666176,0.8355555555555556,0.881562099871959,0.9204545454545454,0.6201314219244766,0.7836091400066139
3,0.9067262791852955,0.951083174151927,0.8400710795202132,0.8865069356872636,0.921967213114754,0.6224411343722893,0.7848023547581653
4,0.9004766679881532,0.950913834095873,0.8328888888888889,0.883302296710118,0.9092651757188498,0.5929275648318917,0.77372791219887
