,AUROC,AUPRC,accuracy,f1,recall,mcc,gmean
0,0.8804075362222678,0.9083399145536091,0.8123515439429929,0.8338241480858225,0.8237738985868661,0.6186469107461586,0.8103361057647245
1,0.8729085023158738,0.899982216252946,0.797624703087886,0.8190314358538657,0.8094038623005877,0.5897938589038219,0.7957241871381254
2,0.8765478163215289,0.903027510296296,0.8085510688836105,0.8278513455788125,0.8267918088737202,0.6122313659988541,0.8059521313664099
3,0.8762600722422896,0.9088664492946036,0.8061757719714965,0.8282828282828283,0.8065573770491803,0.607348391363344,0.8061034195304007
4,0.8745808558070522,0.8981069032606112,0.8042755344418052,0.8211805555555556,0.7956265769554247,0.6070386672350019,0.805503079251148
