,AUROC,AUPRC,accuracy,f1,recall,mcc,gmean
0,0.8705269308717584,0.9683547706457247,0.8968440885539332,0.9429835980213486,0.9912424740010947,0.47938694648729285,0.5580660079204698
1,0.8689950772364624,0.9732897084946897,0.9029674988224211,0.9467975206611571,0.9913466738777718,0.4714543514312868,0.5512862219945903
2,0.8444141642671056,0.9659470180167479,0.8972667295004713,0.9432587194169704,0.9869281045751634,0.46358551890411104,0.5634477582677082
3,0.858992356736826,0.965751581640225,0.9010833725859633,0.9454828660436138,0.9896739130434783,0.480628252276054,0.5672137593211671
4,0.8409010436864558,0.9690065171123703,0.9033930254476908,0.9475300742257486,0.9908993576017131,0.4198406717646269,0.5074226895138962
