,AUROC,AUPRC,accuracy,f1,recall,mcc,gmean
0,0.9354161942782019,0.9603910810793654,0.8631905007743934,0.892669096800324,0.9010629599345871,0.7043344305267406,0.8481367675194655
1,0.9287836598865835,0.953822972453058,0.8523489932885906,0.8838342810722989,0.9051580698835274,0.6830182514947762,0.8326696622640946
2,0.9284035611590358,0.9595658804949663,0.8549303045947341,0.887374749498998,0.8978102189781022,0.6840458096264127,0.8367430519401636
3,0.9348310982389195,0.9583875973103025,0.8626742385131647,0.8921330089213301,0.9009009009009009,0.7035139703816372,0.8476177711997616
4,0.9241121056852508,0.9546520541689812,0.853381517811048,0.8861267040898155,0.8925686591276252,0.680499353785648,0.8365126406695312
