,AUROC,AUPRC,accuracy,f1,recall,mcc,gmean
0,0.8941827755096586,0.9535375278764544,0.8363821138211383,0.8935185185185185,0.9298004129387474,0.5505405843215995,0.7297973143502754
1,0.8860221110266957,0.9521340997369128,0.8296898830706659,0.8879223820675811,0.9247386759581881,0.5431896866373712,0.7281210964815141
2,0.8852426487518793,0.9520200235228367,0.8337569903406202,0.8923988153998026,0.9274965800273598,0.5367283890500094,0.7222202137054137
3,0.9040044059221257,0.9609827096426354,0.8464667005592272,0.8996677740863788,0.9236016371077762,0.5772691085094893,0.7571879232916221
4,0.8866911487023219,0.9530312794258284,0.8286731062531775,0.8865701783911141,0.920979020979021,0.5449385748144041,0.7326725060044297
