,AUROC,AUPRC,accuracy,f1,recall,mcc,gmean
0,0.5,0.1,0.9,0.0,0.0,0.0,0.0
1,0.5,0.1724137931034483,0.8275862068965517,0.0,0.0,0.0,0.0
2,0.41666666666666663,0.060798548094373864,0.9310344827586207,0.0,0.0,0.0,0.0
3,0.6730769230769231,0.15,0.896551724137931,0.0,0.0,0.0,0.0
4,0.715,0.2390282131661442,0.8620689655172413,0.0,0.0,0.0,0.0
