,AUROC,AUPRC,accuracy,f1,recall,mcc,gmean
0,0.8788261562998405,0.9689309205623025,0.8977578475336323,0.9426559356136821,0.9863157894736843,0.5240312966058911,0.6185232193594371
1,0.8789453357100416,0.9689992047220712,0.8834080717488789,0.9339430894308943,0.9828877005347594,0.492719446764665,0.6003267084369519
2,0.886868888566173,0.9741709063272335,0.8789237668161435,0.9318525996971226,0.9829605963791267,0.4522551253614294,0.5642208726602664
3,0.8597637719043469,0.9617938415431009,0.8798206278026905,0.9321175278622087,0.979765708200213,0.461069489685449,0.5827331185896424
4,0.8714621391470265,0.9646331148085641,0.8753363228699551,0.9297625063163214,0.9860664523043944,0.45058523301293446,0.5508221693500598
