,AUROC,AUPRC,accuracy,f1,recall,mcc,gmean
0,0.8815581675708257,0.979699109099494,0.8996815286624203,0.945264986967854,0.9837251356238698,0.4009899631944844,0.5248266742217697
1,0.8841872594854181,0.981460482539281,0.9036624203821656,0.9475509319462505,0.9802690582959641,0.3992863922684109,0.540365652721702
2,0.9074779380233373,0.981074077626807,0.9012738853503185,0.9456140350877194,0.9853747714808044,0.46565890391518566,0.5731127787445226
3,0.8873960983884648,0.9834594101860258,0.9140127388535032,0.9535283993115319,0.9848888888888889,0.4261973875516718,0.5483880302502947
4,0.874645623524667,0.9783144005057433,0.8940239043824701,0.9419973833406018,0.9800362976406534,0.3785795014976812,0.5186806068298253
