,AUROC,AUPRC,accuracy,f1,recall,mcc,gmean
0,0.8607411696583671,0.9906992523897918,0.9815384615384616,0.990521327014218,0.9984076433121019,0.6695374805091754,0.7065435737844135
1,0.8451497622580938,0.9879064629588462,0.9753656658968437,0.9872915011914217,0.9975922953451043,0.6245850424789122,0.6721159924641616
2,0.8633798038369008,0.9909608310053006,0.9753656658968437,0.9872611464968153,0.9943865276663993,0.6306520592500446,0.7185513771978579
3,0.844052101353414,0.9936842554713355,0.9838337182448037,0.9917808219178083,0.999211356466877,0.5648397564228098,0.5954484599222091
4,0.8707796939519067,0.9909774993554898,0.9830638953040801,0.9912974683544303,1.0,0.7160562637740316,0.7223151185146152
