,AUROC,AUPRC,accuracy,f1,recall,mcc,gmean
0,0.7406926169256203,0.9348251499673171,0.888235294117647,0.9393524851801186,0.9990300678952473,0.3789873642647818,0.41188179773202716
1,0.7546342405640163,0.9379956864539334,0.880672268907563,0.935278030993619,0.9970845481049563,0.31894673590935524,0.3691172957230797
2,0.7198988120302672,0.9255158390185856,0.8839360807401178,0.9373865698729582,0.9951830443159922,0.276538576908612,0.34442864482417296
3,0.7044177662280623,0.9240900825940701,0.8823529411764706,0.9363057324840764,0.9980601357904947,0.3216064073014317,0.3630692264811389
4,0.7037238780404248,0.9278643485267168,0.8982338099243061,0.9453230908269318,0.9961904761904762,0.33935354845206184,0.3970773666182788
