,AUROC,AUPRC,accuracy,f1,recall,mcc,gmean
0,0.7165987802956996,0.982728199072334,0.970113085621971,0.984829848298483,1.0,0.0,0.0
1,0.7821420415620005,0.9914309478653429,0.9765561843168957,0.9881390593047035,1.0,0.0,0.0
2,0.8318983402489627,0.9936912272301444,0.9741309620048505,0.9868959868959869,1.0,0.0,0.0
3,0.7008039419087138,0.9838088062016233,0.9741309620048505,0.9868959868959869,1.0,0.0,0.0
4,0.7461982299154074,0.9869623467763331,0.9725141471301536,0.9860655737704918,1.0,0.0,0.0
