,AUROC,AUPRC,accuracy,f1,recall,mcc,gmean
0,0.7168223679851586,0.9683703386922798,0.9378531073446328,0.9678765123070505,0.9991386735572783,0.12245868136250988,0.16005917764259103
1,0.8447130336443313,0.9879082180873393,0.9523809523809523,0.9755895738518825,1.0,0.12598561345670142,0.12909944487358055
2,0.7497441207274111,0.9771054500571503,0.9418886198547215,0.9700499168053245,0.9991431019708654,0.07594734483923023,0.11780062617564106
3,0.7268032703377313,0.9755043807417481,0.9491525423728814,0.9738045738045739,0.9991467576791809,0.2403505707787214,0.27306261346361693
4,0.7829790650821923,0.983006295482878,0.9539951573849879,0.9764365440264572,1.0,0.12824800843845774,0.13130643285972254
