,AUROC,AUPRC,accuracy,f1,recall,mcc,gmean
0,0.8253667339978144,0.9879496999440414,0.9661515820456218,0.9827844311377245,1.0,0.0,0.0
1,0.823552303860523,0.9917671490195379,0.96759941089838,0.9835329341317365,1.0,0.0,0.0
2,0.7556745728130579,0.9845768679000276,0.9624447717231223,0.9808630393996247,1.0,0.0,0.0
3,0.8078482824427481,0.9901207038524884,0.9646539027982327,0.9820089955022488,1.0,0.0,0.0
4,0.781587508132726,0.9867799449064405,0.9609720176730486,0.9800976342470897,1.0,0.0,0.0
