,AUROC,AUPRC,accuracy,f1,recall,mcc,gmean
0,0.8030281205486468,0.985028576247662,0.9516994633273703,0.9751381215469613,1.0,0.2839614559342557,0.291111254869791
1,0.829140701368524,0.9871674644443834,0.9463327370304114,0.9723247232472325,0.9981060606060606,0.19616794115924005,0.2537596094612761
2,0.822134560596099,0.9827899928741402,0.9481216457960644,0.9731977818853974,1.0,0.31948428290089964,0.3281650616569468
3,0.8028785982478098,0.9888630018532083,0.962432915921288,0.9807692307692307,1.0,0.3199508191833645,0.3261640365267211
4,0.799658341187559,0.982475441390899,0.9534467323187108,0.9760809567617296,1.0,0.26094326490330344,0.2672612419124244
