,AUROC,AUPRC,accuracy,f1,recall,mcc,gmean
0,0.7675887665923136,0.9339466351209003,0.8433303491495077,0.9144254278728606,0.9915164369034994,0.10002014046869102,0.19972128652004334
1,0.7630205000895759,0.9368735383016689,0.8603401969561325,0.923828125,0.9926547743966422,0.21425940206559596,0.3013164370212901
2,0.7641487306072757,0.9281651370590513,0.8290062667860341,0.905864958107442,0.9956663055254604,0.12180212002875918,0.18954182601109365
3,0.7894258857014456,0.9507497010366185,0.855863921217547,0.9214250854075159,0.9957805907172996,0.20141073109486685,0.2659065891131184
4,0.7923741848160453,0.947241863607909,0.8504923903312444,0.9185763042418332,0.9968253968253968,0.15840369703958285,0.21532294802312013
