,AUROC,AUPRC,accuracy,f1,recall,mcc,gmean
0,0.7684217643587725,0.9798623575193619,0.9595505617977528,0.9791505791505791,0.997639653815893,0.3941555330376475,0.45016169837221076
1,0.8435837374640991,0.9858534393486802,0.9602996254681648,0.9795129493621956,0.999211356466877,0.44760872703092347,0.47297360923195053
2,0.7834342822531799,0.9806614999369544,0.9625468164794008,0.9806501547987616,0.9976377952755906,0.4748865338048969,0.5256129069215018
3,0.815865127473703,0.9840538134506579,0.9580524344569289,0.9782945736434109,0.9984177215189873,0.450618532233417,0.4889353375522812
4,0.7313046501744942,0.9734618581439967,0.9640179910044977,0.9814671814671815,0.9984289080911233,0.4550294852420676,0.4954950103364402
