,AUROC,AUPRC,accuracy,f1,recall,mcc,gmean
0,0.765072854697065,0.7863482739146892,0.6964912280701754,0.6778398510242085,0.6523297491039427,0.3928415340104429,0.6942347168800115
1,0.7635590282077317,0.754557643527338,0.680140597539543,0.6604477611940298,0.6531365313653137,0.35827399009685074,0.6784275927563239
2,0.8006695107516276,0.8097621804233078,0.7403508771929824,0.7279411764705882,0.7226277372262774,0.47969214826996737,0.7394953838705361
3,0.7439407429391106,0.7663453638942523,0.6572934973637962,0.627151051625239,0.5597269624573379,0.32650015995457937,0.6525942158534397
4,0.7633279782501237,0.7632118882535224,0.7012302284710018,0.6886446886446886,0.6714285714285714,0.4023336664401985,0.7001518089746533
