,AUROC,AUPRC,accuracy,f1,recall,mcc,gmean
0,0.9684723241216271,0.9325866967587265,0.928923988153998,0.854251012145749,0.8084291187739464,0.8097263135491014,0.8858771172656631
1,0.9698938194931384,0.9451256812131398,0.9447186574531096,0.8923076923076924,0.8656716417910447,0.8559035349563721,0.9178410181664737
2,0.96558708780931,0.937241912036933,0.9437314906219151,0.8810020876826722,0.8683127572016461,0.8443215111710864,0.9165810300051104
3,0.9822290744254691,0.9541591367883621,0.9387956564659428,0.8697478991596639,0.8346774193548387,0.8310931139407046,0.9009798587550961
4,0.964389832242226,0.9214194984589883,0.9298418972332015,0.8582834331337326,0.8269230769230769,0.812785942564254,0.8934946286302801
