,AUROC,AUPRC,accuracy,f1,recall,mcc,gmean
0,0.8389030974708724,0.7715959274338409,0.7388059701492538,0.6391752577319587,0.5391304347826087,0.46463675786766384,0.6922622719317416
1,0.8164670658682635,0.7315967935065439,0.7602996254681648,0.6559139784946236,0.61,0.47677133069583777,0.720196247373269
2,0.8372549019607843,0.7466905043608142,0.7415730337078652,0.6229508196721312,0.5588235294117647,0.43689891262853003,0.6910427678167768
3,0.8780543503082896,0.8497709867407842,0.7415730337078652,0.6387434554973822,0.5258620689655172,0.4777177407610717,0.6907290679802177
4,0.8037025703794369,0.7191924483774036,0.7640449438202247,0.6358381502890174,0.5789473684210527,0.4687364948768618,0.7081878195507869
