,AUROC,AUPRC,accuracy,f1,recall,mcc,gmean
0,0.7097029702970297,0.7007765943365605,0.6616915422885572,0.6792452830188679,0.7128712871287128,0.32464399032344093,0.6594326994838176
1,0.680102657004831,0.6744607187562921,0.6,0.6078431372549019,0.5740740740740741,0.20401665655475698,0.6015947673394252
2,0.7486111111111111,0.717423803874617,0.6616915422885572,0.6730769230769231,0.7291666666666666,0.33101075205728303,0.6614378277661476
3,0.69535,0.6526022371455305,0.63,0.6542056074766355,0.7,0.26258607805520245,0.6260990336999411
4,0.7470953525641026,0.688315052256179,0.685,0.7149321266968326,0.8229166666666666,0.39277665953249347,0.6774468945030266
