,AUROC,AUPRC,accuracy,f1,recall,mcc,gmean
0,0.7399865741776683,0.4706995652947577,0.8455598455598455,0.047619047619047616,0.024390243902439025,0.14355769132745963,0.15617376188860607
1,0.6955135377041843,0.45307824408505865,0.8494208494208494,0.09302325581395349,0.04878048780487805,0.20341583352495304,0.2208630521496931
2,0.7436831875607387,0.3793646191804347,0.8108108108108109,0.0392156862745098,0.02040816326530612,0.07000622011063193,0.14251660091186336
3,0.783900201387335,0.4352982273946854,0.8416988416988417,0.046511627906976744,0.024390243902439025,0.08257936360990066,0.15581515346613609
4,0.7507774538386783,0.44429722849824965,0.8185328185328186,0.0784313725490196,0.04081632653061224,0.18262492202773548,0.20203050891044214
