,AUROC,AUPRC,accuracy,f1,recall,mcc,gmean
0,0.6947612482767264,0.620803508946077,0.6525096525096525,0.2857142857142857,0.1782178217821782,0.22117567367459015,0.41270097589015864
1,0.7773197852760736,0.6718272696582911,0.7027027027027027,0.3937007874015748,0.2604166666666667,0.3327103056979149,0.5008300880499439
2,0.7085707358467693,0.6420798427719538,0.583011583011583,0.21739130434782608,0.13274336283185842,0.10789772371175495,0.35164094141466434
3,0.7423405654174885,0.5824543130842279,0.6756756756756757,0.3225806451612903,0.2222222222222222,0.19653528657074834,0.45145684260664126
4,0.8041452048074564,0.7520438655950917,0.6640926640926641,0.35555555555555557,0.2222222222222222,0.3265034044056044,0.46669820139432144
