,AUROC,AUPRC,accuracy,f1,recall,mcc,gmean
0,0.7280021637216012,0.7555648695744823,0.6525096525096525,0.7169811320754716,0.8085106382978723,0.2940201120124181,0.6138796126828552
1,0.7928383391169079,0.8010294919749441,0.6833976833976834,0.7515151515151515,0.9051094890510949,0.3889332249220468,0.6270592496890207
2,0.7020074528188485,0.6952897196204069,0.6718146718146718,0.7447447447447447,0.8794326241134752,0.34477558355812754,0.6104432343969127
3,0.7777475845410627,0.7894420646102134,0.7104247104247104,0.7720364741641338,0.8819444444444444,0.41529484316962695,0.661163883737928
4,0.7897556277837968,0.7735986634948033,0.7027027027027027,0.7687687687687688,0.9014084507042254,0.4104961318767282,0.645007495736132
