,AUROC,AUPRC,accuracy,f1,recall,mcc,gmean
0,0.9125799573560768,0.994146876780811,0.950354609929078,0.9745454545454545,1.0,0.0,0.0
1,0.8181297709923664,0.9812758521808861,0.9290780141843972,0.9632352941176471,1.0,0.0,0.0
2,0.8569673569673569,0.9828646423921548,0.9252669039145908,0.961038961038961,1.0,0.2050498830661811,0.21320071635561044
3,0.8249045801526718,0.9845695147671821,0.925531914893617,0.9613259668508287,0.9961832061068703,-0.016482048669283756,0.0
4,0.7711342964151953,0.9802816544790228,0.9501779359430605,0.9744525547445255,1.0,0.0,0.0
