,AUROC,AUPRC,accuracy,f1,recall,mcc,gmean
0,0.8748448312831671,0.9275123520128843,0.7695133149678605,0.8529584065612185,0.9898028552005439,0.4542330969418991,0.5549782774704802
1,0.8559612478804397,0.9171049909279688,0.783287419651056,0.8622300058377116,0.9946127946127946,0.4861906488028605,0.5732949876011101
2,0.8644940970422241,0.9282332207510096,0.7768595041322314,0.8579777907656342,0.9845741113346748,0.455218777882702,0.5665912283105843
3,0.8852979442135049,0.9376645330186855,0.7699724517906336,0.8542333430317137,0.9912221471978393,0.4487902315830902,0.5451829339888539
4,0.8722095244677227,0.9332341203335325,0.7773186409550046,0.8601902565580859,0.9913621262458472,0.45022886544942586,0.5441349957263991
