,AUROC,AUPRC,accuracy,f1,recall,mcc,gmean
0,0.8516139405717327,0.8707954529634294,0.7776126795443289,0.808037622915776,0.8460161145926589,0.5481381302399854,0.7656425439605663
1,0.8554086232667599,0.8864713170711551,0.7701832590391283,0.7998274374460742,0.8254674977738201,0.5320831373177353,0.7606341255776379
2,0.8509890644467941,0.8756658130181348,0.7720515361744301,0.803082191780822,0.8427672955974843,0.5372615287018012,0.7598456685918756
3,0.8565794490037522,0.8884404443012728,0.7835562159484893,0.8152219873150106,0.8317515099223468,0.5549014370819074,0.7731109258326857
4,0.8295761414253897,0.8554277972933586,0.7581764122893955,0.7867132867132867,0.8035714285714286,0.5084167421688878,0.7508347247992498
