,AUROC,AUPRC,accuracy,f1,recall,mcc,gmean
0,0.654320987654321,0.2698412698412698,0.9,0.0,0.0,0.0,0.0
1,0.6333333333333333,0.3254385964912281,0.8275862068965517,0.0,0.0,0.0,0.0
2,0.24074074074074076,0.06631578947368422,0.8620689655172413,0.0,0.0,-0.07407407407407407,0.0
3,0.6538461538461539,0.18518518518518517,0.896551724137931,0.0,0.0,0.0,0.0
4,0.6799999999999999,0.4694940476190476,0.8620689655172413,0.0,0.0,0.0,0.0
