,AUROC,AUPRC,accuracy,f1,recall,mcc,gmean
0,0.3986175115207373,0.1853145728145728,0.8157894736842105,0.0,0.0,0.0,0.0
1,0.7083333333333333,0.3135582010582011,0.8421052631578947,0.0,0.0,0.0,0.0
2,0.6764705882352942,0.14835858585858586,0.918918918918919,0.0,0.0,0.0,0.0
3,0.5919117647058824,0.23700105042016806,0.8947368421052632,0.0,0.0,0.0,0.0
4,0.3409090909090909,0.109676352619901,0.8918918918918919,0.0,0.0,0.0,0.0
