,AUROC,AUPRC,accuracy,f1,recall,mcc,gmean
0,0.8440959193245778,0.9878043107601756,0.9745824255628177,0.9868371568258744,1.0,0.6704819159808549,0.6793662204867574
1,0.8120853279583438,0.9876514962196292,0.9760348583877996,0.9876727680239074,0.999244142101285,0.615922377885765,0.6380434666231788
2,0.78489233223197,0.9825337408664065,0.9702251270878722,0.9845806694245958,0.999236641221374,0.6131314211838013,0.6345687137201881
3,0.8006754830986719,0.9876403568992799,0.9803921568627451,0.98989898989899,0.9992447129909365,0.6933307601530706,0.7134768345296693
4,0.7663475026704245,0.9816602483706539,0.9723837209302325,0.9857784431137725,1.0,0.5881754337434885,0.5966005392134929
