,AUROC,AUPRC,accuracy,f1,recall,mcc,gmean
0,0.7140645278808715,0.9842895983977522,0.9705882352941176,0.9850622406639005,1.0,0.16196130555790833,0.1643989873053573
1,0.8043297252289757,0.9941790138229334,0.982011447260834,0.990924092409241,1.0,0.0,0.0
2,0.8088549801754175,0.9915255842452827,0.9714052287581699,0.985495234148363,1.0,0.0,0.0
3,0.7434928631402182,0.9861766905253256,0.9738348323793949,0.9867439933719967,1.0,0.0,0.0
4,0.7976797110770296,0.9919616111129606,0.9721995094031071,0.9859038142620232,1.0,0.0,0.0
