,AUROC,AUPRC,accuracy,f1,recall,mcc,gmean
0,0.7840784571553802,0.983910086254943,0.9538461538461539,0.9763560500695411,1.0,0.13543408472149035,0.1386750490563073
1,0.8047208931419457,0.9804728812747067,0.9493212669683257,0.9739049394221808,1.0,0.2515468343466387,0.2581988897471611
2,0.8004830917874396,0.9779918535014498,0.9393665158371041,0.9686476368741226,1.0,0.2006277418403432,0.20701966780270625
3,0.8306213017751479,0.9901249744375374,0.9529411764705882,0.9759036144578314,1.0,0.0,0.0
4,0.7725616214566542,0.9838024053950187,0.9528985507246377,0.9758588672237697,1.0,0.13408360160933414,0.13736056394868904
