,AUROC,AUPRC,accuracy,f1,recall,mcc,gmean
0,0.8536480469540579,0.9770081082017098,0.8864734299516909,0.9396662387676509,1.0,0.13587667104273704,0.14433756729740643
1,0.9079479803284951,0.9845185009705393,0.8768115942028986,0.9343065693430657,1.0,0.0754515553172134,0.08058229640253803
2,0.8743237440961785,0.9799169393869548,0.892914653784219,0.9432351685872813,1.0,0.16143233507152768,0.1708715315433522
3,0.8889164280542927,0.9814703234877975,0.8888888888888888,0.9410760034158838,0.99909338168631,0.08658627167622598,0.11989764109777229
4,0.8614101526364477,0.9748546649439858,0.8718775181305399,0.9314950452391211,1.0,0.07381455621811608,0.07905694150420949
