,AUROC,AUPRC,accuracy,f1,recall,mcc,gmean
0,0.8059989567031822,0.9843892134127332,0.9463452566096423,0.9723889555822329,1.0,0.16326438268873017,0.16783627165933782
1,0.7990898106330719,0.9783242565297918,0.9362363919129082,0.9670152855993563,1.0,0.14929493593707233,0.1543033499620919
2,0.7700569332237435,0.9775539588205505,0.935408560311284,0.9666264575794129,1.0,0.0,0.0
3,0.8021753188832396,0.9836220014751355,0.942457231726283,0.9703763010408326,1.0,0.0,0.0
4,0.8053112947658402,0.9811365020716247,0.9424124513618677,0.9703287890938251,1.0,0.11209327076121955,0.11547005383792516
