,AUROC,AUPRC,accuracy,f1,recall,mcc,gmean
0,0.9338418430884183,0.9968560500929519,0.9859922178988327,0.9927826784282278,0.9975825946817083,0.7663218303460841,0.81086226895943
1,0.8103781248563064,0.9839499242769314,0.969626168224299,0.9843561973525873,0.9967506092607636,0.515640945096772,0.5818239208242286
2,0.828219119292491,0.9852835936716688,0.9758566978193146,0.9875651825110309,1.0,0.6363158696396054,0.644278153923165
3,0.881722520873842,0.9951323181395939,0.9828660436137072,0.9912559618441972,0.9983987189751802,0.6082750243279008,0.654129318464688
4,0.844557718051694,0.9909901834319264,0.9828660436137072,0.991207034372502,0.9959839357429718,0.6699194129874458,0.7495579310217282
