,AUROC,AUPRC,accuracy,f1,recall,mcc,gmean
0,0.8402745980870981,0.9622139454015661,0.8496376811594203,0.9185475956820413,1.0,0.10055588302321336,0.10910894511799618
1,0.8486810881023155,0.9627687455968363,0.8504079782411604,0.9185989146521953,1.0,0.18593209380589637,0.20173664619648224
2,0.8457490448667712,0.960892510989389,0.8460144927536232,0.9160908193484699,1.0,0.16974309216373873,0.1846372364689991
3,0.8354348994319055,0.9578830000308372,0.8504079782411604,0.918918918918919,0.9989316239316239,0.10074961596626932,0.13395849906529103
4,0.8400424213318698,0.954194950922224,0.828649138712602,0.9060169070114371,1.0,0.11375561924182431,0.125
