,AUROC,AUPRC,accuracy,f1,recall,mcc,gmean
0,0.715028446752099,0.974551695794272,0.9495934959349593,0.9741451209341118,1.0,0.0,0.0
1,0.7486544986544986,0.9750257801088889,0.9397884458909682,0.9689597315436241,1.0,0.0,0.0
2,0.744872426969062,0.9763583980218342,0.9430431244914564,0.9706867671691792,1.0,0.0,0.0
3,0.7651447085409349,0.9814778564412853,0.9487388120423108,0.9736951983298539,1.0,0.0,0.0
4,0.7614010727218273,0.979571755898893,0.9487388120423108,0.9736951983298539,1.0,0.0,0.0
