,AUROC,AUPRC,accuracy,f1,recall,mcc,gmean
0,0.768716274969923,0.9800880596317221,0.9537878787878787,0.9762368523568368,1.0,0.2922241316057854,0.2992528008322899
1,0.8506717896670051,0.9884497163088722,0.9568181818181818,0.9777777777777777,1.0,0.3611575592573076,0.3692744729379982
2,0.7595281188557143,0.9779682259996467,0.956060606060606,0.9774844720496895,1.0,0.21682816150707926,0.22176638128637186
3,0.7822553551361808,0.9805968820150683,0.9553030303030303,0.976962124170246,1.0,0.37202186161043943,0.38069349381344053
4,0.7667196187450357,0.9796522349001924,0.9605761940864291,0.9797665369649805,1.0,0.35783341033929045,0.3651483716701107
