,AUROC,AUPRC,accuracy,f1,recall,mcc,gmean
0,0.6890839109859016,0.9230311719752181,0.8751062022090059,0.9326614750343564,1.0,0.25680471142584393,0.27472112789737807
1,0.7233561892652802,0.9298070583178077,0.8615123194562447,0.9247113163972286,1.0,0.25203211899168015,0.2717786532523045
2,0.7192815166412386,0.9387437924889807,0.8912489379779099,0.9420289855072463,0.9990393852065321,0.22714992020983796,0.2571242899681178
3,0.705452040842974,0.9261859432637843,0.8785046728971962,0.9347329986307622,0.9961089494163424,0.19391491492421073,0.2585593735010546
4,0.6759261877828054,0.9268889475172344,0.8937074829931972,0.9432591920108943,0.9990384615384615,0.26693668063596404,0.29690141880544757
