,AUROC,AUPRC,accuracy,f1,recall,mcc,gmean
0,0.7838157266074887,0.7780107808707329,0.6938053097345133,0.6279569892473118,0.5488721804511278,0.38833109242729547,0.6719973632069662
1,0.7781263359066563,0.7693079184016773,0.7256637168141593,0.6790890269151139,0.6165413533834586,0.4508189250434596,0.7122181961807815
2,0.7815335070923763,0.7782578586142577,0.6920353982300885,0.65748031496063,0.594306049822064,0.3906460307960073,0.6846520529893071
3,0.7679439931809064,0.7863959390106573,0.6778761061946903,0.6330645161290323,0.5451388888888888,0.3742016199091261,0.6669110562883172
4,0.7753083312358419,0.7810933976697856,0.6843971631205674,0.6482213438735178,0.5985401459854015,0.36976950690039434,0.6768994027250388
