,AUROC,AUPRC,accuracy,f1,recall,mcc,gmean
0,0.9479456690612069,0.9025826834353431,0.8754940711462451,0.6881188118811881,0.5366795366795367,0.6585253571359149,0.7296596505974403
1,0.9576824866615563,0.9307977756951652,0.900197628458498,0.765661252900232,0.6273764258555133,0.7347499630499863,0.7904831242203636
2,0.946756364330076,0.9057373153587477,0.8961424332344213,0.7381546134663342,0.5991902834008097,0.7070975789989155,0.7710282748037691
3,0.9700375724383876,0.9349852327601988,0.8972332015810277,0.7360406091370558,0.5894308943089431,0.7107744753509615,0.76623913905619
4,0.9480791826309067,0.9033451051524122,0.8803165182987142,0.7027027027027027,0.5478927203065134,0.6771418407942525,0.7387158786876639
