,AUROC,AUPRC,accuracy,f1,recall,mcc,gmean
0,0.830976780661502,0.8074253945483317,0.7547169811320755,0.723404255319149,0.6960629921259842,0.5049311115084893,0.748480442947049
1,0.8399276377217553,0.8181828073751188,0.7547169811320755,0.7287319422150883,0.7206349206349206,0.5050486447706373,0.7513731311463306
2,0.8425713261128495,0.8104669210495714,0.7588961510530138,0.7181663837011885,0.6889250814332247,0.5095685836814026,0.7494090294247263
3,0.8251134936733313,0.7778988143627493,0.7496371552975326,0.7043701799485861,0.6907563025210084,0.4876835743724759,0.7407586634018795
4,0.8137412775093934,0.7832260712368301,0.7240377632534495,0.6724137931034483,0.6280193236714976,0.4393356109330316,0.7101007170800617
