,AUROC,AUPRC,accuracy,f1,recall,mcc,gmean
0,0.8270274129069104,0.7687688280838492,0.6569037656903766,0.3787878787878788,0.24271844660194175,0.3235071474747183,0.4853655001755977
1,0.8838430645659562,0.7816529007512731,0.7322175732217573,0.4576271186440678,0.3253012048192771,0.36900577237901094,0.5555349599724771
2,0.7931321464756115,0.7222444484517263,0.6736401673640168,0.4264705882352941,0.29591836734693877,0.31216667510832696,0.5263363572094735
3,0.823457850293402,0.7816043429840134,0.6694560669456067,0.40601503759398494,0.2647058823529412,0.3467009234661733,0.5069292292343434
4,0.8544352959453162,0.7657683042364187,0.7573221757322176,0.48214285714285715,0.32926829268292684,0.4444355468267475,0.5683102514184744
