,AUROC,AUPRC,accuracy,f1,recall,mcc,gmean
0,0.7041584158415841,0.6660114943261125,0.6915422885572139,0.696078431372549,0.7029702970297029,0.3830841012906558,0.6913897612636435
1,0.701791465378422,0.7209976005129933,0.69,0.7102803738317757,0.7037037037037037,0.3770858004032901,0.688647300633559
2,0.7383928571428571,0.6451064255443655,0.7313432835820896,0.7326732673267327,0.7708333333333334,0.4663027869518088,0.7320605838403665
3,0.6779000000000001,0.6331198736325988,0.64,0.6210526315789474,0.59,0.28141058827257937,0.6380438856379708
4,0.786308092948718,0.7094286582110554,0.74,0.7475728155339806,0.8020833333333334,0.4868279208318115,0.7399838659017315
