,AUROC,AUPRC,accuracy,f1,recall,mcc,gmean
0,0.8080598629642987,0.8116945519867471,0.7374517374517374,0.7605633802816901,0.7659574468085106,0.47005410473669196,0.7340072742741329
1,0.7869749910254876,0.7807900490661848,0.7258687258687259,0.7609427609427609,0.8248175182481752,0.4515358657763428,0.7120814207256995
2,0.753245582401731,0.8022150146767946,0.6640926640926641,0.6968641114982579,0.7092198581560284,0.32074163628782265,0.6578330489043531
3,0.7793176328502416,0.8036642894506311,0.7258687258687259,0.7526132404181185,0.75,0.4452758919308207,0.7223151185146152
4,0.8183459732755507,0.8112371706697636,0.7953667953667953,0.8239202657807309,0.8732394366197183,0.586842627444188,0.7823132135702682
