,AUROC,AUPRC,accuracy,f1,recall,mcc,gmean
0,0.8868382487635097,0.9605416607199126,0.8803088803088803,0.9260143198090692,0.941747572815534,0.6156909814889079,0.7772644031294816
1,0.8090909090909091,0.9366118528236209,0.8687258687258688,0.9234234234234234,0.9808612440191388,0.5184243297464733,0.6263740875927544
2,0.8507627118644068,0.931127803990201,0.8301158301158301,0.8952380952380953,0.94,0.46630852566156034,0.6558730757741346
3,0.8179173180475942,0.9366549775709468,0.8108108108108109,0.8847058823529412,0.9306930693069307,0.37922754087934935,0.5993453669257038
4,0.8632968560013896,0.9436002918255915,0.8764478764478765,0.9241706161137441,0.9653465346534653,0.6102025928788432,0.7361718085713951
