,AUROC,AUPRC,accuracy,f1,recall,mcc,gmean
0,0.8172409935108527,0.4748109214631878,0.8571428571428571,0.3018867924528302,0.1951219512195122,0.30697132737364863,0.4376548091031113
1,0.7887670619825463,0.41781153380845903,0.8494208494208494,0.3389830508474576,0.24390243902439024,0.29742401593697926,0.48471836235417337
2,0.7810495626822156,0.44215356597329813,0.8146718146718147,0.25,0.16326530612244897,0.2178628482806143,0.39726959265931827
3,0.7911725218169612,0.45595333882827616,0.8571428571428571,0.32727272727272727,0.21951219512195122,0.3173251735984965,0.4631171684871924
4,0.7408163265306122,0.45311373431225815,0.806949806949807,0.3055555555555556,0.22448979591836735,0.23041223692808235,0.4600671772471656
