,AUROC,AUPRC,accuracy,f1,recall,mcc,gmean
0,0.774971800977566,0.6866819417341838,0.6988416988416989,0.5617977528089888,0.49504950495049505,0.34591722750916754,0.6406656207795359
1,0.7962039877300614,0.6837183738864396,0.7451737451737451,0.6526315789473685,0.6458333333333334,0.4515096599171358,0.7204470607061727
2,0.7884592071766274,0.703213548666065,0.7104247104247104,0.6411483253588517,0.5929203539823009,0.4048575405832433,0.6893101644752021
3,0.7821827744904667,0.6174486928221512,0.7413127413127413,0.6127167630057804,0.5888888888888889,0.41976494545591864,0.695954308656118
4,0.8330880549423596,0.7689948800000552,0.7760617760617761,0.7184466019417476,0.6851851851851852,0.5350103490547683,0.7591321226195331
