,AUROC,AUPRC,accuracy,f1,recall,mcc,gmean
0,0.9472596579032,0.9667196390014061,0.8811720021703744,0.90572535514421,0.9131944444444444,0.7452617273405882,0.8694420106441659
1,0.9466929032337286,0.9596244630426891,0.8854505971769815,0.905761500669942,0.9176470588235294,0.7602175497304365,0.8764894168334579
2,0.9581105613853089,0.9704792045611097,0.8984799131378935,0.9185185185185185,0.9278169014084507,0.7842021305525391,0.8887221925991508
3,0.9538108843261239,0.9689968040077241,0.8919652551574375,0.9146289146289146,0.9142367066895368,0.7675489502611479,0.8833725213516023
4,0.9450878253338235,0.9618263336371964,0.8789359391965255,0.9033376679670568,0.9180616740088106,0.7421857544349848,0.8655937827590834
