,AUROC,AUPRC,accuracy,f1,recall,mcc,gmean
0,0.8994262278608935,0.9522596581575526,0.847953216374269,0.8990112994350282,0.9264919941775837,0.5968646624751076,0.7670872983721151
1,0.8954184058835222,0.9543045977179949,0.8410419989367358,0.8927931158121191,0.9120879120879121,0.5879921693054259,0.7718065317354529
2,0.8993106695491646,0.9538521641427725,0.8617756512493354,0.9075391180654339,0.9286754002911208,0.6369999726639138,0.7949458357994618
3,0.9146384987335943,0.9618314665875978,0.8692185007974481,0.9123307198859587,0.9302325581395349,0.6572664748375747,0.8086568231963726
4,0.9021723107626192,0.957153962430175,0.8526595744680852,0.9003955411722402,0.9192364170337739,0.6198285592513099,0.7892276445124397
