,AUROC,AUPRC,accuracy,f1,recall,mcc,gmean
0,0.8813477372237621,0.9768758259785101,0.9191176470588235,0.9546578730420445,0.9763912310286678,0.5948616459574239,0.7185073658611767
1,0.8850674674033894,0.9738400120893287,0.9196078431372549,0.9550191991223258,0.9825056433408578,0.6007702381019117,0.7035047174708854
2,0.8838719211822661,0.9748381762940972,0.8980392156862745,0.9427627958172813,0.9788571428571429,0.5114348346870508,0.6337735916849497
3,0.8707399579710611,0.9722980104952414,0.9029411764705882,0.9453340695748206,0.9749430523917996,0.5362500796779538,0.6680394818678568
4,0.8667063168828033,0.9721438517792251,0.9024031387935263,0.9456135556162886,0.9730033745781778,0.4929074758087577,0.6403733681130908
