,AUROC,AUPRC,accuracy,f1,recall,mcc,gmean
0,0.8903287630988137,0.9070373953999487,0.8197127290737989,0.8385093167701864,0.8460161145926589,0.6346377811011692,0.8160470953438014
1,0.8970680018445492,0.9177997840874788,0.8276374442793462,0.8445040214477212,0.8414959928762245,0.6511971673654356,0.8257343125619276
2,0.892869800896487,0.9103667026841301,0.8107036669970268,0.8308237378210807,0.8427672955974843,0.6163923851233979,0.806226852305199
3,0.9014000642093224,0.9210237445875542,0.8256562654779593,0.8470894874022589,0.8412424503882657,0.644431507009717,0.8227434082955717
4,0.8806922128539613,0.8977714340928137,0.8037661050545094,0.8230563002680965,0.8223214285714285,0.6028131916155005,0.8012012983775016
