,AUROC,AUPRC,accuracy,f1,recall,mcc,gmean
0,0.9224834302406641,0.9580979006014906,0.8549127640036731,0.8941018766756033,0.9068660774983005,0.6645893183226489,0.8229602008033118
1,0.9234888568221902,0.9611692550293647,0.859504132231405,0.8991430454845089,0.9185185185185185,0.6696307590398255,0.8205578359896706
2,0.9145655104816185,0.9577893875699688,0.8452708907254362,0.8874791318864774,0.8913480885311871,0.6399437642539573,0.8150425474717143
3,0.9297437556732481,0.9629268592180639,0.8686868686868687,0.9054857898215466,0.925050641458474,0.6924227873454375,0.8323416302470746
4,0.9254797036130187,0.9626198915762153,0.8636363636363636,0.9039145907473309,0.9282392026578073,0.6724202754491182,0.8170433541891361
