,AUROC,AUPRC,accuracy,f1,recall,mcc,gmean
0,0.3870967741935484,0.1668021641350103,0.8157894736842105,0.0,0.0,0.0,0.0
1,0.38020833333333337,0.14636934728846496,0.8421052631578947,0.0,0.0,0.0,0.0
2,0.7549019607843137,0.4621212121212121,0.918918918918919,0.0,0.0,0.0,0.0
3,0.47058823529411764,0.14576023391812865,0.8947368421052632,0.0,0.0,0.0,0.0
4,0.2121212121212121,0.08452380952380953,0.8918918918918919,0.0,0.0,0.0,0.0
