,AUROC,AUPRC,accuracy,f1,recall,mcc,gmean
0,0.8156691320642326,0.9534917371062742,0.8620378719567178,0.9222955815134586,0.9690501600853789,0.353354359114609,0.5200313479152237
1,0.830856174404994,0.9556045668482904,0.8844765342960289,0.934156378600823,0.9742489270386266,0.49810668478917836,0.6313132180170747
2,0.8419595122244249,0.9614548720987715,0.8638412984670875,0.9229984701682815,0.9731182795698925,0.38732789625053476,0.5367774151286572
3,0.82842167721519,0.9612925717640658,0.8736462093862816,0.9290060851926978,0.9662447257383966,0.3867520353673781,0.56038338293081
4,0.8199323515325672,0.9499774318821969,0.868231046931408,0.9252049180327869,0.9730603448275862,0.4192310965877059,0.5647544222680017
