,AUROC,AUPRC,accuracy,f1,recall,mcc,gmean
0,0.7909005628517825,0.9807658802199076,0.9738562091503268,0.9864253393665159,0.9969512195121951,0.6618430943207462,0.7114383074383939
1,0.8234371938075642,0.9868179370743417,0.9745824255628177,0.9869256630556593,0.99848828420257,0.58672903097854,0.6231380259718633
2,0.7368576962515666,0.9752170433772543,0.9651416122004357,0.9818867924528302,0.9931297709923664,0.5468951928808774,0.6442354439802206
3,0.8375705409565068,0.9891294526585144,0.9796659404502541,0.9895131086142323,0.9977341389728097,0.6821722337530999,0.7260198538170831
4,0.7992612897828912,0.9859919250501603,0.9723837209302325,0.9857464366091523,0.9977220956719818,0.5908149122256391,0.6370659745007332
