,AUROC,AUPRC,accuracy,f1,recall,mcc,gmean
0,0.9192199582824583,0.978759565046058,0.9085144927536232,0.9472033455305803,0.967948717948718,0.6139069504487351,0.7475795292978216
1,0.9308945120275772,0.9843762115025607,0.9038984587488668,0.9442105263157895,0.9634801288936627,0.6050928748840532,0.7484402886241831
2,0.8991967084639497,0.9753011622542153,0.9103260869565217,0.9479768786127167,0.9719827586206896,0.6349683601482117,0.7542087369989274
3,0.9137878089973899,0.9821106359750797,0.9020852221214869,0.9434554973821989,0.9626068376068376,0.586109711845624,0.7360887196553474
4,0.9104321030003658,0.9744845197556964,0.8966455122393472,0.9396825396825397,0.9747530186608123,0.6011285095839339,0.7160731125553438
