,AUROC,AUPRC,accuracy,f1,recall,mcc,gmean
0,0.8617454860083335,0.9944041953258698,0.9705882352941176,0.9850498338870431,0.9991575400168492,0.1842527725107943,0.23239732286880252
1,0.8774127620921959,0.9971000201870502,0.9811937857726901,0.9904919388176933,0.9975020815986678,0.18415408117164137,0.30113453375204363
2,0.7912531539108494,0.9905006125730109,0.9730392156862745,0.9863013698630136,0.9991589571068125,0.24784823722908605,0.2926468799140716
3,0.8166456759026028,0.9932369468999367,0.9746524938675388,0.9871422646204894,0.9991603694374476,0.19897405450353128,0.2498950241398185
4,0.7695295107109287,0.9878960013735606,0.9730171708912511,0.9862785862785863,0.9974768713204374,0.2508881711035288,0.34256418399381094
