,AUROC,AUPRC,accuracy,f1,recall,mcc,gmean
0,0.9317632407882207,0.9961445943429367,0.9875486381322958,0.993574297188755,0.9967767929089444,0.7978991997418209,0.8514273760345332
1,0.864368591266496,0.9922575617861048,0.9742990654205608,0.9867523083099157,0.9983753046303818,0.6073229575066315,0.643754563301187
2,0.8747221924191101,0.9916463967870283,0.971183800623053,0.9851584436421982,0.9975629569455727,0.5458096762324804,0.598010793459195
3,0.8684662015326546,0.9936407721622749,0.9820872274143302,0.9908330011956955,0.9951961569255404,0.6125662753155804,0.7154125847501211
4,0.8994336319637525,0.9956013807129931,0.9867601246105919,0.9932135728542915,0.9991967871485944,0.7462724613444749,0.7676391731232022
