,AUROC,AUPRC,accuracy,f1,recall,mcc,gmean
0,0.709048448678504,0.9184701235214769,0.881053525913339,0.9349442379182156,0.9882121807465619,0.33374248204471374,0.4389422506330863
1,0.7119812006175642,0.9188025387271381,0.8708581138487681,0.9285714285714286,0.987012987012987,0.34875623310275955,0.45551843915053464
2,0.7479622252359157,0.9441196719562412,0.903143585386576,0.9474169741697417,0.9865513928914506,0.3982598304454876,0.511024419124815
3,0.7305839187318832,0.9371026205213844,0.8937977909940527,0.9422632794457275,0.9922178988326849,0.3798517571866152,0.46162081509666514
4,0.7143983314479638,0.9365202996300377,0.8971088435374149,0.944367816091954,0.9875,0.33714219098000775,0.4508977972106448
