,AUROC,AUPRC,accuracy,f1,recall,mcc,gmean
0,0.8698828158412455,0.9939793073058882,0.9709821428571429,0.9851767388825542,0.9976905311778291,0.3780541112780567,0.4466968840674466
1,0.8336531082118189,0.9928919098368976,0.9687267311988086,0.9840667678300455,0.9953952417498081,0.188631336457591,0.31549884972053516
2,0.8400512026673017,0.9909302337189605,0.9620535714285714,0.9805714285714285,0.9961300309597523,0.2387005516962047,0.3390251915350186
3,0.839566898685228,0.9920679886404511,0.9650037230081906,0.9820952380952381,0.9969064191802011,0.28758062361849995,0.3735865344003022
4,0.8265506762795686,0.9908489246740204,0.9590469099032017,0.979047619047619,0.9953524399690162,0.12543190298865042,0.2396334267771959
