,AUROC,AUPRC,accuracy,f1,recall,mcc,gmean
0,0.8799679973689538,0.9809998373400166,0.9049919484702094,0.9474621549421193,0.9690346083788707,0.46687285068316897,0.6354245983260821
1,0.9079867742551566,0.9818312959409212,0.9049919484702094,0.947085201793722,0.9705882352941176,0.4992218192747793,0.6546536707079771
2,0.8985830828681838,0.9801766521968049,0.9210950080515298,0.9568661971830986,0.983710407239819,0.5257560282316769,0.6397507111017956
3,0.8904035429861008,0.9772968644469067,0.9259259259259259,0.95929203539823,0.9827742520398912,0.5713466839399919,0.6831112733368908
4,0.8737367021276594,0.9748335077488535,0.9024979854955681,0.9454709328526363,0.9703977798334875,0.5030815988163256,0.6562118673120062
