,AUROC,AUPRC,accuracy,f1,recall,mcc,gmean
0,0.8690546571610733,0.9903574772259045,0.9502332814930016,0.9741309620048505,0.9917695473251029,0.36831718286214415,0.4873047793230444
1,0.8565337532683622,0.9837592110923199,0.9393468118195957,0.9682926829268292,0.9908485856905158,0.3271493458958048,0.4478045114080097
2,0.8360663953651545,0.9848784534713932,0.9424124513618677,0.9698697068403909,0.9908485856905158,0.3713628064889759,0.4886294049145142
3,0.8495004905895995,0.9870290645639159,0.9510108864696734,0.9745865268253328,0.9966996699669967,0.3848862386799056,0.4494816090622641
4,0.8922203856749311,0.9917731876644698,0.9470817120622568,0.9724473257698542,0.9917355371900827,0.3569917096246963,0.47412381128746534
