,AUROC,AUPRC,accuracy,f1,recall,mcc,gmean
0,0.8454598582803711,0.9898757175393174,0.9601809954751132,0.9794776119402985,0.9971509971509972,0.395129974857057,0.4592774628248863
1,0.8895374800637958,0.992429683329172,0.9538461538461539,0.9760225669957687,0.9933014354066986,0.4126447134756789,0.5146653114161859
2,0.8171290545203589,0.980586846703164,0.9475113122171945,0.9726156751652503,0.9951690821256038,0.41506721887158926,0.49161358803921346
3,0.8173350865658559,0.9871805367369069,0.9556561085972851,0.9771561771561772,0.9952516619183286,0.2928222971542804,0.3912999364875076
4,0.8320916288171194,0.9884687208324993,0.9592391304347826,0.9790209790209791,0.9990485252140818,0.38102811356334565,0.41188560252168976
