,AUROC,AUPRC,accuracy,f1,recall,mcc,gmean
0,0.765480004418913,0.9775304146690955,0.9528455284552846,0.9756711409395973,0.9957191780821918,0.2905609506455247,0.3801840089868989
1,0.8254709254709255,0.980872149960407,0.9462978030919447,0.9721753794266442,0.9982683982683983,0.322729208268846,0.36728889841803675
2,0.7865770984839147,0.9773491880378996,0.9471114727420668,0.9726315789473684,0.996548748921484,0.2834520655949436,0.3579492929032059
3,0.7875384573497781,0.9812474558652337,0.951179820992677,0.9748110831234257,0.9957118353344768,0.2644912794717393,0.35558346156382376
4,0.7303357020338151,0.9762090700173514,0.9462978030919447,0.9721753794266442,0.9888507718696398,0.24016638581901373,0.3961823317354118
