,AUROC,AUPRC,accuracy,f1,recall,mcc,gmean
0,0.7944778333794352,0.7789138023721744,0.7433628318584071,0.7184466019417476,0.6954887218045113,0.4840353510843918,0.7393386035160281
1,0.7794968189705032,0.759733547326959,0.7026548672566372,0.6781609195402298,0.6654135338345865,0.4022884456650933,0.6997156074074156
2,0.8275337075835798,0.8396732409796119,0.7592920353982301,0.7545126353790613,0.7437722419928826,0.5187061972822362,0.7590530916279701
3,0.7822841456077017,0.7817805027167399,0.7132743362831858,0.7022058823529411,0.6631944444444444,0.4303537990885687,0.7124403128390496
4,0.7962245154794865,0.7669052868516165,0.7198581560283688,0.7007575757575758,0.6751824817518248,0.439246015667602,0.7173113796699289
