,AUROC,AUPRC,accuracy,f1,recall,mcc,gmean
0,0.9860937465727884,0.9923724204320041,0.9522727272727273,0.9613259668508287,0.9560439560439561,0.8991099579389258,0.9510628943826624
1,0.9877777777777778,0.9935307297695648,0.9636363636363636,0.9702602230483272,0.9666666666666667,0.9235205098441636,0.9627371111046044
2,0.9917299906908271,0.9956561685573163,0.9659090909090909,0.9715370018975332,0.9588014981273408,0.929572257007212,0.9677978494300299
3,0.9909972451790633,0.9952542000192691,0.9477272727272728,0.9576427255985267,0.9454545454545454,0.8899271771638764,0.9484800077328307
4,0.9952295766249255,0.9963047247265168,0.9772727272727273,0.9806201550387597,0.9806201550387597,0.9531476275662322,0.9765654309309455
