,AUROC,AUPRC,accuracy,f1,recall,mcc,gmean
0,0.7505326482015291,0.649477803340756,0.6872586872586872,0.547486033519553,0.48514851485148514,0.3206564960431436,0.6293665612778404
1,0.800357873210634,0.7206290355306255,0.7374517374517374,0.6304347826086957,0.6041666666666666,0.4284112726396394,0.7021184712342082
2,0.7987028730755242,0.7510653841263903,0.7297297297297297,0.6428571428571429,0.5575221238938053,0.44691328606288155,0.6936492126498252
3,0.831163708086785,0.7064648788917469,0.7451737451737451,0.6162790697674418,0.5888888888888889,0.4271794300022469,0.6984532549680121
4,0.8462104488594554,0.7744044390048263,0.7335907335907336,0.6310160427807486,0.5462962962962963,0.4431893122032161,0.6884324011542734
