,AUROC,AUPRC,accuracy,f1,recall,mcc,gmean
0,0.8734658362337424,0.958890654902762,0.8764478764478765,0.9259259259259259,0.970873786407767,0.5811389020214394,0.7032752518524363
1,0.8463157894736841,0.9432090136328771,0.8494208494208494,0.9139072847682119,0.9904306220095693,0.42316041533154264,0.5074563643531215
2,0.8147457627118644,0.9353998133415706,0.806949806949807,0.8847926267281107,0.96,0.35241317460097,0.5259374197483246
3,0.7623328122285913,0.9111679555073803,0.7992277992277992,0.8828828828828829,0.9702970297029703,0.2731571626987875,0.43272428170576027
4,0.8519194024665625,0.9410547964736707,0.8455598455598455,0.9074074074074074,0.9702970297029703,0.49112973980758956,0.6257182775519683
