,AUROC,AUPRC,accuracy,f1,recall,mcc,gmean
0,0.8529313045424033,0.6327813801796213,0.8764478764478765,0.38461538461538464,0.24390243902439024,0.43318002938122196,0.4927307789216698
1,0.7771313492951443,0.43034446503497165,0.8416988416988417,0.2807017543859649,0.1951219512195122,0.24020384228267458,0.43354528326652264
2,0.7823129251700681,0.5065876558159097,0.8301158301158301,0.26666666666666666,0.16326530612244897,0.2893425365845264,0.401164485724265
3,0.8239539046766614,0.4995088961169102,0.8532818532818532,0.36666666666666664,0.2682926829268293,0.32424086472348335,0.5083769073076028
4,0.7423712342079689,0.41117430199955807,0.803088803088803,0.28169014084507044,0.20408163265306123,0.20642323997786458,0.4386568420449934
