,AUROC,AUPRC,accuracy,f1,recall,mcc,gmean
0,0.8055355210962857,0.8352850509868579,0.722007722007722,0.7352941176470589,0.7092198581560284,0.44477376834447585,0.723117823695106
1,0.7773423477324399,0.7629136580943539,0.7335907335907336,0.7628865979381443,0.8102189781021898,0.46539637165313724,0.7243272699664094
2,0.7394819088832792,0.7617394831625285,0.6833976833976834,0.7132867132867133,0.723404255319149,0.36016833482068195,0.6780787861636889
3,0.7905495169082126,0.7922283585228562,0.7297297297297297,0.7552447552447552,0.75,0.4536088483800268,0.7268155677785235
4,0.8121463825689177,0.8124929218124395,0.7567567567567568,0.7820069204152249,0.795774647887324,0.5074724165577731,0.7513480521767599
