,AUROC,AUPRC,accuracy,f1,recall,mcc,gmean
0,0.872867803837953,0.9920240587243553,0.950354609929078,0.9744525547445255,0.996268656716418,0.17522993032027587,0.26676215419042404
1,0.8118320610687023,0.9785318115209016,0.9326241134751773,0.9650092081031307,1.0,0.21591483756761723,0.22360679774997896
2,0.8498595998595999,0.9839188831368697,0.9288256227758007,0.9628252788104089,1.0,0.2905035459314771,0.30151134457776363
3,0.8197519083969467,0.9828815115940976,0.9326241134751773,0.9648798521256932,0.9961832061068703,0.24065903113877327,0.31562370096475173
4,0.7966827180310326,0.9850917489405331,0.9572953736654805,0.9779411764705882,0.9962546816479401,0.38670982273976046,0.4620423639315076
