,AUROC,AUPRC,accuracy,f1,recall,mcc,gmean
0,0.9072872325593246,0.952623135072509,0.8328741965105602,0.8785046728971962,0.8946295037389531,0.6121553772721925,0.7938282914084448
1,0.9068569290791514,0.951937868442502,0.8388429752066116,0.8845014807502468,0.9050505050505051,0.6201876406642668,0.7942246384035954
2,0.8903830552455929,0.9443941236082413,0.82277318640955,0.8733595800524935,0.8926894701542589,0.5802201394615707,0.7739667439428018
3,0.912933503962676,0.9568310579920887,0.8420569329660239,0.8864686468646865,0.9068197164078325,0.6291788064943687,0.7992540287791619
4,0.9110681087805383,0.9571140749489568,0.8480257116620753,0.8931913520490481,0.9196013289036545,0.6337506602076576,0.7953948203136982
