,AUROC,AUPRC,accuracy,f1,recall,mcc,gmean
0,0.8801430026182739,0.9003186956994229,0.8063397721644379,0.8213796253997259,0.8048343777976723,0.610724201273976,0.806517424694203
1,0.8819647627528304,0.9078251544034353,0.8103021297672115,0.8222737819025522,0.7889581478183437,0.6221970124654893,0.812650130953669
2,0.8739472730612103,0.8947358384559225,0.796828543111992,0.8120989917506874,0.7960467205750225,0.591721027269405,0.7969179111979031
3,0.8926184361016916,0.9181293931219835,0.8221892025755324,0.8395172105498435,0.8101811906816221,0.6428836991821242,0.8241561141918593
4,0.8735463728921412,0.8965751313601078,0.8027750247770069,0.8136704119850188,0.7758928571428572,0.6084946679299753,0.8055317764613384
