,AUROC,AUPRC,accuracy,f1,recall,mcc,gmean
0,0.9284651873291525,0.9538781818675174,0.8578404774823657,0.8883205456095482,0.9045138888888888,0.6938113161202506,0.839968459637265
1,0.9324201698213991,0.9520640863655905,0.8631921824104235,0.8872987477638641,0.897737556561086,0.7136376771894994,0.8534764559253525
2,0.9464449587040658,0.9641693329352539,0.8767643865363735,0.9018590575010809,0.9181338028169014,0.7372621105266965,0.8624792440835218
3,0.9381692327991311,0.9602007441590534,0.8669923995656895,0.8961424332344213,0.9065180102915952,0.711664378320709,0.8509651026065833
4,0.9290443581803115,0.953800748782306,0.8545059717698155,0.883982683982684,0.8995594713656387,0.6898316108470774,0.8388181114744006
