,AUROC,AUPRC,accuracy,f1,recall,mcc,gmean
0,0.8629315190634026,0.968574226305517,0.9004901960784314,0.9456783516189456,0.9932546374367622,0.4446210646633935,0.5161299571288949
1,0.8569349920824771,0.96627312788061,0.8985294117647059,0.9443099273607748,0.9904063205417607,0.4512119525360392,0.5368915959756853
2,0.8609576354679802,0.9677416036116746,0.8892156862745098,0.9389848812095032,0.9937142857142857,0.4385145105846196,0.5069468156440334
3,0.854695370400077,0.968660193420517,0.8941176470588236,0.9414951245937161,0.989749430523918,0.4604435847427036,0.547460369088057
4,0.8288716065664206,0.9648456355179842,0.8955370279548799,0.943002408348943,0.9910011248593926,0.40646729441903867,0.49295446772010804
