,AUROC,AUPRC,accuracy,f1,recall,mcc,gmean
0,0.7530864197530864,0.21536796536796537,0.9,0.0,0.0,0.0,0.0
1,0.5208333333333334,0.20681159420289855,0.8275862068965517,0.0,0.0,0.0,0.0
2,0.22222222222222227,0.06439393939393939,0.9310344827586207,0.0,0.0,0.0,0.0
3,0.5705128205128205,0.1419172932330827,0.896551724137931,0.0,0.0,0.0,0.0
4,0.575,0.21316526610644257,0.8620689655172413,0.0,0.0,0.0,0.0
