,AUROC,AUPRC,accuracy,f1,recall,mcc,gmean
0,0.5898617511520738,0.23674271197312668,0.8157894736842105,0.0,0.0,0.0,0.0
1,0.7526041666666666,0.34555555555555556,0.8421052631578947,0.0,0.0,0.0,0.0
2,0.48039215686274506,0.09654234654234656,0.918918918918919,0.0,0.0,0.0,0.0
3,0.8529411764705883,0.375,0.8947368421052632,0.0,0.0,0.0,0.0
4,0.6212121212121212,0.1843156843156843,0.8648648648648649,0.0,0.0,-0.058025885318565944,0.0
