,AUROC,AUPRC,accuracy,f1,recall,mcc,gmean
0,0.9090924642887691,0.9963089939912863,0.9665178571428571,0.9829738933030647,1.0,0.0,0.0
1,0.7632962394474291,0.9897908913497656,0.9687267311988086,0.9841149773071104,0.9984650805832693,-0.006766411356598128,0.0
2,0.8526732555370328,0.9928138904384699,0.9605654761904762,0.9798861480075901,0.9992260061919505,-0.0054743480875171745,0.0
3,0.859644238205723,0.992161049383983,0.9635145197319435,0.9814041745730551,1.0,0.13881551299042852,0.1414213562373095
4,0.8211359709229578,0.9907766498257976,0.960536113179449,0.9798708697303457,0.9992254066615027,-0.005478507906688694,0.0
