,AUROC,AUPRC,accuracy,f1,recall,mcc,gmean
0,0.8892082827362882,0.9834810745277666,0.9057971014492754,0.9488859764089121,0.9890710382513661,0.4193291286794847,0.5175648811434933
1,0.9022691462948815,0.9827688832213217,0.9025764895330113,0.9470459518599562,0.9944852941176471,0.4369217534303528,0.501846761359418
2,0.8945932556065659,0.982353427390502,0.9138486312399355,0.9534175010883762,0.9909502262443439,0.45090341231039727,0.5378926781524613
3,0.8959476118108233,0.9822283594062489,0.9114331723027376,0.9519650655021834,0.9882139619220308,0.4449831232611722,0.5464403210467266
4,0.8913448196114708,0.9798849074372934,0.9024979854955681,0.9466254962505514,0.9925994449583718,0.4662786116509866,0.539977857839117
