,AUROC,AUPRC,accuracy,f1,recall,mcc,gmean
0,0.8519503854402133,0.9890383773452467,0.9486780715396579,0.9735152487961477,0.9983539094650206,0.26560000575529247,0.31373437599289294
1,0.8739699706837809,0.9866128703579318,0.9385692068429238,0.9681580008061266,0.9991680532445923,0.2370781457872247,0.2671500452186524
2,0.8286791091153298,0.9839744652818558,0.9424124513618677,0.970113085621971,0.9991680532445923,0.3192440834754766,0.3469606507401078
3,0.8575729194541075,0.9889041189177848,0.9463452566096423,0.9723002810116419,0.9991749174917491,0.25401559490239356,0.2846299044361485
4,0.8256418732782369,0.9851042931669204,0.9439688715953307,0.9710144927536232,0.996694214876033,0.22909609315617688,0.3049996612923197
