,AUROC,AUPRC,accuracy,f1,recall,mcc,gmean
0,0.8168759772653942,0.9553814940624114,0.8512173128944995,0.9178695868591339,0.983991462113127,0.2255588084688198,0.3547666459251509
1,0.8247171283651971,0.9565858282648241,0.8583032490974729,0.9216175736395407,0.990343347639485,0.30403169477946645,0.396931509820145
2,0.809148795578783,0.9495134624895323,0.8566275924256087,0.9205397301349325,0.9903225806451613,0.3080899985879245,0.4005537705742927
3,0.8335838607594936,0.9653497682920682,0.868231046931408,0.9272908366533864,0.9820675105485233,0.303565725327017,0.43620589194642523
4,0.8138200431034484,0.9492149298075796,0.8564981949458483,0.9204602301150575,0.9913793103448276,0.31308135730036213,0.39965262694272663
