,AUROC,AUPRC,accuracy,f1,recall,mcc,gmean
0,0.7964889910972472,0.9887153694071278,0.9722222222222222,0.9858803986710963,1.0,0.2807548664573978,0.2847473987257497
1,0.8900915903413822,0.9974900616127492,0.9836467702371219,0.9917423616845582,1.0,0.2990317683974524,0.30151134457776363
2,0.8362369337979094,0.9935365496322107,0.9714052287581699,0.985495234148363,1.0,0.0,0.0
3,0.7704135180520572,0.9901353102876502,0.9746524938675388,0.9871529216742644,1.0,0.17452003388109702,0.1767766952966369
4,0.8558848265967446,0.9949064955556883,0.9721995094031071,0.9858921161825727,0.9991589571068125,0.11624620095183338,0.17142645113925786
