,AUROC,AUPRC,accuracy,f1,recall,mcc,gmean
0,0.75555125939019,0.9762600576909515,0.9504065040650407,0.9745302713987474,0.9991438356164384,0.13928048983839017,0.1795283997316516
1,0.8109629109629108,0.9826121965261174,0.9454841334418226,0.9718132099284813,1.0,0.29901195280253634,0.3075623426146228
2,0.7810735856033526,0.9794802716048074,0.9438567941415785,0.971044901384809,0.998274374460742,0.14975790555462554,0.20684097146573485
3,0.8042691061558985,0.982003430784905,0.9528071602929211,0.97571189279732,0.9991423670668954,0.27657761501771444,0.3084743359035446
4,0.8055215225026545,0.9855749484863692,0.950366151342555,0.9744449099287809,0.9974271012006861,0.21058805057405944,0.28135543543296526
