,AUROC,AUPRC,accuracy,f1,recall,mcc,gmean
0,0.8284951936248527,0.9853099639943963,0.9606060606060606,0.9795758051846033,0.9952114924181963,0.4786191740212085,0.5585086931375204
1,0.8617998163452709,0.9874914593833948,0.9674242424242424,0.9831306394664574,0.9992025518341308,0.5801358549872786,0.6027822015331395
2,0.8319574473625959,0.9873010266459691,0.9681818181818181,0.983580922595778,0.9992057188244639,0.5487952458414672,0.5723708871015921
3,0.8536301393667675,0.9883115942578604,0.9651515151515152,0.9819182389937107,0.9984012789768185,0.5672080971085987,0.6014479144798663
4,0.7734048186391316,0.9820141890936565,0.9666413949962093,0.9828125,0.9992057188244639,0.5074486170957541,0.5320792112085049
