,AUROC,AUPRC,accuracy,f1,recall,mcc,gmean
0,0.8571846007743443,0.9910015653328427,0.9556561085972851,0.9772621809744779,1.0,0.23479148566821317,0.2401922307076307
1,0.8682615629984051,0.9906435144937236,0.9493212669683257,0.9739049394221808,1.0,0.2515468343466387,0.2581988897471611
2,0.822712215320911,0.981593078345381,0.9438914027149321,0.9708646616541353,0.9980676328502416,0.33121183225618855,0.3775991133559206
3,0.7911735700197239,0.9850754048326105,0.9538461538461539,0.9763121226196005,0.9981006647673314,0.1760410751987354,0.23996401951053775
4,0.8669371488070661,0.9915279759957198,0.9547101449275363,0.9767657992565055,1.0,0.2324504499029178,0.23791547571544325
