,AUROC,AUPRC,accuracy,f1,recall,mcc,gmean
0,0.9158049704924703,0.9792123093423274,0.9003623188405797,0.9435318275154004,0.9818376068376068,0.5565730498088816,0.662057671351492
1,0.9300139884595209,0.9842796914531021,0.9048050770625566,0.9457364341085271,0.9828141783029001,0.5906839309766533,0.6886689926157217
2,0.9115644592476488,0.9794779097272459,0.8976449275362319,0.9416623644811565,0.9827586206896551,0.5634128756696868,0.6641721223827979
3,0.9171048927785456,0.9824506112269054,0.8902991840435177,0.9377251672671127,0.9732905982905983,0.5066511880375881,0.6432683782519371
4,0.9172155140870838,0.9764833957707006,0.8921124206708976,0.9379885356956749,0.9879253567508233,0.5749645992384448,0.6574323870775497
