,AUROC,AUPRC,accuracy,f1,recall,mcc,gmean
0,0.8522279549718574,0.9887887002014686,0.9753086419753086,0.987189148455162,0.9984756097560976,0.6820369921698186,0.7119820127584384
1,0.8255717925030095,0.9885142141649474,0.9753086419753086,0.9872659176029962,0.9962207105064248,0.6105465968686306,0.6791268599467426
2,0.7833314344308989,0.9810951007065489,0.9665940450254176,0.9826676714393369,0.9954198473282443,0.5604555058824163,0.633355620059249
3,0.8676110129396339,0.9916212632608354,0.9803921568627451,0.989891426432048,0.9984894259818731,0.6941864089023707,0.726294601169895
4,0.8005739804125966,0.9846204931601497,0.9745639534883721,0.9868667917448405,0.9984813971146546,0.6301110245872116,0.6633315545568933
