,AUROC,AUPRC,accuracy,f1,recall,mcc,gmean
0,0.9309940663687643,0.9967124260676443,0.9875486381322958,0.993574297188755,0.9967767929089444,0.7978991997418209,0.8514273760345332
1,0.837384853547507,0.989097665545666,0.971183800623053,0.9851106639839035,0.9943135662063363,0.5640026329830194,0.6568824601607967
2,0.8575402725196573,0.9907995685763589,0.9727414330218068,0.9859606899318091,0.9983753046303818,0.5759784073681887,0.6137958927638153
3,0.8946585840100651,0.9955879236906958,0.9820872274143302,0.9908183632734531,0.9935948759007206,0.6299526054989969,0.7535041476426638
4,0.8858305014931521,0.994084855005502,0.985202492211838,0.9924212205823694,0.9991967871485944,0.7110208506535123,0.7335046279566738
