,AUROC,AUPRC,accuracy,f1,recall,mcc,gmean
0,0.8069630598234716,0.810930158004957,0.7433628318584071,0.7070707070707071,0.6578947368421053,0.485259282913758,0.7342190593946154
1,0.8023675409258932,0.7936634754164548,0.720353982300885,0.6889763779527559,0.6578947368421053,0.43759414401436547,0.7144742879804554
2,0.8458347952483586,0.8407938880448476,0.7716814159292036,0.7624309392265194,0.7366548042704626,0.5444204960955406,0.7707092722399775
3,0.7902627356598475,0.8127095580216919,0.7079646017699115,0.6745562130177515,0.59375,0.431425356816759,0.7006153819017968
4,0.8047445255474454,0.8083168836489079,0.7198581560283688,0.6937984496124031,0.6532846715328468,0.4403198573525615,0.7150973419099987
