,AUROC,AUPRC,accuracy,f1,recall,mcc,gmean
0,0.8791057746314684,0.8628206235613685,0.809143686502177,0.7911040508339953,0.784251968503937,0.6155236592497115,0.8070045509860228
1,0.893301714625244,0.8771853618573648,0.8214804063860668,0.8038277511961722,0.8,0.6400776736933463,0.8195472860126469
2,0.8819719861168626,0.86445979297463,0.8148148148148148,0.7866108786610879,0.7654723127035831,0.6240067644190275,0.8087723070613749
3,0.8775352286508474,0.8327288154764321,0.8098693759071117,0.7805695142378559,0.7831932773109244,0.6128498669213328,0.8063252738942831
4,0.881685112764018,0.8617317022174569,0.8024691358024691,0.7774140752864157,0.7648953301127214,0.6002135826181644,0.7983813469100681
