,AUROC,AUPRC,accuracy,f1,recall,mcc,gmean
0,0.6964092474176093,0.7159278742059209,0.6485148514851485,0.6536585365853659,0.6261682242990654,0.2994549964071573,0.64949183662582
1,0.6600274725274725,0.6198046527430476,0.6089108910891089,0.6255924170616114,0.6346153846153846,0.21653504333378432,0.607546730570839
2,0.711379716981132,0.6262680112433183,0.6287128712871287,0.6113989637305699,0.6145833333333334,0.25597959379049245,0.6279020674351281
3,0.607927786499215,0.6313459154452149,0.5742574257425742,0.5943396226415094,0.6057692307692307,0.14687405503475687,0.5723721604951538
4,0.7788211788211788,0.737470311633436,0.7014925373134329,0.6739130434782609,0.6813186813186813,0.39882375062223174,0.6995074619406781
