,AUROC,AUPRC,accuracy,f1,recall,mcc,gmean
0,0.7942086648983201,0.9064173210130652,0.8064516129032258,0.8818897637795275,0.9655172413793104,0.4150031465957263,0.5673086289311754
1,0.8556980433632998,0.9534168987064988,0.86084142394822,0.9187145557655955,0.9798387096774194,0.4948691648892964,0.6078218343703915
2,0.7978571428571428,0.9043371670383971,0.8258064516129032,0.89453125,0.9541666666666667,0.4333164904896499,0.6066594714382314
3,0.8224745965331739,0.9426299590139535,0.8090614886731392,0.8858800773694391,0.9581589958158996,0.3596930021631783,0.5361414913479182
4,0.8319784817692767,0.9418027364205557,0.8058252427184466,0.8828125,0.9456066945606695,0.35772409673676564,0.5574041105863013
