,AUROC,AUPRC,accuracy,f1,recall,mcc,gmean
0,0.7398720682302772,0.3073715927119539,0.8516129032258064,0.17857142857142858,0.11904761904761904,0.1408552881658502,0.339189845431406
1,0.7729770572880891,0.4302821580811454,0.8155339805825242,0.3132530120481928,0.22413793103448276,0.2524909618697365,0.46197637750805365
2,0.814444696797638,0.45538437414109423,0.8419354838709677,0.3466666666666667,0.2549019607843137,0.294689091028277,0.49404049305891024
3,0.7193899782135076,0.3601007228358925,0.8220064724919094,0.1791044776119403,0.1111111111111111,0.1582588396898511,0.32872633326012873
4,0.7656271465860696,0.46485470754901376,0.8155339805825242,0.32941176470588235,0.2413793103448276,0.26215116273337385,0.4784115310859177
