,AUROC,AUPRC,accuracy,f1,recall,mcc,gmean
0,0.7577916666666666,0.7631665836304873,0.7,0.7240356083086054,0.7625,0.39967366295226525,0.6949220579796461
1,0.7533525717195722,0.7667717326044203,0.686084142394822,0.7188405797101449,0.7209302325581395,0.3635438079179526,0.6804992824889693
2,0.7484129635816907,0.763744969417384,0.6903225806451613,0.7125748502994012,0.725609756097561,0.37743134137249523,0.6871268692512635
3,0.751665682719069,0.7559156559342205,0.7022653721682848,0.7245508982035929,0.7245508982035929,0.4006072362317618,0.6998837238817185
4,0.8060016906170753,0.8127419255115829,0.7508090614886731,0.7830985915492957,0.8224852071005917,0.49502025421717694,0.7391651867399128
