,AUROC,AUPRC,accuracy,f1,recall,mcc,gmean
0,0.7354968277876672,0.5472330294128247,0.6935483870967742,0.5026178010471204,0.44036697247706424,0.2935938946546728,0.6048777040313007
1,0.7387439186200796,0.5877376132286362,0.6990291262135923,0.5507246376811594,0.4789915966386555,0.34054246786988973,0.6331195275257696
2,0.767280701754386,0.6535952880682121,0.7161290322580646,0.5963302752293578,0.5416666666666666,0.3854904016696591,0.6690199692821176
3,0.7149084568439408,0.6165406857153635,0.656957928802589,0.4536082474226804,0.3548387096774194,0.2509384418191041,0.5522404237419124
4,0.7953421805880823,0.7231595472082137,0.6990291262135923,0.5592417061611374,0.46825396825396826,0.35894780277216354,0.6338186507621489
