,AUROC,AUPRC,accuracy,f1,recall,mcc,gmean
0,0.9296593535206398,0.9577519241512444,0.8590604026845637,0.888434818144667,0.8887980376124285,0.6971248924226163,0.8475012437315773
1,0.9176248203108197,0.9458116285280016,0.8502839442436758,0.8820179007323027,0.9018302828618968,0.6787108441702898,0.8311376100697442
2,0.9271847120843473,0.9567281421324537,0.8595766649457924,0.8911128903122498,0.902676399026764,0.6939810026400326,0.8412968312835867
3,0.9171859772418433,0.9473940264478398,0.8425400103252452,0.8774608276416231,0.8943488943488943,0.6583815422073825,0.8212849339086692
4,0.914445053052942,0.9483650770288086,0.839442436757873,0.8749497386409328,0.8788368336025848,0.650786702760049,0.8224446413556923
