,AUROC,AUPRC,accuracy,f1,recall,mcc,gmean
0,0.8854796570871113,0.9500066366991086,0.8348577235772358,0.8932676518883416,0.9359944941500344,0.5428355775482766,0.7171768300239648
1,0.8757721830709176,0.9462660961008303,0.8200305033045246,0.8820786142571619,0.9226480836236933,0.5141530623335863,0.7079639558059364
2,0.8791063374463302,0.9499026698866567,0.8281647178444331,0.8884488448844885,0.920656634746922,0.5225796958171045,0.7182842974388937
3,0.8945029449967732,0.9581131945416584,0.8413828164717845,0.8961384820239681,0.9181446111869032,0.564365720230942,0.7525163174957149
4,0.8822648487452956,0.9500711274774339,0.8215556685307575,0.8826479438314945,0.9230769230769231,0.522074205224411,0.7133089275538769
