,AUROC,AUPRC,accuracy,f1,recall,mcc,gmean
0,0.8675986493485429,0.8994482479010353,0.8004750593824228,0.8248540450375312,0.8221113881961762,0.593089775340339,0.796464976747021
1,0.8660293190908472,0.8946084413978141,0.7833729216152019,0.8095238095238095,0.8136020151133502,0.558474819213648,0.7780139181006284
2,0.8668585318744993,0.8965868222770585,0.7947743467933491,0.8153846153846154,0.8139931740614335,0.5843744197622445,0.79201609064155
3,0.8617208483838104,0.8962959295183878,0.7833729216152019,0.8112582781456954,0.8032786885245902,0.5572879350595465,0.7792459361154774
4,0.8588572100146539,0.8870601947498956,0.7814726840855107,0.8034188034188035,0.7905803195962994,0.5579482655225272,0.780045294085326
