,AUROC,AUPRC,accuracy,f1,recall,mcc,gmean
0,0.8772262893356644,0.9376014746760035,0.814749000444247,0.8678288431061807,0.8912760416666666,0.5611331447394396,0.7613416198152686
1,0.8819716416560033,0.9426653483140384,0.8165259884495779,0.8703296703296703,0.8918918918918919,0.5592715230460558,0.7605170173131318
2,0.8754379494744606,0.9321875337214083,0.8097777777777778,0.8624678663239075,0.8970588235294118,0.5599557936990677,0.7556930131331765
3,0.8821478571105992,0.9398614611257754,0.8120835184362506,0.8650717703349282,0.8891803278688525,0.5586068412948522,0.7603220960513624
4,0.8762976609687274,0.9417608432615853,0.8102222222222222,0.8662699655496399,0.8837060702875399,0.5412530411291984,0.7534162302148265
