,AUROC,AUPRC,accuracy,f1,recall,mcc,gmean
0,0.8521390848977055,0.9671842493903329,0.8850682995760716,0.9367547952306895,0.9890530925013684,0.3951924264627212,0.49049004267140056
1,0.857747134967412,0.97020494274111,0.8982571832312765,0.9442436757873,0.9891833423472147,0.43756105628253544,0.5306527474087162
2,0.8373364108658227,0.9656640547916682,0.8883129123468426,0.9383294301327089,0.9820261437908496,0.405348099439272,0.5306222227956997
3,0.8190937548010447,0.9583587542635751,0.885539331135186,0.9371930731455156,0.9853260869565217,0.36694185137350877,0.4829855905278656
4,0.8341925340167597,0.9697743004054892,0.9024505183788878,0.9470452801227935,0.9908993576017131,0.4114445663751359,0.49967532327206815
