,AUROC,AUPRC,accuracy,f1,recall,mcc,gmean
0,0.6296296296296297,0.33448275862068966,0.9,0.4,0.3333333333333333,0.3563483225498992,0.5665577237325317
1,0.5416666666666666,0.3663125763125763,0.8275862068965517,0.2857142857142857,0.2,0.2360293976249778,0.43779751788545657
2,0.2222222222222222,0.06620553359683795,0.8275862068965517,0.0,0.0,-0.09245003270420485,0.0
3,0.4487179487179487,0.11847826086956523,0.7586206896551724,0.0,0.0,-0.1358732440973515,0.0
4,0.5549999999999999,0.3955194805194805,0.8620689655172413,0.0,0.0,0.0,0.0
