,AUROC,AUPRC,accuracy,f1,recall,mcc,gmean
0,0.5454545454545454,0.21467076782866257,0.8157894736842105,0.0,0.0,-0.09174698042719671,0.0
1,0.35714285714285715,0.06084656084656084,0.8918918918918919,0.0,0.0,-0.05714285714285714,0.0
2,0.3818181818181818,0.12483660130718954,0.7631578947368421,0.0,0.0,-0.13351146745863818,0.0
3,0.7571428571428571,0.4651011269432322,0.8108108108108109,0.0,0.0,0.0,0.0
4,0.45,0.16369396195202646,0.8378378378378378,0.0,0.0,-0.06588078458684124,0.0
