,AUROC,AUPRC,accuracy,f1,recall,mcc,gmean
0,0.7635561737093498,0.9410124246509025,0.8890756302521008,0.9393382352941176,0.991270611057226,0.38828338408669694,0.47374954239409794
1,0.7222232282442702,0.9334772945683262,0.8781512605042017,0.9337597076290544,0.9931972789115646,0.29685451885390707,0.37667668571175855
2,0.7178284780972068,0.9257159769469551,0.8864592094196804,0.9385525716886663,0.9932562620423893,0.3090786784666849,0.3889610377921726
3,0.7305998328544675,0.9320416734353703,0.873109243697479,0.9305747126436782,0.9815712900096993,0.2671849291167062,0.4082669680141394
4,0.7302740664611168,0.9369931795853376,0.894869638351556,0.9432591920108943,0.9895238095238095,0.3176128617688385,0.4218671688905591
