,AUROC,AUPRC,accuracy,f1,recall,mcc,gmean
0,0.7904082712402452,0.9829181498285811,0.94,0.9689984101748808,0.9942903752039152,0.09237004017481902,0.2007711863416252
1,0.819702868852459,0.9844960925315371,0.94,0.9688747007182761,0.9950819672131147,0.22138009284632698,0.31544919832092055
2,0.7953073770491803,0.9819076014183862,0.94,0.9688995215311005,0.9959016393442623,0.20958053348765585,0.29519721110237973
3,0.8353858784893267,0.9855403475775577,0.9384615384615385,0.968,0.993431855500821,0.2400448617257315,0.3480664107330495
4,0.8130486534741854,0.9853355787883363,0.9368745188606621,0.9673306772908367,0.9934533551554828,0.08353425423207837,0.1967383411442407
