,AUROC,AUPRC,accuracy,f1,recall,mcc,gmean
0,0.7880267183481431,0.9394997929563347,0.8531781557743957,0.9188921859545005,0.985153764581124,0.24622512741874325,0.3686234906693529
1,0.7635643539016712,0.9427660542085617,0.8567591763652641,0.9206349206349206,0.9737670514165793,0.2484958961297191,0.41495844995555525
2,0.7546268890105103,0.9267611685476143,0.8370635631154879,0.909,0.9848320693391116,0.24231085837094346,0.3633012566828026
3,0.80158789603775,0.9520946998547698,0.855863921217547,0.9204152249134948,0.9820675105485233,0.24487830964140725,0.38115122846041327
4,0.7977482465854558,0.9483337872213206,0.8522829006266786,0.9187592319054653,0.9873015873015873,0.2148203107119546,0.3302459456886337
