,AUROC,AUPRC,accuracy,f1,recall,mcc,gmean
0,0.7876979248623132,0.9804382376920238,0.952808988764045,0.9755339805825243,0.988198269079465,0.3378949654269614,0.4970408104671751
1,0.8470502377701399,0.9887961623790522,0.9550561797752809,0.9767801857585139,0.9952681388012619,0.3489299791867637,0.4394447956502903
2,0.749121744397335,0.9781724518672461,0.9550561797752809,0.9767621998450813,0.9929133858267717,0.34451870479217356,0.46244812435184063
3,0.8341504724549831,0.9860581246018669,0.9483146067415731,0.9732454439705313,0.992879746835443,0.273040247373953,0.3922071387042332
4,0.7523276628076185,0.9790761164605667,0.9625187406296851,0.9806201550387597,0.9937156323644933,0.4527216103769944,0.5563434046083728
