,AUROC,AUPRC,accuracy,f1,recall,mcc,gmean
0,0.7438733487859217,0.988085436278,0.970113085621971,0.9848049281314168,0.9983347210657785,0.1571893198306906,0.2323016120833615
1,0.7663279287508563,0.9906253761034156,0.9749393694421988,0.9873106835857552,0.9983443708609272,-0.00623515208189036,0.0
2,0.8311073651452282,0.9934424791648724,0.9660468876313663,0.9827018121911038,0.9900414937759336,0.07884854470801739,0.2487520720737736
3,0.6910788381742738,0.9870071845706783,0.9700889248181084,0.9848049281314168,0.9950207468879668,0.055595463719966744,0.17633603812110832
4,0.8246540511466431,0.9935192899124863,0.9668552950687146,0.9831345125462773,0.9933499584372403,0.04378818766262583,0.17092739759369802
