,AUROC,AUPRC,accuracy,f1,recall,mcc,gmean
0,0.8384148781229493,0.9892587834676482,0.947227191413238,0.9727230698104484,0.9933899905571294,0.22525554967682399,0.3433071939067604
1,0.8035343352883677,0.985568787934523,0.9409660107334525,0.9693877551020408,0.9895833333333334,0.18636404200630313,0.3342561151836035
2,0.8379136532982686,0.9857505261262349,0.945438282647585,0.9717461787864752,0.9962013295346629,0.2708718947353502,0.35015624284634167
3,0.7883862764964141,0.9873930912486837,0.9543828264758497,0.9766162310866575,0.9943977591036415,0.08797571334023745,0.2057056106666258
4,0.8009290426821059,0.9828605988581517,0.9489704565801254,0.9737206085753803,0.9952874646559849,0.16285114088443703,0.26663075921795254
