,AUROC,AUPRC,accuracy,f1,recall,mcc,gmean
0,0.8071249552452558,0.9849591523330107,0.9583632447954056,0.9783258594917787,0.9842105263157894,0.45678887299984033,0.637324189068323
1,0.8568881882124666,0.9895639807353176,0.9705459770114943,0.9847526961695797,0.9954887218045113,0.5843924809659113,0.6584218116649525
2,0.7462378114224383,0.9767771605190491,0.9619526202440776,0.9802900706582373,0.9932177844762623,0.470315404017538,0.5753890812532166
3,0.8466991963260619,0.9911224194800392,0.9683908045977011,0.9836552748885586,0.9880597014925373,0.5103407619020704,0.6752981227095314
4,0.7920371710696377,0.9831557209227564,0.9683908045977011,0.9836431226765799,0.9917541229385307,0.5322725760029413,0.6538197193451258
