,AUROC,AUPRC,accuracy,f1,recall,mcc,gmean
0,0.7348660526955101,0.9726055192853968,0.9386602098466506,0.9681475272422464,0.9948320413436692,0.22380671446201666,0.3194276999923889
1,0.7770992366412214,0.979478598794241,0.9491525423728814,0.9738480697384807,0.9949109414758269,0.11353006242382167,0.223037097976528
2,0.7280300866419118,0.973083474569251,0.9402744148506861,0.9691666666666666,0.9965724078834619,0.08206288664520626,0.16638078881184484
3,0.7482043706382762,0.9778520479991526,0.9418886198547215,0.9700249791840133,0.9940273037542662,0.06359548070802072,0.17225695001504454
4,0.7732196560483517,0.9853199205246324,0.9499596448748991,0.9742310889443059,0.9923793395427604,0.15705558038238693,0.2924892187141794
