,AUROC,AUPRC,accuracy,f1,recall,mcc,gmean
0,0.8811547049441786,0.9740809674074506,0.8896860986547085,0.9373408048904738,0.968421052631579,0.49856644186970744,0.6500644060840558
1,0.8865537730243613,0.9720906538332668,0.874439461883408,0.929364278506559,0.9850267379679144,0.43822773815091937,0.5436064949854575
2,0.8818133410785168,0.9742187537606009,0.8690582959641255,0.9253578732106339,0.9637912673056444,0.4216294535707565,0.5920046889573655
3,0.8966683609255495,0.9784690258589626,0.8708520179372198,0.926605504587156,0.9680511182108626,0.42446967525204365,0.5839674713128754
4,0.8877542607446145,0.9707349936704213,0.8753363228699551,0.9291900152827305,0.977491961414791,0.4583840722639698,0.5862878448177358
