,AUROC,AUPRC,accuracy,f1,recall,mcc,gmean
0,0.828161189924725,0.9905318092670953,0.9653846153846154,0.9821499404998016,0.9856687898089171,0.4156451023315592,0.6171114792974751
1,0.835761228383658,0.9861316141776455,0.9715165511932256,0.9852295409181637,0.9903691813804173,0.5939448468312405,0.7233352660726362
2,0.8350425636913208,0.9864103774670601,0.9661277906081601,0.9824561403508771,0.9879711307137129,0.5005362423727504,0.6610500971126195
3,0.7903734608731047,0.9914476884842881,0.9753656658968437,0.987460815047022,0.9936908517350158,0.31357506527479123,0.47368956630950554
4,0.8625125785072348,0.988543638858615,0.9753656658968437,0.9873116574147502,0.9936153232242618,0.5806187810762655,0.6893528330967822
