,AUROC,AUPRC,accuracy,f1,recall,mcc,gmean
0,0.7969965892910361,0.9882592740895275,0.9654157468727005,0.9823639774859287,0.996953541507997,0.15705844621445444,0.25498766485613067
1,0.7743704164937041,0.9888307582384501,0.9661266568483063,0.9827715355805243,0.9984779299847792,-0.0070277096239659605,0.0
2,0.6863045141545523,0.9786810721036536,0.9572901325478645,0.9781790820165538,0.9946442234123948,-0.014218986430324345,0.0
3,0.7475986005089058,0.9862345608922028,0.9617083946980854,0.9804364183596689,0.9946564885496183,0.12344595396166316,0.24933116639191166
4,0.791267259452035,0.985926509539952,0.9602356406480118,0.9796839729119639,0.9977011494252873,0.11330947312795339,0.19403375989325344
