,AUROC,AUPRC,accuracy,f1,recall,mcc,gmean
0,0.7820708386040627,0.767148802548246,0.7152899824253075,0.6920152091254753,0.6816479400749064,0.42759412652284917,0.7126361529417721
1,0.7755689540141837,0.7838781407670561,0.7065026362038664,0.6924493554327809,0.6573426573426573,0.41546612496298313,0.7050332139416403
2,0.798722478934493,0.8133715337953077,0.7469244288224957,0.7323420074349443,0.6888111888111889,0.49771622703818386,0.7449451590054278
3,0.718667375027799,0.7233794787541465,0.6590509666080844,0.6297709923664122,0.5830388692579506,0.3210754975077972,0.6542976871739289
4,0.7359667359667359,0.7271023594935496,0.6678383128295254,0.64,0.6153846153846154,0.3335130934022397,0.6638888768072868
