,AUROC,AUPRC,accuracy,f1,recall,mcc,gmean
0,0.9638104263471102,0.9119393014575734,0.9249753208292202,0.848605577689243,0.8160919540229885,0.7999636222815234,0.8864003336413967
1,0.9756135430231394,0.9468737694100718,0.9348469891411648,0.872093023255814,0.8395522388059702,0.8295938933701703,0.9020161730256725
2,0.9558120891454226,0.9045194703919185,0.9358341559723593,0.8637316561844863,0.8477366255144033,0.8220389345011059,0.9038306473737552
3,0.971911237613325,0.9275707401772815,0.9368213228035538,0.8649789029535865,0.8266129032258065,0.8253720449427999,0.8966167345234256
4,0.963819558101473,0.9279002695449199,0.932806324110672,0.8661417322834646,0.8461538461538461,0.8217288641500764,0.9025785937189111
