,AUROC,AUPRC,accuracy,f1,recall,mcc,gmean
0,0.976125021147014,0.9869822842030753,0.9342403628117913,0.9425742574257425,0.9260700389105059,0.8664611421958908,0.9358098874725873
1,0.9847726684496592,0.990769259130682,0.9297052154195011,0.9422718808193669,0.9440298507462687,0.8524272649214139,0.9255920978498602
2,0.9812055160142349,0.9911007199956804,0.9455782312925171,0.9565217391304348,0.9395017793594306,0.8848949664155826,0.9478388979739414
3,0.9819009598995245,0.9917044069389328,0.9387755102040817,0.9513513513513514,0.9295774647887324,0.8706407265068948,0.9424072027448714
4,0.988092959962578,0.9923406029175041,0.9613636363636363,0.9669902912621359,0.9688715953307393,0.9204254582350653,0.9598031947277292
