,AUROC,AUPRC,accuracy,f1,recall,mcc,gmean
0,0.8145495879511224,0.7868607700248176,0.7313432835820896,0.6435643564356436,0.5652173913043478,0.4454691220418798,0.6956610542201026
1,0.8083233532934132,0.6938635332358072,0.7565543071161048,0.6524064171122995,0.61,0.46915459000277193,0.71765586468708
2,0.8212121212121212,0.7275709351015809,0.7490636704119851,0.6455026455026455,0.5980392156862745,0.4566211918357947,0.7097906263219442
3,0.8241036766385019,0.7651482262393166,0.7340823970037453,0.6787330316742082,0.646551724137931,0.4544889439111813,0.7197900660677843
4,0.8294369645042841,0.7313110328963148,0.7490636704119851,0.6417112299465241,0.631578947368421,0.448840890357129,0.7169908558642158
