,AUROC,AUPRC,accuracy,f1,recall,mcc,gmean
0,0.7232661091982292,0.6927943768342089,0.6831683168316832,0.6831683168316832,0.6448598130841121,0.37117560255779636,0.6843769898528437
1,0.7091346153846153,0.6866629120001069,0.6584158415841584,0.6877828054298643,0.7307692307692307,0.3162575905195061,0.6519503404921405
2,0.7501965408805031,0.6918023136494391,0.6732673267326733,0.6666666666666666,0.6875,0.3474678499807648,0.6738022216958506
3,0.6832810047095762,0.6768826628216735,0.6386138613861386,0.6403940886699507,0.625,0.2779930438192543,0.6388765649999398
4,0.7544955044955045,0.66685249292967,0.7114427860696517,0.7128712871287128,0.7912087912087912,0.43710021855016395,0.714625293905352
