,AUROC,AUPRC,accuracy,f1,recall,mcc,gmean
0,0.7722083333333335,0.7384179917709641,0.7387096774193549,0.7476635514018691,0.75,0.47677594034203874,0.73824115301167
1,0.7895094211509082,0.8232059316562144,0.7152103559870551,0.7528089887640449,0.7790697674418605,0.41915281648689046,0.7033759560354426
2,0.7989893083862345,0.7886381214284741,0.7516129032258064,0.7728613569321534,0.7987804878048781,0.500757544275367,0.7470288626399295
3,0.7899553006662732,0.8108977366931482,0.7119741100323624,0.729483282674772,0.718562874251497,0.42189960411484545,0.7113579922478253
4,0.771724429416737,0.7595301671713486,0.7216828478964401,0.7597765363128491,0.8047337278106509,0.435272141312818,0.7071665510003718
