,AUROC,AUPRC,accuracy,f1,recall,mcc,gmean
0,0.8083554376657826,0.9036803692817944,0.8290322580645161,0.8946322067594433,0.9698275862068966,0.49734061693087556,0.63077570029677
1,0.8700423056583817,0.9567349459364011,0.8576051779935275,0.9133858267716536,0.9354838709677419,0.5192055259519557,0.7113940106525953
2,0.8451488095238094,0.9389861315795434,0.8451612903225807,0.9043824701195219,0.9458333333333333,0.5152949810689438,0.6876893678592586
3,0.8398983861326959,0.924940393829824,0.8511326860841424,0.9087301587301587,0.9581589958158996,0.53168902915692,0.6821960951613817
4,0.8392109982068141,0.9428246141272074,0.8317152103559871,0.896,0.9372384937238494,0.4722551874154446,0.664711218638666
