,AUROC,AUPRC,accuracy,f1,recall,mcc,gmean
0,0.747778962331201,0.33051231553947136,0.8709677419354839,0.3939393939393939,0.30952380952380953,0.34380626027168026,0.5448114114611404
1,0.8012433026514633,0.4912222242322325,0.8284789644012945,0.4044943820224719,0.3103448275862069,0.3360435100447681,0.5424676866852792
2,0.8072526307820426,0.4675329044880392,0.8451612903225807,0.4,0.3137254901960784,0.33551882661074584,0.5458742079635448
3,0.7523602033405955,0.481159463252007,0.8381877022653722,0.3055555555555556,0.2037037037037037,0.28577225325870115,0.4450975593367409
4,0.7161011127902184,0.3913786086286941,0.7799352750809061,0.30612244897959184,0.25862068965517243,0.18496689327718863,0.482557412979007
