,AUROC,AUPRC,accuracy,f1,recall,mcc,gmean
0,0.8543682229027056,0.9584215756134898,0.9062647197362224,0.947700394218134,0.986863711001642,0.5432833614919634,0.6351487084629533
1,0.8695280147485521,0.9705355728386611,0.9072067828544512,0.9484697881245095,0.9805300162249865,0.5157056813323778,0.6359081437403268
2,0.8725804424333837,0.9687532416821094,0.9043355325164939,0.9465648854961832,0.9793028322440087,0.5219113784749683,0.6436772708635217
3,0.8549642802273774,0.9616141431472781,0.9020254357041921,0.9452343338599263,0.9755434782608695,0.5072809875925405,0.6431625082227722
4,0.8547806825271038,0.9682942063597266,0.9033930254476908,0.9468498833290122,0.9775160599571735,0.4496988649854033,0.5917875012853601
