,AUROC,AUPRC,accuracy,f1,recall,mcc,gmean
0,0.8986906322843824,0.9417376170512277,0.8391825855175478,0.8864491844416562,0.919921875,0.6169825730745938,0.7825749254774357
1,0.8987825189403381,0.938651768060691,0.8422923145268769,0.8906683092085002,0.9305019305019305,0.6168986476429648,0.7750835274337176
2,0.8938105505042626,0.9282998175421999,0.8306666666666667,0.8788553259141495,0.9237967914438503,0.6077696153868491,0.7724440503488287
3,0.8972384049135167,0.9325400577910334,0.8431808085295425,0.8894456623864704,0.9311475409836065,0.6290590104005548,0.7829876072450951
4,0.906372519297591,0.9464429114993603,0.8471111111111111,0.8946723821187997,0.9335463258785942,0.6248384749970964,0.7787582432842521
