,AUROC,AUPRC,accuracy,f1,recall,mcc,gmean
0,0.8914726144100923,0.9532900388956678,0.8373983739837398,0.8937583001328021,0.9263592567102547,0.5554843116069821,0.7370374910126665
1,0.878954572843258,0.9413030321500921,0.8210472801220132,0.8829008649367931,0.9247386759581881,0.5163186176688279,0.7075382753215788
2,0.8891949181238232,0.9506992252353974,0.8337569903406202,0.8918293086338075,0.9220246238030095,0.5399274975807534,0.7301582496999595
3,0.8950877235978247,0.9508925162440376,0.8429079816980173,0.8983218163869694,0.9311050477489768,0.561653787940518,0.7379285067124475
4,0.8881288171790965,0.9525866529009687,0.826131164209456,0.8851578240429818,0.9216783216783216,0.5368314879736307,0.7258915339754901
