,AUROC,AUPRC,accuracy,f1,recall,mcc,gmean
0,0.5069124423963134,0.22813852813852814,0.8157894736842105,0.0,0.0,0.0,0.0
1,0.6197916666666667,0.25224171539961016,0.8157894736842105,0.0,0.0,-0.07118684968143743,0.0
2,0.7843137254901961,0.20664983164983164,0.918918918918919,0.0,0.0,0.0,0.0
3,0.6286764705882353,0.3642753623188406,0.8421052631578947,0.25,0.25,0.16176470588235295,0.4774318553161155
4,0.20075757575757577,0.08422847108191936,0.8378378378378378,0.0,0.0,-0.0832250378576479,0.0
