,AUROC,AUPRC,accuracy,f1,recall,mcc,gmean
0,0.9012345679012346,0.7575757575757576,0.9333333333333333,0.5,0.3333333333333333,0.5570860145311556,0.5773502691896257
1,0.7166666666666667,0.3020286576168929,0.7931034482758621,0.0,0.0,-0.08625819491779428,0.0
2,0.11111111111111116,0.07692307692307693,0.7241379310344828,0.0,0.0,-0.13900960937138318,0.0
3,0.7243589743589743,0.22142857142857142,0.896551724137931,0.0,0.0,0.0,0.0
4,0.64,0.40423669467787116,0.8620689655172413,0.0,0.0,0.0,0.0
