,AUROC,AUPRC,accuracy,f1,recall,mcc,gmean
0,0.8077395870628954,0.9840186142666829,0.9669777458722182,0.9828358208955223,0.9902255639097745,0.5603617212342378,0.6866847768912445
1,0.8463679359689545,0.9880650997201466,0.9676724137931034,0.983177570093458,0.9887218045112782,0.5766000484133054,0.7143584731315596
2,0.718794957868055,0.9717321003431724,0.9676956209619526,0.9832277301528141,0.9939713639788997,0.57257299339526,0.6608668498748109
3,0.8051018943742824,0.9868744126304653,0.9734195402298851,0.9862810530218762,0.9925373134328358,0.5732877135995039,0.6907831792167954
4,0.752972651605232,0.9800467211761388,0.9698275862068966,0.9844213649851632,0.9947526236881559,0.5384649060850973,0.6280691586236891
