,AUROC,AUPRC,accuracy,f1,recall,mcc,gmean
0,0.8505785758870696,0.988564367453197,0.9543828264758497,0.9763560500695411,0.9943342776203966,0.3906954919070794,0.4857403904278246
1,0.8261012341153469,0.9839846342964959,0.9499105545617174,0.9739292364990689,0.990530303030303,0.3775042837417281,0.505589481064093
2,0.8317846446051574,0.9823402840389438,0.9463327370304114,0.9719363891487371,0.9867046533713201,0.3857646651972357,0.5370487503162371
3,0.8036931084490533,0.9846621945764105,0.9525939177101967,0.9755422242731887,0.9869281045751634,0.22704722675735947,0.4098631021217681
4,0.7604938063821192,0.9767078558725066,0.9525514771709938,0.9754515979620194,0.9924599434495759,0.31877135385208466,0.4415285821913243
