,AUROC,AUPRC,accuracy,f1,recall,mcc,gmean
0,0.7990413394243536,0.9899344038576354,0.9725363489499192,0.9860082304526749,0.9975020815986678,0.32002421274614906,0.4021903707366668
1,0.7757478876455812,0.9904478247876106,0.9765561843168957,0.9881196231052847,0.9983443708609272,0.17939064885224165,0.26239538090721654
2,0.8128630705394191,0.9905319422581762,0.9725141471301536,0.9860197368421053,0.9950207468879668,0.21276616038623736,0.35267207624221664
3,0.6896006224066391,0.9840061144477954,0.9757477768795473,0.9876948318293683,0.9991701244813278,0.25981652005012407,0.3060591432552285
4,0.7527627010904112,0.9880004010241513,0.9684721099434115,0.9839835728952772,0.9958437240232751,-0.010709921635361695,0.0
