,AUROC,AUPRC,accuracy,f1,recall,mcc,gmean
0,0.8789119951778179,0.9754871951077506,0.9092356687898089,0.9498680738786279,0.976491862567812,0.49525667927594796,0.6353083003770916
1,0.8582069140985275,0.9713674618393063,0.9092356687898089,0.9498239436619719,0.967713004484305,0.48563478873734006,0.6575579109545749
2,0.912406617464509,0.9824306809573001,0.8957006369426752,0.9417518897287683,0.9680073126142597,0.46272800726643964,0.6279915203118488
3,0.8882374893977947,0.9790126820531727,0.9195859872611465,0.9559912854030501,0.9751111111111112,0.5057078834096934,0.6570605630726726
4,0.8524755939883515,0.9662310178780997,0.895617529880478,0.9422143802382003,0.969147005444646,0.42501531258551634,0.5955841439973423
