,AUROC,AUPRC,accuracy,f1,recall,mcc,gmean
0,0.7019380341489303,0.9159348951977284,0.8689075630252101,0.9270346117867165,0.9612027158098934,0.3094098660944912,0.5098508647395154
1,0.6762912795996836,0.913884403477832,0.865546218487395,0.9253034547152195,0.9630709426627794,0.28545086864257446,0.4830015287699299
2,0.6872073141165511,0.9184171411010695,0.8788898233809924,0.9329608938547486,0.9653179190751445,0.33435030455750586,0.5243013043564507
3,0.7045397702663958,0.924161511797815,0.8672268907563025,0.9262371615312792,0.962172647914646,0.29211457943903296,0.49199188210172634
4,0.7136485097636176,0.9340453453668729,0.8763666947014298,0.9315960912052117,0.9533333333333334,0.3016157765951389,0.5302820388881619
