,AUROC,AUPRC,accuracy,f1,recall,mcc,gmean
0,0.8284790531563487,0.9576429987353923,0.8612354521038496,0.9213597158802638,0.9628844114528102,0.36590309453772546,0.5466499763630916
1,0.8064232334348527,0.949889609912611,0.8710832587287377,0.9271255060728745,0.9611752360965372,0.3935991950707571,0.5779852963438171
2,0.7847142330589404,0.9329814101771663,0.8316920322291853,0.9037871033776868,0.9566630552546046,0.2753747836455421,0.47627474388036606
3,0.8257745986567797,0.9544148762429072,0.8675022381378693,0.9247967479674797,0.959915611814346,0.39324159807515435,0.5788941768837034
4,0.8213701242771011,0.9507530009795906,0.8630259623992838,0.922216573462125,0.9597883597883597,0.3767558029623574,0.5639764164412874
