,AUROC,AUPRC,accuracy,f1,recall,mcc,gmean
0,0.8143094962362478,0.987013998256416,0.9776923076923076,0.9884966283220944,0.9920382165605095,0.6258935976743712,0.7507716547600866
1,0.844998334292377,0.986886896823106,0.9753656658968437,0.987220447284345,0.9919743178170144,0.652754948971762,0.7617160845355312
2,0.8400314601196719,0.9878591208090642,0.9699769053117783,0.9844186975629244,0.9879711307137129,0.5768311217303651,0.7293726448117529
3,0.8980996234863132,0.9962228911324131,0.9815242494226328,0.9905882352941177,0.9960567823343849,0.5145704725005698,0.6209431273113873
4,0.8881640584336723,0.9927510704154735,0.9822940723633564,0.9908693926161175,0.9960095770151636,0.7102714411308368,0.778631298531409
