,AUROC,AUPRC,accuracy,f1,recall,mcc,gmean
0,0.8947145135566189,0.9694443625785374,0.9031390134529148,0.9443872296601442,0.9652631578947368,0.5788636721297818,0.7256081428935958
1,0.8935828877005347,0.9679363203524196,0.8995515695067264,0.9420289855072463,0.9732620320855615,0.5859848058409547,0.7091206173218161
2,0.8872258931164683,0.968991126029357,0.8887892376681614,0.9360824742268041,0.966986155484558,0.527795377266012,0.6752939212989303
3,0.8819434359570142,0.9638919605522994,0.8798206278026905,0.9302809573361083,0.952076677316294,0.5037842547644373,0.6860239150951564
4,0.8683379857013296,0.9591942526688223,0.8932735426008969,0.9387545033453423,0.977491961414791,0.5555405897218708,0.6716771069774493
