,AUROC,AUPRC,accuracy,f1,recall,mcc,gmean
0,0.8683731249379119,0.9930222458846466,0.9646799116997793,0.9819548872180451,0.9946686976389947,0.19980559034919995,0.3288102230570808
1,0.8412031271620313,0.990892550439134,0.9690721649484536,0.9842105263157894,0.9961948249619482,0.293793665183983,0.3981024244272514
2,0.8055418035615165,0.9874652248655689,0.9631811487481591,0.9811605124340618,0.9961744452945677,0.24141656250993576,0.34234046439774946
3,0.8256122773536897,0.9893457066210083,0.9653902798232695,0.9822842065586129,0.9946564885496183,0.28501606391517553,0.40715608975543566
4,0.8111906310995446,0.9869329241599973,0.9609720176730486,0.980007544322897,0.9954022988505747,0.2247497594878969,0.33568892251616683
