,AUROC,AUPRC,accuracy,f1,recall,mcc,gmean
0,0.7412962234461055,0.9748902200541908,0.9550561797752809,0.9765990639625585,0.985051140833989,0.42153628154836065,0.5949813053678366
1,0.8447372757662789,0.9850870960878324,0.9640449438202248,0.9813953488372092,0.998422712933754,0.5232625680872305,0.5594090294791624
2,0.7607631738340399,0.9761493755882299,0.9573033707865168,0.9777950915465524,0.9881889763779528,0.44265713306850807,0.5913263638334642
3,0.8302672044927796,0.9821715910950761,0.9535580524344569,0.9757433489827856,0.9865506329113924,0.44833388114167017,0.6010591175219661
4,0.8018041801347019,0.9838310076950173,0.9617691154422788,0.9801479174776178,0.9890023566378633,0.4802349732629317,0.6237913764233542
