,AUROC,AUPRC,accuracy,f1,recall,mcc,gmean
0,0.8201110987941715,0.7936153969423199,0.756140350877193,0.7382297551789078,0.7025089605734767,0.513409356178459,0.7532053058532729
1,0.8118576487778302,0.7938759582030848,0.7521968365553603,0.7314285714285714,0.7084870848708487,0.5027671854390995,0.7490552260298873
2,0.8143186525942003,0.8035593579807538,0.7421052631578947,0.7282809611829945,0.718978102189781,0.4830965799965852,0.7409112611792303
3,0.7859536528663997,0.7993038846182681,0.7082601054481547,0.6992753623188406,0.658703071672355,0.4210801601876274,0.7079457039566699
4,0.8048813643104302,0.7569953972909187,0.7434094903339191,0.7326007326007326,0.7142857142857143,0.48688168670529997,0.7424026139010013
