,AUROC,AUPRC,accuracy,f1,recall,mcc,gmean
0,0.9648498002771664,0.9391563294195121,0.9318854886475815,0.8622754491017964,0.8275862068965517,0.8184035539806529,0.895083169959381
1,0.9770184313332666,0.9590163238380481,0.947680157946693,0.8982725527831094,0.8731343283582089,0.8637444985156876,0.9224242369994985
2,0.9780931003153225,0.9325640160751358,0.945705824284304,0.8822269807280514,0.8477366255144033,0.8482090469492433,0.9099007669505415
3,0.9839526670883407,0.9472682287891596,0.9496544916090819,0.8930817610062893,0.8588709677419355,0.8613942467845612,0.9170101708181508
4,0.9641289893617022,0.8966386576334802,0.9377470355731226,0.8757396449704142,0.8538461538461538,0.8347351319495495,0.9085484637407243
