,AUROC,AUPRC,accuracy,f1,recall,mcc,gmean
0,0.9890881407545254,0.9931602160991893,0.9546485260770975,0.9601593625498008,0.9377431906614786,0.9089956271871199,0.9577877996327576
1,0.9937127944094555,0.9964502323668408,0.9659863945578231,0.9720670391061452,0.9738805970149254,0.9285996868621638,0.9637663908398658
2,0.9902024021352311,0.9951690721390765,0.9591836734693877,0.9680851063829787,0.9715302491103203,0.9115273944529528,0.9543634572535378
3,0.9869920157890016,0.9869309041732169,0.9501133786848073,0.9608540925266904,0.9507042253521126,0.8925120280443037,0.9498740432002738
4,0.996512938274755,0.9975072799017063,0.9659090909090909,0.9709864603481625,0.9766536964980544,0.929759507775677,0.9636501167384112
