,AUROC,AUPRC,accuracy,f1,recall,mcc,gmean
0,0.8832539894474165,0.8220359303954009,0.8322102425876011,0.8123587038432555,0.8229007633587786,0.6608443618219861,0.831191488084754
1,0.8832934556493998,0.8247932641510074,0.8254716981132075,0.8054094665664914,0.8096676737160121,0.6472305745997734,0.8238100813354334
2,0.8856305176098875,0.8391913679463356,0.8347943358057991,0.8022598870056498,0.7851500789889415,0.660973800741161,0.8273246809344568
3,0.8853816956281828,0.8246183210676268,0.8362533692722371,0.8097102584181676,0.8193343898573693,0.6661846704967749,0.8339218620756715
4,0.8887538792162781,0.8342314416259847,0.8327714093054619,0.8028616852146264,0.781733746130031,0.6585716534669848,0.8257111157568944
