,AUROC,AUPRC,accuracy,f1,recall,mcc,gmean
0,0.8735436203466895,0.8279184511996666,0.7947761194029851,0.7393364928909952,0.6782608695652174,0.5787068033691558,0.7736055022721723
1,0.8826646706586826,0.7915585495296387,0.8052434456928839,0.7475728155339806,0.77,0.5899179704882968,0.7976762658809027
2,0.8347593582887701,0.7731118947128014,0.7602996254681648,0.6595744680851063,0.6078431372549019,0.48079578914970417,0.7207146384095617
3,0.8852763187942453,0.8233407331185278,0.797752808988764,0.75,0.6982758620689655,0.5862668136463469,0.7812895342817339
4,0.8793145654834761,0.7948219145060444,0.797752808988764,0.7216494845360825,0.7368421052631579,0.563227230786468,0.7826922122668699
