,AUROC,AUPRC,accuracy,f1,recall,mcc,gmean
0,0.5960157402852926,0.6321467023988698,0.5297029702970297,0.4864864864864865,0.4205607476635514,0.07503451852361522,0.523900014116195
1,0.5552884615384616,0.5894806826264711,0.5,0.547085201793722,0.5865384615384616,-0.005382097059226277,0.4892887222174327
2,0.6692216981132076,0.6521596952400964,0.6089108910891089,0.5989847715736041,0.6145833333333334,0.21808918607248964,0.609154481547938
3,0.6029729199372057,0.5768692541051641,0.5792079207920792,0.5893719806763285,0.5865384615384616,0.157928299417431,0.5789342235218394
4,0.6645854145854146,0.572526406492373,0.6268656716417911,0.6268656716417911,0.6923076923076923,0.26503496503496504,0.6296852360532972
