,AUROC,AUPRC,accuracy,f1,recall,mcc,gmean
0,0.7544761273209548,0.8894950419380765,0.7741935483870968,0.8669201520912547,0.9827586206896551,0.2679313399825381,0.3888362559641972
1,0.8272078265468006,0.9498450887380664,0.8381877022653722,0.9070631970260223,0.9838709677419355,0.38072659120045527,0.4918693768379647
2,0.8006249999999999,0.9047758034584534,0.8225806451612904,0.8956356736242884,0.9833333333333333,0.406428600493418,0.516628262781627
3,0.8340406455469217,0.9374494757658499,0.8155339805825242,0.8926553672316384,0.9916317991631799,0.3780292192658433,0.46096911869680596
4,0.8160490137477585,0.9236682054641383,0.8122977346278317,0.8901515151515151,0.9832635983263598,0.3603975446569643,0.47407379734777516
