,AUROC,AUPRC,accuracy,f1,recall,mcc,gmean
0,0.7488450604122244,0.3294635647054011,0.864516129032258,0.0,0.0,0.0,0.0
1,0.7141434262948206,0.37339035828669365,0.8122977346278317,0.0,0.0,0.0,0.0
2,0.7619804678628207,0.41827091774557923,0.8419354838709677,0.10909090909090909,0.058823529411764705,0.1805555912389787,0.24206695672393622
3,0.7318809005083514,0.41850635725240365,0.8317152103559871,0.07142857142857142,0.037037037037037035,0.17539573166267983,0.19245008972987526
4,0.6888308833630993,0.3536714246448107,0.8090614886731392,0.0,0.0,-0.02739061463651535,0.0
