,AUROC,AUPRC,accuracy,f1,recall,mcc,gmean
0,0.7254324706741523,0.6012068298407236,0.7096774193548387,0.4230769230769231,0.30275229357798167,0.31033286936449317,0.5307212725618453
1,0.703892083149049,0.5818204104893672,0.6796116504854369,0.49230769230769234,0.40336134453781514,0.28926339868782885,0.5864457520347562
2,0.7287280701754385,0.579752874680751,0.6612903225806451,0.4,0.2916666666666667,0.23766764977394303,0.5108472494598574
3,0.7449869224062772,0.6312255366583922,0.6537216828478964,0.3815028901734104,0.2661290322580645,0.2410578028098245,0.4930643642629385
4,0.759888108248764,0.6403450888854698,0.6375404530744336,0.37777777777777777,0.2698412698412698,0.2077584166677562,0.49025546471027687
