,AUROC,AUPRC,accuracy,f1,recall,mcc,gmean
0,0.7389791666666667,0.7474556405543911,0.6838709677419355,0.7100591715976331,0.75,0.36720949078653864,0.6782329983125268
1,0.7208453573247326,0.7445639596157438,0.6828478964401294,0.7292817679558011,0.7674418604651163,0.35126829426107925,0.6652363993224771
2,0.7615060140327431,0.7442437512967786,0.7129032258064516,0.7420289855072464,0.7804878048780488,0.4227598673446196,0.7050957666115658
3,0.769313485704647,0.7769678437995968,0.6990291262135923,0.7288629737609329,0.7485029940119761,0.39188466874480427,0.6925853405242441
4,0.7733939137785292,0.7770403205692221,0.7281553398058253,0.7692307692307693,0.8284023668639053,0.4493356686403235,0.7091957274840682
