,AUROC,AUPRC,accuracy,f1,recall,mcc,gmean
0,0.7963930348258708,0.9806884521072345,0.9469964664310954,0.9727767695099818,1.0,0.0,0.0
1,0.7487421383647799,0.9742864850472039,0.9363957597173145,0.9671532846715328,1.0,0.0,0.0
2,0.630964820619993,0.9461219238397802,0.9222614840989399,0.9595588235294118,1.0,0.0,0.0
3,0.7331749049429658,0.9691642721770799,0.9293286219081273,0.9633699633699634,1.0,0.0,0.0
4,0.7082089552238806,0.9678489157834231,0.9469964664310954,0.9727767695099818,1.0,0.0,0.0
