,AUROC,AUPRC,accuracy,f1,recall,mcc,gmean
0,0.9395881001623873,0.9634822143753412,0.8678368611254518,0.8957654723127035,0.8994276369582993,0.7152819361748828,0.8555040588914775
1,0.9277089205066384,0.9518191520362531,0.8513164687661332,0.8831168831168831,0.9051580698835274,0.6807160163119451,0.8311893594716283
2,0.9315693430656933,0.9609552042418887,0.8554465668559629,0.8894154818325435,0.9132197891321979,0.683112072012961,0.8299436146212369
3,0.9243476589845305,0.9525292426802785,0.8508002065049045,0.8839823364110799,0.9017199017199017,0.6762686239628318,0.8299902286568815
4,0.9195434974033987,0.9511753433892397,0.8482188951987609,0.8828685258964143,0.8949919224555735,0.6679324578899541,0.8276521755954349
