,AUROC,AUPRC,accuracy,f1,recall,mcc,gmean
0,0.8477455287800115,0.96500673627573,0.8944889307583608,0.9418181818181818,0.9923371647509579,0.4625044420039341,0.5369489512469604
1,0.8433311752653831,0.966481457429253,0.8996702779086199,0.944947014732489,0.9886425094645754,0.4492727572621105,0.5439403606749093
2,0.836068071362189,0.9618381697684703,0.8939679547596607,0.9416947395698367,0.9896514161220044,0.43616998539074514,0.5261421584925675
3,0.8116166077738515,0.9558615900867071,0.8926048045219029,0.9409326424870467,0.9869565217391304,0.42098490351139406,0.5248912565063927
4,0.8271994975467467,0.9633790230295073,0.9015080113100848,0.9465062707960071,0.9898286937901499,0.40486375480262743,0.4994053014618755
