,AUROC,AUPRC,accuracy,f1,recall,mcc,gmean
0,0.8794091902257799,0.9491683921946291,0.8257113821138211,0.8872081552121013,0.9284239504473503,0.5170842926099041,0.7053815469954446
1,0.8633733724555291,0.9372857063282692,0.822572445348246,0.8839374792151646,0.9261324041811847,0.5204369225873874,0.7092994860550615
2,0.8815741355257276,0.9497575329184931,0.8393492628368073,0.8952948972829688,0.9240766073871409,0.5567207996862059,0.7409159199450397
3,0.8863085561482765,0.9522067090686955,0.8413828164717845,0.8973684210526316,0.9304229195088677,0.5570960514893606,0.7351362381062486
4,0.8799624956049537,0.9507897392882436,0.813421453990849,0.8777074308563813,0.920979020979021,0.4977129693775043,0.696676150805147
