,AUROC,AUPRC,accuracy,f1,recall,mcc,gmean
0,0.8841387128496503,0.9380274596728673,0.8183029764549089,0.8697037273016884,0.888671875,0.5715004971149662,0.7699754644851295
1,0.8908717079448786,0.9469864946568649,0.8276321634828965,0.8790523690773068,0.9073359073359073,0.5836440999235629,0.7679213834171288
2,0.8892395636817543,0.936314171611406,0.8231111111111111,0.8730057434588385,0.9144385026737968,0.5901543172308307,0.7661508007316148
3,0.8865781511087025,0.9393235559981998,0.8183029764549089,0.8711811023622047,0.9068852459016393,0.569648252577729,0.757206268564048
4,0.8879032671812691,0.9452492221365459,0.8222222222222222,0.8755444928438083,0.8990415335463259,0.5676153059282241,0.7625116003530867
