,AUROC,AUPRC,accuracy,f1,recall,mcc,gmean
0,0.7680775472069237,0.9790027660741851,0.9588014981273408,0.978772674642995,0.997639653815893,0.3752577017875532,0.4325013700446277
1,0.8558547954235135,0.988193031414217,0.9535580524344569,0.9760986892829607,0.998422712933754,0.2745495633135909,0.3229749537569017
2,0.7905269533615991,0.9828436814089592,0.9580524344569289,0.9784283513097073,1.0,0.3641620413256977,0.3721042037676254
3,0.8224950971652701,0.983521090372849,0.9535580524344569,0.9760432766615147,0.9992088607594937,0.34766236468423367,0.37514482851359165
4,0.7642396301495114,0.9835713112178427,0.9610194902548725,0.9799382716049383,0.997643362136685,0.38506001677523727,0.4430098312501269
