,AUROC,AUPRC,accuracy,f1,recall,mcc,gmean
0,0.6342675412442854,0.9593826660750449,0.9378531073446328,0.9679032930387661,1.0,0.10964996217076958,0.11322770341445958
1,0.7485934407690132,0.9785589653537919,0.9515738498789347,0.9751861042183623,1.0,0.0,0.0
2,0.6948966961820433,0.9720789305444396,0.9418886198547215,0.970074812967581,1.0,0.0,0.0
3,0.6674265192807294,0.9678108117924475,0.9459241323648103,0.972210700953961,1.0,0.0,0.0
4,0.7685990831849105,0.9822334622994122,0.9531880548829701,0.9760330578512396,1.0,0.0,0.0
