,AUROC,AUPRC,accuracy,f1,recall,mcc,gmean
0,0.7537989007436146,0.9396335976302408,0.8857142857142857,0.9381255686988171,1.0,0.35748618273748883,0.38033417944002146
1,0.7246950244161552,0.9333302645637023,0.8747899159663866,0.9321802457897133,0.9951409135082604,0.2557707658526177,0.32415581263850857
2,0.7123192844109277,0.9252111388665234,0.8847771236333053,0.9378684807256236,0.9961464354527938,0.28501289356819665,0.34459531729694476
3,0.7238042079192821,0.9268621368640491,0.8722689075630252,0.9308462238398544,0.9922405431619786,0.2139670809932602,0.3059535886560369
4,0.7016306954436451,0.9267136233256466,0.8957106812447435,0.9440937781785392,0.9971428571428571,0.30891524769370216,0.35934163849349565
