,AUROC,AUPRC,accuracy,f1,recall,mcc,gmean
0,0.7395507252766633,0.9718878818057862,0.9438461538461539,0.9710891089108911,1.0,0.11293402315291155,0.11624763874381928
1,0.8096977459016393,0.9808907948817884,0.9384615384615385,0.9682539682539683,1.0,0.0,0.0
2,0.7948206967213115,0.9814712118019089,0.9392307692307692,0.9686383485510123,1.0,0.1083503569262022,0.11180339887498948
3,0.7788507749609516,0.9790607127677264,0.9376923076923077,0.9678188319427891,1.0,0.10693309635065679,0.11043152607484655
4,0.7881799052011818,0.978118210657182,0.9407236335642802,0.9694565648552161,1.0,0.0,0.0
