,AUROC,AUPRC,accuracy,f1,recall,mcc,gmean
0,0.8549427365883062,0.9746993154198859,0.8964968152866242,0.9437716262975778,0.9864376130198915,0.3645312923264845,0.47975908159336395
1,0.8630187959164202,0.9783398775697859,0.9036624203821656,0.9480017189514396,0.989237668161435,0.37119402030702514,0.47382258239000913
2,0.8678566592186338,0.9730467601388572,0.8861464968152867,0.9381220250973604,0.9908592321755028,0.32825344780968746,0.4211603440370922
3,0.8673723494486854,0.9805372289423926,0.9084394904458599,0.950917626973965,0.9902222222222222,0.35033306254149466,0.4517649865288756
4,0.8382471560917167,0.971226642098062,0.895617529880478,0.9434125269978402,0.9909255898366606,0.3639789621348869,0.4552498335488215
