,AUROC,AUPRC,accuracy,f1,recall,mcc,gmean
0,0.824605529820498,0.9884533102979711,0.9792307692307692,0.9893407027240426,0.9976114649681529,0.6202274348282983,0.6733942060960325
1,0.8509040249553287,0.9885563295029561,0.9761354888375674,0.9876837504966229,0.9975922953451043,0.639273707929532,0.6859755122922916
2,0.8326907655295787,0.9864051321041325,0.9745958429561201,0.9868995633187773,0.9967923015236567,0.6033549663018055,0.6639946555485232
3,0.8412918489874834,0.9945411857509928,0.9815242494226328,0.9906176700547302,0.999211356466877,0.4733947352140438,0.5078001528330398
4,0.8790121100662758,0.9941361245602813,0.9776751347190146,0.988560157790927,1.0,0.6010035921506032,0.6079187588743288
