,AUROC,AUPRC,accuracy,f1,recall,mcc,gmean
0,0.7688334050796384,0.9876640337161811,0.9661515820456218,0.9827844311377245,1.0,0.0,0.0
1,0.7861578109865782,0.9899561915742306,0.96759941089838,0.9835329341317365,1.0,0.0,0.0
2,0.7292932475208905,0.9840855266118298,0.9624447717231223,0.9808630393996247,1.0,0.0,0.0
3,0.7545244910941475,0.9864879955540878,0.9646539027982327,0.9820089955022488,1.0,0.0,0.0
4,0.7906817031735704,0.9877543292743247,0.9609720176730486,0.9800976342470897,1.0,0.0,0.0
