,AUROC,AUPRC,accuracy,f1,recall,mcc,gmean
0,0.820401402026216,0.9856839910713736,0.9516994633273703,0.9751381215469613,1.0,0.2839614559342557,0.291111254869791
1,0.8349141617790812,0.9877040099118852,0.945438282647585,0.9718764407561088,0.9981060606060606,0.15947193353657202,0.21976226824788314
2,0.8097377456351815,0.9798745846323557,0.9445438282647585,0.9713493530499075,0.9981006647673314,0.22256841577752265,0.27708658252046714
3,0.8222679142579018,0.9897754985393837,0.9597495527728086,0.9794050343249427,0.9990662931839402,0.21139497277846608,0.25252760032644844
4,0.8146627171132355,0.9860690033755405,0.9525514771709938,0.975632183908046,1.0,0.2258820447218527,0.23145502494313785
