,AUROC,AUPRC,accuracy,f1,recall,mcc,gmean
0,0.8004117436448264,0.9847636113960979,0.9720028715003589,0.9855287569573283,0.9984962406015038,0.6088330403143565,0.641932873111802
1,0.8670870725200097,0.9902285490618639,0.9719827586206896,0.9855180096546602,0.9977443609022556,0.6024404091838241,0.6468453644725728
2,0.7470541892169623,0.9757704074512059,0.9655419956927495,0.9821693907875185,0.9962321024868124,0.5218248147400906,0.5892128590678066
3,0.829169058553387,0.9878524063747645,0.9777298850574713,0.9885651051272594,1.0,0.6282632366260786,0.6354889093022426
4,0.8241611952644368,0.9883082165856723,0.9748563218390804,0.9870418363569049,0.9992503748125937,0.6214889612783224,0.643026370933227
