,AUROC,AUPRC,accuracy,f1,recall,mcc,gmean
0,0.7994013997344553,0.9899524294438449,0.970113085621971,0.984829848298483,1.0,0.0,0.0
1,0.7732358986069879,0.9902826253405452,0.9765561843168957,0.9881390593047035,1.0,0.0,0.0
2,0.8220046680497926,0.9930861084527244,0.9741309620048505,0.9868959868959869,1.0,0.0,0.0
3,0.6858402489626556,0.987077493521612,0.9741309620048505,0.9868959868959869,1.0,0.0,0.0
4,0.8269277785927339,0.9928310812949093,0.9725141471301536,0.9860655737704918,1.0,0.0,0.0
