,AUROC,AUPRC,accuracy,f1,recall,mcc,gmean
0,0.7587850570890146,0.7645319074547698,0.6912280701754386,0.6857142857142857,0.6881720430107527,0.38228303594131524,0.6911585788073605
1,0.7653111766016989,0.7583529017690094,0.6994727592267135,0.6767485822306238,0.6605166051660517,0.3966951547524015,0.696716018071062
2,0.7749617774709017,0.7706031679840069,0.7035087719298245,0.6910420475319927,0.6897810218978102,0.406054818030126,0.7028743511620015
3,0.7167111836573181,0.7221270558443099,0.6344463971880492,0.6148148148148148,0.5665529010238908,0.27535521670582724,0.6326783866553309
4,0.7461875926841324,0.7476693673731384,0.6959578207381371,0.6790352504638218,0.6535714285714286,0.39212507108118205,0.6940446479204129
