,AUROC,AUPRC,accuracy,f1,recall,mcc,gmean
0,0.9704153273557774,0.9834204808495522,0.927437641723356,0.936,0.9105058365758755,0.8541650528963323,0.9305752119008057
1,0.9782374255888189,0.9879353584400133,0.9365079365079365,0.946969696969697,0.9328358208955224,0.8685375468104337,0.9375044934180413
2,0.9768016014234875,0.988899119983716,0.9387755102040817,0.9508196721311475,0.9288256227758007,0.871571623371537,0.9424380625692913
3,0.9729747914237012,0.9874723420994129,0.9342403628117913,0.9475587703435805,0.9225352112676056,0.8618625938594552,0.9388306919195117
4,0.9887520996789352,0.9928938179053296,0.9454545454545454,0.9529411764705882,0.9455252918287937,0.8882403285189358,0.9454402377173187
