,AUROC,AUPRC,accuracy,f1,recall,mcc,gmean
0,0.9605547403603164,0.919794962864292,0.930898321816387,0.8553719008264463,0.7931034482758621,0.8146725454329781,0.8810385387843055
1,0.966993889612341,0.943398672721785,0.9397828232971372,0.8820116054158608,0.8507462686567164,0.8426862263862193,0.9092664633386073
2,0.9503580781358559,0.9175671711226456,0.9447186574531096,0.8793103448275862,0.8395061728395061,0.8451609348741871,0.9060748429195135
3,0.9790322580645162,0.9507792214740888,0.9378084896347483,0.8679245283018868,0.8346774193548387,0.8284614688861447,0.9003741579412555
4,0.9597739361702128,0.9263056169998918,0.9337944664031621,0.8651911468812877,0.8269230769230769,0.8229863043032176,0.8959526652653431
