,AUROC,AUPRC,accuracy,f1,recall,mcc,gmean
0,0.849497693348926,0.8078367589861035,0.7654986522911051,0.7293934681181959,0.716030534351145,0.52290750089368,0.7590168601443382
1,0.8458240530428327,0.801434933068961,0.7661725067385444,0.7328714395688991,0.7190332326283988,0.525407039923049,0.7603950877655766
2,0.8362447727906329,0.7911515090394862,0.75590020229265,0.7126984126984127,0.7093206951026856,0.5005316682865358,0.74885285376957
3,0.8421057031861073,0.8031063427636884,0.7668463611859838,0.7271293375394322,0.7305863708399366,0.5236257499285206,0.7614749162870651
4,0.8350801365632086,0.7998598235381681,0.7633175994605529,0.7216494845360825,0.7043343653250774,0.5164727966991869,0.754781148564462
