,AUROC,AUPRC,accuracy,f1,recall,mcc,gmean
0,0.8427678317703893,0.7885008588387002,0.7350746268656716,0.6321243523316062,0.5304347826086957,0.45689869064830874,0.6866568171518163
1,0.7922455089820358,0.718862280629966,0.7490636704119851,0.6256983240223464,0.56,0.44777680970318584,0.6948915393764742
2,0.8225787284610815,0.7581045665169992,0.7378277153558053,0.6195652173913043,0.5588235294117647,0.4290151320779157,0.6885879012026783
3,0.7941310801552866,0.7567494613588848,0.7116104868913857,0.6051282051282051,0.5086206896551724,0.40851646859555046,0.6642693059993799
4,0.8092717258261934,0.6940212781783924,0.7378277153558053,0.5977011494252874,0.5473684210526316,0.40948133053250324,0.6792969221522592
