,AUROC,AUPRC,accuracy,f1,recall,mcc,gmean
0,0.6673762376237624,0.6245174792616709,0.6318407960199005,0.6509433962264151,0.6831683168316832,0.2646132248634486,0.6294740850602003
1,0.6489029790660226,0.6353154699325603,0.61,0.6454545454545455,0.6574074074074074,0.21261289287132093,0.6036823396039994
2,0.6771825396825397,0.6173927782993597,0.6019900497512438,0.6694214876033058,0.84375,0.2517561958999031,0.5669467095138409
3,0.65155,0.6323011547548356,0.625,0.6835443037974683,0.81,0.26909736821692776,0.5969924622639721
4,0.6950620993589743,0.6284878655791659,0.615,0.6804979253112033,0.8541666666666666,0.27792911773683193,0.5802919799991053
