,AUROC,AUPRC,accuracy,f1,recall,mcc,gmean
0,0.6969287173939176,0.7154578888315238,0.637065637065637,0.6866666666666666,0.7304964539007093,0.2617920988469698,0.619532219253844
1,0.7655857365083163,0.7791235455273837,0.6795366795366795,0.746177370030581,0.8905109489051095,0.3761470687988256,0.6278220957736402
2,0.6271787474456065,0.6301401868711,0.637065637065637,0.7134146341463414,0.8297872340425532,0.2629768253609644,0.5809824177890598
3,0.7196859903381643,0.7283689018513329,0.667953667953668,0.7378048780487805,0.8402777777777778,0.3203647760866569,0.6164022151333137
4,0.7324545563982184,0.7186256527782777,0.694980694980695,0.7554179566563467,0.8591549295774648,0.38497611279479643,0.6526146355435042
