,AUROC,AUPRC,accuracy,f1,recall,mcc,gmean
0,0.7262810472141419,0.4111469144298229,0.8494208494208494,0.09302325581395349,0.04878048780487805,0.20341583352495304,0.2208630521496931
1,0.6653054374580444,0.31521459442153593,0.8416988416988417,0.0,0.0,0.0,0.0
2,0.6432458697764821,0.3081097227910168,0.8108108108108109,0.0392156862745098,0.02040816326530612,0.07000622011063193,0.14251660091186336
3,0.7619154173193109,0.4318149471197576,0.8416988416988417,0.0,0.0,0.0,0.0
4,0.6864917395529642,0.36635977100760175,0.8185328185328186,0.0784313725490196,0.04081632653061224,0.18262492202773548,0.20203050891044214
