,AUROC,AUPRC,accuracy,f1,recall,mcc,gmean
0,0.7975361787873236,0.9210460140908463,0.8301158301158301,0.9035087719298246,1.0,0.3740648717828056,0.4120816918460671
1,0.734354066985646,0.907182187097347,0.8223938223938224,0.9008620689655172,1.0,0.2560637175606501,0.282842712474619
2,0.7205508474576271,0.878242207139233,0.7876447876447876,0.8785871964679912,0.995,0.22233750815117198,0.29038256472850615
3,0.638353309015112,0.8471527443283704,0.7760617760617761,0.8728070175438597,0.9851485148514851,0.06093137069323899,0.1859209900903942
4,0.8111429564009033,0.9215146931076712,0.7953667953667953,0.8840262582056893,1.0,0.23577522193894285,0.26490647141300877
