,AUROC,AUPRC,accuracy,f1,recall,mcc,gmean
0,0.6564105777666374,0.5653936982335417,0.6254826254826255,0.2595419847328244,0.16831683168316833,0.1311302648388687,0.39302414486061027
1,0.7600651840490797,0.6574552976450687,0.6602316602316602,0.2,0.11458333333333333,0.2054281812630049,0.3353720883255073
2,0.6244696326827495,0.5419664020207862,0.5598455598455598,0.22972972972972974,0.1504424778761062,0.03939166455934517,0.36317320265165143
3,0.6874424720578568,0.5077020242432841,0.6640926640926641,0.2564102564102564,0.16666666666666666,0.1490639110387252,0.3934874167493027
4,0.7033051263183714,0.5793365052446864,0.5945945945945946,0.16,0.09259259259259259,0.09205319163456042,0.2971535306042179
