,AUROC,AUPRC,accuracy,f1,recall,mcc,gmean
0,0.8619402985074627,0.9917783078830746,0.950354609929078,0.9745454545454545,1.0,0.0,0.0
1,0.8810114503816795,0.9896181523569736,0.9290780141843972,0.9632352941176471,1.0,0.0,0.0
2,0.8867146367146368,0.9872834801572731,0.9217081850533808,0.9592592592592593,1.0,0.0,0.0
3,0.8081106870229008,0.9814580886321006,0.9290780141843972,0.9632352941176471,1.0,0.0,0.0
4,0.7070626003210273,0.9734029685386697,0.9501779359430605,0.9744525547445255,1.0,0.0,0.0
