,AUROC,AUPRC,accuracy,f1,recall,mcc,gmean
0,0.869608370536379,0.8904041843134464,0.7969291728578505,0.8146473779385172,0.8066248880931065,0.5903047446484672,0.7956996536189469
1,0.8709416939638723,0.9014452077592684,0.7979197622585439,0.8152173913043478,0.8014247551202137,0.592839550579744,0.7974659929566914
2,0.8638292802787747,0.8884627647439485,0.7794846382556987,0.7981859410430839,0.7906558849955077,0.5553202874122083,0.7781011937639547
3,0.8725244296406284,0.9004059553899171,0.7860326894502229,0.8067978533094812,0.7782571182053495,0.569705989383136,0.787331470317258
4,0.8509833359847279,0.877364535920859,0.7839444995044599,0.8005489478499542,0.78125,0.5660081437322055,0.7842717175499669
