,AUROC,AUPRC,accuracy,f1,recall,mcc,gmean
0,0.8576969712632909,0.9660233579477643,0.9,0.9452789699570815,0.9904440697020798,0.4432849585661098,0.5299203336277639
1,0.868800747953236,0.9739051818311889,0.8965686274509804,0.9432032301480484,0.9887133182844243,0.4381553935565885,0.5329827554122117
2,0.8574669950738916,0.9656164665753169,0.8897058823529411,0.939106901217862,0.9914285714285714,0.44297597155576196,0.5229699197332603
3,0.850369156854567,0.9615440299112381,0.8921568627450981,0.9405726634251755,0.9914578587699316,0.44519395204329265,0.5251598376498038
4,0.8388035547280727,0.9655260104210964,0.8960274644433546,0.9432244242099626,0.9904386951631046,0.411364348640117,0.5004555544653969
