,AUROC,AUPRC,accuracy,f1,recall,mcc,gmean
0,0.86654378726935,0.9401587385622923,0.8240297713981924,0.8870692596383487,0.9461426491994177,0.516156881226345,0.6830371643254937
1,0.8509228497600589,0.9344370473370238,0.8032961190855927,0.871616932685635,0.9201465201465201,0.46794710476146006,0.674331944225276
2,0.8729088252097993,0.9429159847769336,0.8250930356193514,0.8869804190999656,0.9395924308588064,0.5215614605359437,0.6954822152606654
3,0.8857212756159336,0.9527665880133291,0.834662413609782,0.8930168558651531,0.9433139534883721,0.5488014892071177,0.712798688963298
4,0.8725826203799774,0.9472390468538767,0.8085106382978723,0.8744769874476988,0.920704845814978,0.48597432887593717,0.6876004510494209
