,AUROC,AUPRC,accuracy,f1,recall,mcc,gmean
0,0.9059459921209198,0.9403101869379182,0.834508952794357,0.8705982180738226,0.890625,0.6426727176093225,0.8123503981163709
1,0.9130024497013084,0.9383091858954369,0.8268186753528773,0.8580329327992879,0.8723981900452489,0.6367640684757103,0.8134475172235741
2,0.9219018074452381,0.9465115192078027,0.8490770901194354,0.8810949529512404,0.9066901408450704,0.6770251406050116,0.8281284876659831
3,0.9218247282470795,0.9476658454417837,0.8572204125950055,0.887942053685556,0.8936535162950258,0.6913623378625224,0.842555230794103
4,0.9059262628591368,0.9367521853345653,0.8333333333333334,0.8670420095279342,0.8819383259911894,0.6445996146416936,0.8161688766364169
