,AUROC,AUPRC,accuracy,f1,recall,mcc,gmean
0,0.6964420308657993,0.9209581027800138,0.8802039082412915,0.9351724137931035,0.9990176817288802,0.3134457591628155,0.34551334475178275
1,0.7209126101171557,0.9124485150130048,0.864910790144435,0.9261495587552253,0.996003996003996,0.28522655997355284,0.34473378988262876
2,0.726952308300842,0.9387528681716373,0.8937977909940527,0.943207632894139,0.9971181556195965,0.26810132677655435,0.32038182847918256
3,0.7049983025618259,0.9290556150670468,0.8836023789294817,0.9372423270728355,0.995136186770428,0.2681821543122472,0.3369555282537847
4,0.6754984445701357,0.9248266161561147,0.8971088435374149,0.9449248975876194,0.9980769230769231,0.3121902059528086,0.3532132718126761
