,AUROC,AUPRC,accuracy,f1,recall,mcc,gmean
0,0.74360638944146,0.9747646903314208,0.9553030303030303,0.9769441187964049,0.9976057462090981,0.34666913990615567,0.40470485299083025
1,0.7967594606350588,0.9795935873917617,0.9545454545454546,0.9765990639625585,0.9984051036682615,0.30066218601686834,0.34787756530802294
2,0.7461815909061316,0.9762978653278522,0.9553030303030303,0.9770695685969685,0.9984114376489277,0.19970275755579123,0.2558702844583211
3,0.7754839606575609,0.9775115131172368,0.9545454545454546,0.9765807962529274,1.0,0.352796297231934,0.3611575592573076
4,0.7223325390521579,0.9761011909593822,0.9598180439727066,0.9793854531310774,1.0,0.3345949195110434,0.3415650255319866
