,AUROC,AUPRC,accuracy,f1,recall,mcc,gmean
0,0.7861473366950675,0.9828405641425562,0.9463452566096423,0.9723889555822329,1.0,0.16326438268873017,0.16783627165933782
1,0.726447983519531,0.9694474498067076,0.9346811819595645,0.9662379421221865,1.0,0.0,0.0
2,0.7576178257121664,0.974406806752673,0.9361867704280156,0.9670152855993563,1.0,0.1062015061070733,0.10976425998969035
3,0.7502898938542503,0.9769687544236108,0.942457231726283,0.9703763010408326,1.0,0.0,0.0
4,0.708275482093664,0.9703881098020805,0.9431906614785992,0.9707180104292018,1.0,0.15858559030317246,0.16329931618554522
