,AUROC,AUPRC,accuracy,f1,recall,mcc,gmean
0,0.7436834528802958,0.9295996349093154,0.8449053201082056,0.9158512720156555,0.9989327641408752,0.04049846923163577,0.07620858631890516
1,0.7354692986734295,0.9286698202345557,0.8429602888086642,0.914622178606477,1.0,0.09785635988940054,0.10660035817780522
2,0.7235177509461165,0.917180843971156,0.8394950405770965,0.9126594700686947,1.0,0.06847705567313432,0.07474350927519359
3,0.7673127637130802,0.9461811815044607,0.8564981949458483,0.9224768405655778,0.9978902953586498,0.0872674794065012,0.13678612151082684
4,0.7505717193486591,0.9264375043969916,0.8384476534296029,0.912039312039312,1.0,0.06824391370300183,0.07453559924999299
