,AUROC,AUPRC,accuracy,f1,recall,mcc,gmean
0,0.730653446752099,0.9776272031700943,0.9495934959349593,0.9741451209341118,1.0,0.0,0.0
1,0.7684099684099684,0.9767648527772094,0.9414157851912124,0.9697732997481109,1.0,0.15950263010612445,0.1643989873053573
2,0.726562307407864,0.9726025584570263,0.9430431244914564,0.9706867671691792,1.0,0.0,0.0
3,0.7501089057692831,0.9786368320866365,0.9487388120423108,0.9736951983298539,1.0,0.0,0.0
4,0.7061518146423807,0.9747550765871024,0.9487388120423108,0.9736951983298539,1.0,0.0,0.0
