,AUROC,AUPRC,accuracy,f1,recall,mcc,gmean
0,0.7290466540677156,0.984943276627878,0.9705882352941176,0.9850622406639005,1.0,0.16196130555790833,0.1643989873053573
1,0.7742600862917266,0.9929903333439527,0.982011447260834,0.990924092409241,1.0,0.0,0.0
2,0.7784452721374504,0.9891983621653289,0.9714052287581699,0.985495234148363,1.0,0.0,0.0
3,0.7351096767422335,0.9868727614679731,0.9730171708912511,0.9863240779113137,0.9991603694374476,-0.00468903533517641,0.0
4,0.7779275713649632,0.9882668592127708,0.9721995094031071,0.9859038142620232,1.0,0.0,0.0
