,AUROC,AUPRC,accuracy,f1,recall,mcc,gmean
0,0.7759986314258833,0.9892007937996103,0.9665178571428571,0.9829738933030647,1.0,0.0,0.0
1,0.766615502686109,0.9886639708929656,0.9702159344750558,0.9848828420256992,1.0,0.0,0.0
2,0.7450434627292213,0.9848120360077608,0.9613095238095238,0.9802731411229135,1.0,0.0,0.0
3,0.7622041763341066,0.9864271435913379,0.9627699180938198,0.9810318664643399,1.0,0.0,0.0
4,0.7241553953405232,0.9819149722349247,0.9612807148175726,0.9802581624905087,1.0,0.0,0.0
