,AUROC,AUPRC,accuracy,f1,recall,mcc,gmean
0,0.8022162288930582,0.9830734126939576,0.9745824255628177,0.9868272487768159,0.9992378048780488,0.6702567221517773,0.690332940312354
1,0.7768189580358893,0.9830499910713383,0.9745824255628177,0.9869158878504672,0.9977324263038548,0.589010989010989,0.6375606489478124
2,0.7590406744901447,0.9784216022474828,0.9687726942628904,0.9838163342115167,0.9977099236641221,0.5905307884423854,0.6340837547546465
3,0.8356538220372799,0.9882791122688028,0.9767610748002905,0.9880418535127056,0.9984894259818731,0.6231049136345945,0.6582603831538621
4,0.7406470792633488,0.9784027443543821,0.9709302325581395,0.984984984984985,0.9962034927866363,0.5683593224885413,0.6365809603653323
