,AUROC,AUPRC,accuracy,f1,recall,mcc,gmean
0,0.7767367959675652,0.982079086589819,0.9574660633484163,0.9781496978149697,0.9990503323836657,0.30543889724041917,0.3395217789066873
1,0.7610925039872407,0.9776893525171858,0.951131221719457,0.9748134328358209,1.0,0.30836089606206585,0.31622776601683794
2,0.7704071773636991,0.9755406020131687,0.9402714932126697,0.9690431519699813,0.9980676328502416,0.2407249964029393,0.2924870155140334
3,0.7796588501716706,0.9860083052765032,0.9565610859728507,0.9776744186046512,0.9981006647673314,0.2834699872827568,0.33936037087336446
4,0.7704342674541766,0.982662551052378,0.9547101449275363,0.9767657992565055,1.0,0.2324504499029178,0.23791547571544325
