,AUROC,AUPRC,accuracy,f1,recall,mcc,gmean
0,0.8265128968253969,0.957457516619626,0.8677536231884058,0.927,0.9903846153846154,0.33620369676863404,0.427492154459637
1,0.8380492343816351,0.9591302750375345,0.8721668177697189,0.9289672544080605,0.9903329752953813,0.39247633458390246,0.4799062348571227
2,0.8395988440438871,0.9560914757814276,0.8677536231884058,0.9266331658291457,0.9935344827586207,0.37903900935639673,0.4508025758382988
3,0.8192205332923895,0.951703955251308,0.8658204895738894,0.926,0.9893162393162394,0.3162990350832323,0.41448453623683806
4,0.827601879802415,0.9506096010890404,0.8558476881233001,0.9191662430096594,0.9923161361141603,0.3766751158309072,0.4546784889975737
