,AUROC,AUPRC,accuracy,f1,recall,mcc,gmean
0,0.8493472981177901,0.9739435221659115,0.894524959742351,0.9431176726009552,0.9890710382513661,0.3063570876513821,0.41438354445928466
1,0.891054717341482,0.9806740031915911,0.8969404186795491,0.9442508710801394,0.9963235294117647,0.3860360323573966,0.44055533050464624
2,0.8702546487432705,0.9763818284112432,0.9009661835748792,0.9468682505399568,0.9918552036199095,0.3158516281434726,0.4080635209180948
3,0.8712797667577634,0.9773116207405237,0.9041867954911433,0.9483282674772037,0.9900271985494107,0.3715856571931311,0.46989087325677276
4,0.8441258094357077,0.9686024434118785,0.8879935535858179,0.9391684901531728,0.9925994449583718,0.34255636482077556,0.42415639733323
