,AUROC,AUPRC,accuracy,f1,recall,mcc,gmean
0,0.7566701033520256,0.7555202463937122,0.6991150442477876,0.6516393442622951,0.5977443609022557,0.3955587379699548,0.6868756981133025
1,0.7581097392310208,0.7468172208820266,0.7185840707964601,0.6888454011741683,0.6616541353383458,0.43398993804144703,0.7134176332913529
2,0.743578016139542,0.7478126924659376,0.6831858407079646,0.671559633027523,0.6512455516014235,0.3668165175782297,0.6822777896917438
3,0.7314856598475733,0.7627600495738922,0.6584070796460177,0.628131021194605,0.5659722222222222,0.32588503652758344,0.6534777677474825
4,0.7555940095645608,0.7655855081704278,0.6950354609929078,0.6730038022813688,0.6459854014598541,0.3894186687087828,0.6920406140011821
