,AUROC,AUPRC,accuracy,f1,recall,mcc,gmean
0,0.9600106651899482,0.9218485233920866,0.9209486166007905,0.8319327731092437,0.7644787644787645,0.7860010642940001,0.8632433768406493
1,0.961304553092336,0.9305741498671383,0.9318181818181818,0.8611670020120724,0.8136882129277566,0.8186307071444238,0.8899218453438518
2,0.9596069059075396,0.9161293066859908,0.9317507418397626,0.8509719222462203,0.7975708502024291,0.8100216120379878,0.8818934023098874
3,0.974099959668004,0.9425938170639864,0.9268774703557312,0.8438818565400844,0.8130081300813008,0.7972096621536496,0.8850366191476915
4,0.9551647509578544,0.9144829270940275,0.9169139465875371,0.8264462809917356,0.7662835249042146,0.776402667023632,0.8618492695789784
