,AUROC,AUPRC,accuracy,f1,recall,mcc,gmean
0,0.8436886001632029,0.8219368292511323,0.7793904208998549,0.7672281776416539,0.7889763779527559,0.5586417945734308,0.7800364630388508
1,0.8547046091163739,0.8283952181998865,0.7851959361393324,0.768025078369906,0.7777777777777778,0.5682385156912723,0.7845810596087895
2,0.8497551666873007,0.8114720253425869,0.7668845315904139,0.7417538213998391,0.750814332247557,0.529496172552477,0.7651780283407479
3,0.8424933191667472,0.7899939734987541,0.7656023222060958,0.7345932621199671,0.7512605042016807,0.5253160684294588,0.7637763162371086
4,0.8341970622566435,0.7969493380960593,0.7581699346405228,0.7312348668280871,0.7294685990338164,0.5114401832420822,0.7551550718746602
