,AUROC,AUPRC,accuracy,f1,recall,mcc,gmean
0,0.7242647058823529,0.6546787470096802,0.6234309623430963,0.35714285714285715,0.24271844660194175,0.21149136641979394,0.47042758537126733
1,0.8162264442384924,0.6723369987841322,0.7154811715481172,0.43333333333333335,0.3132530120481928,0.3194967824647197,0.5395967555819235
2,0.7718193660442901,0.6646198239521122,0.694560669456067,0.546583850931677,0.4489795918367347,0.3507846786826352,0.6232806717471902
3,0.7687133247459568,0.7123771420300216,0.6652719665271967,0.4444444444444444,0.3137254901960784,0.31285122467365895,0.5392826896710541
4,0.7896924032934596,0.6799795523736483,0.7531380753138075,0.5354330708661418,0.4146341463414634,0.4184346717251353,0.620953578199951
