,AUROC,AUPRC,accuracy,f1,recall,mcc,gmean
0,0.6926709296606001,0.6999989355272709,0.6188118811881188,0.5925925925925926,0.5233644859813084,0.2537700568998245,0.6165451239106534
1,0.6806318681318682,0.6666696556094442,0.6138613861386139,0.6213592233009708,0.6153846153846154,0.22754022935788001,0.6138127491766567
2,0.7558962264150944,0.7097409838197435,0.6683168316831684,0.6378378378378379,0.6145833333333334,0.3335203240159438,0.6638107065180934
3,0.679552590266876,0.6549614051033008,0.6039603960396039,0.6,0.5769230769230769,0.209740834548739,0.604145802523229
4,0.7406093906093907,0.6730143941119614,0.6567164179104478,0.6461538461538462,0.6923076923076923,0.31834253079807745,0.6589884173987691
