,AUROC,AUPRC,accuracy,f1,recall,mcc,gmean
0,0.7621712864250179,0.3660806144485046,0.8709677419354839,0.2,0.11904761904761904,0.23279742892905475,0.3430961912442919
1,0.7610935568072538,0.40950434097500454,0.8122977346278317,0.21621621621621623,0.13793103448275862,0.1868971319738132,0.3654241729995319
2,0.822620940267999,0.5153154213636287,0.8516129032258064,0.34285714285714286,0.23529411764705882,0.3219084117499605,0.47847133369734
3,0.7814814814814814,0.5218030351422822,0.8414239482200647,0.2222222222222222,0.12962962962962962,0.27503262278717405,0.3586264444406496
4,0.7462563538947659,0.4546390402729799,0.8220064724919094,0.2465753424657534,0.15517241379310345,0.23850118149244678,0.38918262174072143
