,AUROC,AUPRC,accuracy,f1,recall,mcc,gmean
0,0.7972708333333334,0.7844918203618448,0.7161290322580646,0.7317073170731707,0.75,0.4312958341782087,0.714142842854285
1,0.7894245459175012,0.8092349927665639,0.7216828478964401,0.7584269662921348,0.7848837209302325,0.4324258458263503,0.7100414681107982
2,0.8081565319077848,0.8246215324095659,0.7290322580645161,0.7586206896551724,0.8048780487804879,0.4560090519745357,0.7198674563378225
3,0.7600784346799359,0.792462753365188,0.686084142394822,0.7104477611940299,0.7125748502994012,0.367706059278692,0.6831444544301167
4,0.8240278951817414,0.8076835820740116,0.7475728155339806,0.7771428571428571,0.8047337278106509,0.48840997657228863,0.7389650298221726
