,AUROC,AUPRC,accuracy,f1,recall,mcc,gmean
0,0.7825094709936556,0.6648680553412735,0.7129032258064516,0.518918918918919,0.44036697247706424,0.3341601401823484,0.6156478860474445
1,0.7580274214949138,0.6400075762911618,0.6957928802588996,0.5523809523809524,0.48739495798319327,0.33491202081327565,0.6346196888620581
2,0.7746491228070175,0.6808391089667868,0.7225806451612903,0.5904761904761905,0.5166666666666667,0.3962890504653084,0.6637215649573801
3,0.7580645161290323,0.6921921943052267,0.7087378640776699,0.5054945054945055,0.3709677419354839,0.38424945556079776,0.588986391596287
4,0.82311995836586,0.7456107782384173,0.7216828478964401,0.5904761904761905,0.49206349206349204,0.4107161304595523,0.6579576872065709
