,AUROC,AUPRC,accuracy,f1,recall,mcc,gmean
0,0.8443302387267905,0.936935178163405,0.8032258064516129,0.8796844181459567,0.9612068965517241,0.4038643754976279,0.5660408985670334
1,0.8814119513484928,0.9656537174745846,0.8802588996763754,0.9292543021032504,0.9798387096774194,0.5790732716683106,0.6825137070700084
2,0.8491666666666667,0.9378536157078761,0.832258064516129,0.9003831417624522,0.9791666666666666,0.44888214645483027,0.5672091241122541
3,0.8630304841601912,0.9517497225290837,0.8478964401294499,0.9097888675623801,0.9916317991631799,0.5169951318127302,0.5951085732762131
4,0.8480872683801554,0.9370396779541001,0.8478964401294499,0.9080234833659491,0.9707112970711297,0.5148054998078222,0.6449954475158708
