,AUROC,AUPRC,accuracy,f1,recall,mcc,gmean
0,0.8146766169154228,0.9878172804986345,0.9293286219081273,0.9630996309963099,0.9738805970149254,0.13688873415798433,0.36034809041905125
1,0.7248427672955976,0.9620855161313032,0.9222614840989399,0.959409594095941,0.9811320754716981,0.062153179383217995,0.2334680653241583
2,0.6863462208289794,0.9513349867842791,0.9257950530035336,0.961038961038961,0.9923371647509579,0.26158054734794906,0.3678569073487971
3,0.7371673003802282,0.9745324111297279,0.9222614840989399,0.959409594095941,0.9885931558935361,0.08378592497765873,0.22232781606150143
4,0.6640547263681593,0.9645358291565562,0.9363957597173145,0.967032967032967,0.9850746268656716,0.0879919431184468,0.2562647884338478
