,AUROC,AUPRC,accuracy,f1,recall,mcc,gmean
0,0.8527295950810334,0.8911663546546003,0.7743467933491687,0.8003362757461118,0.7913549459684123,0.5411762440368035,0.7712536612170992
1,0.8478477347428839,0.8864301753662878,0.7619952494061758,0.7872611464968153,0.7783375314861462,0.5174359780662242,0.75928570372841
2,0.8507909638620327,0.8836560240467257,0.7705463182897863,0.7945555082943428,0.7969283276450512,0.5347557752835649,0.766589787901657
3,0.8447351116050755,0.8886321951957453,0.7672209026128266,0.7941176470588235,0.7745901639344263,0.5276359251559329,0.7657760067213719
4,0.8441127915645967,0.8776079994690886,0.7748218527315914,0.7958656330749354,0.7771236333052985,0.5459205635582406,0.7744743313359738
