,AUROC,AUPRC,accuracy,f1,recall,mcc,gmean
0,0.92802861128098,0.9569656867840408,0.8544140423335054,0.8862903225806451,0.8986099754701553,0.6845971315187507,0.8365153364219908
1,0.918515625884297,0.9462940773905467,0.8456375838926175,0.8791919191919192,0.9051580698835274,0.6680591788640322,0.8230001020291885
2,0.9283989530339897,0.9576572317907373,0.8497676819824471,0.885568226504129,0.9132197891321979,0.6701163568483609,0.8213022246684673
3,0.9135725364775645,0.9447610042286216,0.8347960764068146,0.8713826366559485,0.8877968877968878,0.6415790858879152,0.812950125590717
4,0.9092946073435164,0.9460591931624223,0.8275684047496128,0.8672496025437202,0.8812600969305331,0.6221164858997092,0.803430742491592
