,AUROC,AUPRC,accuracy,f1,recall,mcc,gmean
0,0.890649129516317,0.9428204529920751,0.8289649044868947,0.8791967367430185,0.912109375,0.5922299368028324,0.77018829717926
1,0.8904820992338925,0.9458222484839088,0.8258551754775655,0.8792359827479975,0.9182754182754183,0.5758087632669466,0.7544178641615751
2,0.8895019787514716,0.9354221851845379,0.8248888888888889,0.8755527479469362,0.9264705882352942,0.5933269218576765,0.7599395973401798
3,0.8899272907916723,0.9417279444398842,0.8227454464682363,0.8759714019272614,0.9239344262295082,0.5778856301411124,0.750851629267129
4,0.8883967258226253,0.9460363044751773,0.824,0.8775510204081632,0.9067092651757188,0.569615428951734,0.7588105659290746
