,AUROC,AUPRC,accuracy,f1,recall,mcc,gmean
0,0.8709900507152928,0.9469251733100543,0.8165650406504065,0.8845538855132715,0.9518238128011012,0.47691801381057103,0.6434261057254537
1,0.860921904063294,0.9338745569915174,0.813421453990849,0.8811913240530916,0.9484320557491289,0.48292066243159165,0.652749046937852
2,0.8736926223402095,0.9452575031253094,0.824097610574479,0.8884590586718246,0.9425444596443229,0.4971820386562385,0.673454672144171
3,0.8782755090092667,0.9475178964947786,0.8276563294356889,0.89152,0.9502046384720327,0.5026636437960069,0.6676112420718916
4,0.8667630321261607,0.9416007749138733,0.8063040162684291,0.8764991896272285,0.9454545454545454,0.46488090667874044,0.6418611840449187
