,AUROC,AUPRC,accuracy,f1,recall,mcc,gmean
0,0.511520737327189,0.20549185114402507,0.8157894736842105,0.0,0.0,0.0,0.0
1,0.5677083333333333,0.218113711001642,0.8421052631578947,0.0,0.0,0.0,0.0
2,0.5294117647058824,0.1137914230019493,0.918918918918919,0.0,0.0,0.0,0.0
3,0.7316176470588235,0.2140151515151515,0.8421052631578947,0.0,0.0,-0.08084520834544433,0.0
4,0.4318181818181818,0.11245720510426392,0.8648648648648649,0.0,0.0,-0.058025885318565944,0.0
