,AUROC,AUPRC,accuracy,f1,recall,mcc,gmean
0,0.8888888888888888,0.4444444444444444,0.9,0.0,0.0,0.0,0.0
1,0.6499999999999999,0.39809523809523806,0.8275862068965517,0.0,0.0,0.0,0.0
2,0.46296296296296297,0.09215686274509804,0.896551724137931,0.0,0.0,-0.05143444998736397,0.0
3,0.47435897435897434,0.16349206349206347,0.896551724137931,0.0,0.0,0.0,0.0
4,0.42000000000000004,0.1679258241758242,0.8620689655172413,0.0,0.0,0.0,0.0
