,AUROC,AUPRC,accuracy,f1,recall,mcc,gmean
0,0.8288138263159079,0.9917570165838651,0.970113085621971,0.984829848298483,1.0,0.0,0.0
1,0.8286566567709522,0.9944661592081689,0.9765561843168957,0.9881390593047035,1.0,0.0,0.0
2,0.8317816390041495,0.9939000142257811,0.973322554567502,0.9864809504301516,0.9991701244813278,-0.00463524005005246,0.0
3,0.6453060165975104,0.9830589378953966,0.9741309620048505,0.9868959868959869,1.0,0.0,0.0
4,0.7794484377292065,0.9862153090775674,0.9725141471301536,0.9860655737704918,1.0,0.0,0.0
