,AUROC,AUPRC,accuracy,f1,recall,mcc,gmean
0,0.7109145519998233,0.9683181097621468,0.9378531073446328,0.9679032930387661,1.0,0.10964996217076958,0.11322770341445958
1,0.7511733107152955,0.9795030396704261,0.9523809523809523,0.9755895738518825,1.0,0.12598561345670142,0.12909944487358055
2,0.7196931829001236,0.9738239768238387,0.9418886198547215,0.970074812967581,1.0,0.0,0.0
3,0.700709337272681,0.9699459618271833,0.9459241323648103,0.972210700953961,1.0,0.0,0.0
4,0.8042351601506614,0.9870393796997516,0.9531880548829701,0.9760330578512396,1.0,0.0,0.0
