,AUROC,AUPRC,accuracy,f1,recall,mcc,gmean
0,0.8215255472035498,0.9906578239820746,0.9676232523914643,0.9835205992509364,1.0,0.20510607375175252,0.20851441405707477
1,0.8499809741248097,0.9937101046949468,0.96759941089838,0.9835205992509364,0.9992389649923896,0.10142262752769056,0.1506982961983969
2,0.7453905816343369,0.985351342306732,0.9624447717231223,0.9808630393996247,1.0,0.0,0.0
3,0.8013040712468193,0.9892616175049707,0.9646539027982327,0.9820089955022488,1.0,0.0,0.0
4,0.7960962914769031,0.9886998513998964,0.9617083946980854,0.980465815176559,1.0,0.13470304004502687,0.13736056394868904
