,AUROC,AUPRC,accuracy,f1,recall,mcc,gmean
0,0.8618987341772152,0.9739282402373245,0.8949044585987261,0.9435414884516681,0.9972875226039783,0.32519457081713565,0.373657936038507
1,0.8746461851604491,0.9795612515043335,0.8980891719745223,0.945624468988955,0.9982062780269059,0.2857419162590093,0.3258713814327746
2,0.8802164443541652,0.9770647347608095,0.8813694267515924,0.9361337333904843,0.9981718464351006,0.2632823721269515,0.30401203777870567
3,0.8738999151823579,0.98085107432087,0.9068471337579618,0.9505285412262157,0.9991111111111111,0.3096538416608327,0.3382336997157582
4,0.8487865200526672,0.9730972711955537,0.8844621513944223,0.9380076955964087,0.9954627949183303,0.22132684892932758,0.2908295138120818
