,AUROC,AUPRC,accuracy,f1,recall,mcc,gmean
0,0.8218018277556377,0.9856073945737046,0.9552772808586762,0.9769372693726938,1.0,0.3816607117599773,0.39056673294247163
1,0.857908724340176,0.9898428610565657,0.9516994633273703,0.9750231267345051,0.9981060606060606,0.35402838185371693,0.40122917202622305
2,0.8287968441814595,0.9828841225977485,0.9508050089445438,0.974548819990745,1.0,0.3823733597958786,0.3922322702763681
3,0.8229632278443292,0.9896357797386016,0.960644007155635,0.9798350137488543,0.9981325863678805,0.2659001534343407,0.32585935263348004
4,0.8364581930793052,0.9883718574220015,0.954341987466428,0.9765301426599171,1.0,0.2918745894226972,0.2988071523335984
