,AUROC,AUPRC,accuracy,f1,recall,mcc,gmean
0,0.8681499202551834,0.9693721950502666,0.8923766816143498,0.94,0.9894736842105263,0.4892100994785212,0.5743035446551839
1,0.8670112893642306,0.9656807389890283,0.8672645739910314,0.926,0.9903743315508021,0.38783023956749735,0.4749581712201547
2,0.8758410785167974,0.9722603788670379,0.8753363228699551,0.930115635997989,0.9850905218317358,0.4277149968649144,0.5342774252405731
3,0.8795744989834446,0.9704999998241813,0.8807174887892377,0.9333333333333333,0.9914802981895634,0.4580663275913731,0.536007416034113
4,0.8702961026112153,0.9660561425081468,0.8771300448430494,0.9309823677581864,0.9903536977491961,0.4594798859693005,0.5420712195131621
