,AUROC,AUPRC,accuracy,f1,recall,mcc,gmean
0,0.7676855076936643,0.9791702106339556,0.9446153846153846,0.971473851030111,1.0,0.15977433801196336,0.1643989873053573
1,0.8356762295081968,0.9849758138846786,0.9415384615384615,0.9697933227344993,1.0,0.21695137988629598,0.22360679774997896
2,0.828657786885246,0.9838348985814422,0.94,0.9689737470167065,0.9983606557377049,0.17146454305853118,0.22342343831139394
3,0.8104149144939725,0.9829068723626846,0.94,0.9689243027888447,0.9983579638752053,0.22234871566642359,0.27027871304003204
4,0.8082343188726167,0.9817772990641009,0.9430331023864511,0.9706115965051628,1.0,0.1916674509049769,0.19738550848793068
