,AUROC,AUPRC,accuracy,f1,recall,mcc,gmean
0,0.7851371491211863,0.8002699202415539,0.7175438596491228,0.688588007736944,0.6379928315412187,0.43770450867347566,0.7116515424148112
1,0.8123034250476733,0.8019868232030329,0.7416520210896309,0.7134502923976608,0.6752767527675276,0.48216281412598205,0.735921884330833
2,0.8145714144801735,0.8161394561048219,0.7543859649122807,0.732824427480916,0.7007299270072993,0.5082550563527604,0.750616239237615
3,0.7606222486026613,0.7716909939851646,0.6924428822495606,0.6788990825688074,0.6313993174061433,0.3910320099329012,0.6914657225250691
4,0.7857328225407809,0.7716097735221097,0.7328646748681898,0.7164179104477612,0.6857142857142857,0.4665497776139454,0.7306576510683751
