,AUROC,AUPRC,accuracy,f1,recall,mcc,gmean
0,0.9673490103197429,0.9824202720261123,0.9229024943310657,0.9308943089430894,0.8910505836575876,0.8484355020324791,0.9284366356216268
1,0.9868648089034596,0.9923098442330305,0.9365079365079365,0.9461538461538461,0.917910447761194,0.8714295547207286,0.9413157830027976
2,0.9833629893238435,0.9918789464265366,0.9297052154195011,0.9424860853432282,0.9039145907473309,0.8576783107436207,0.9387847069369247
3,0.9818112496635866,0.9912245146666824,0.9365079365079365,0.9487179487179487,0.9119718309859155,0.8705965248363022,0.9458042174017699
4,0.9894537645382833,0.9935527634992152,0.95,0.9563492063492064,0.9377431906614786,0.8988610998189244,0.9523641699891565
