,AUROC,AUPRC,accuracy,f1,recall,mcc,gmean
0,0.9581524618896227,0.9283187971331223,0.9249753208292202,0.8416666666666667,0.7739463601532567,0.7982397721973056,0.8697414744225108
1,0.9707252328959232,0.9477351730832966,0.9368213228035538,0.8735177865612648,0.8246268656716418,0.8342123761394828,0.8976691354784033
2,0.9569932125487681,0.9264260940678825,0.9427443237907206,0.8728070175438597,0.8189300411522634,0.8390922071548956,0.8966830008650795
3,0.9734977862112587,0.9433142333561039,0.9368213228035538,0.8608695652173913,0.7983870967741935,0.8245464002557763,0.8853112961448045
4,0.9678293780687398,0.9408254979673397,0.9367588932806324,0.8677685950413223,0.8076923076923077,0.8304756782599029,0.8903120143045681
