,AUROC,AUPRC,accuracy,f1,recall,mcc,gmean
0,0.8619867586257701,0.826095930080553,0.7796495956873315,0.7439310884886453,0.7251908396946565,0.5513477811781211,0.7723978867022447
1,0.8505303548195029,0.820162947529945,0.772911051212938,0.7352710133542812,0.7069486404833837,0.5383321187897868,0.7641751487812615
2,0.834602732088096,0.7946761148662693,0.76062036412677,0.7171314741035857,0.7109004739336493,0.5097369328850304,0.7530256782802487
3,0.8522832623926369,0.8179032526636145,0.7742587601078167,0.731355252606255,0.722662440570523,0.5368650564370963,0.7662312202605429
4,0.8448424455615107,0.820593037124344,0.7660148347943359,0.7208366854384554,0.6934984520123839,0.5211805923729711,0.7550126673235492
