,AUROC,AUPRC,accuracy,f1,recall,mcc,gmean
0,0.8597897129866439,0.8213347095718198,0.7388059701492538,0.6236559139784946,0.5043478260869565,0.4703710532689892,0.6793340436226246
1,0.8449700598802395,0.7754035015730784,0.7640449438202247,0.6701570680628273,0.64,0.48843051682094407,0.73247999707008
2,0.8244800950683304,0.7513013706306242,0.7340823970037453,0.6203208556149733,0.5686274509803921,0.42241795226458345,0.6896225943500881
3,0.8505937428636675,0.8210308814834806,0.7265917602996255,0.6137566137566137,0.5,0.4455881170962571,0.6710671544844187
4,0.8654222766217871,0.8162066366156958,0.8052434456928839,0.7078651685393258,0.6631578947368421,0.5656778535456805,0.7655367474053136
