,AUROC,AUPRC,accuracy,f1,recall,mcc,gmean
0,0.7511067388096409,0.7519618949662,0.6633663366336634,0.6565656565656566,0.6074766355140186,0.33484821072191584,0.6642438348303896
1,0.7132554945054945,0.6931125260223792,0.6881188118811881,0.7149321266968326,0.7596153846153846,0.37644983293622114,0.6819608813136367
2,0.7807586477987422,0.7012555999741711,0.7326732673267327,0.7127659574468085,0.6979166666666666,0.4633442942685255,0.7302832869820335
3,0.706289246467818,0.7001576309044393,0.6485148514851485,0.6502463054187192,0.6346153846153846,0.2978076503300128,0.6487822187351767
4,0.7478521478521478,0.6997081366095674,0.6616915422885572,0.6633663366336634,0.7362637362637363,0.33660016830012623,0.6646489613008071
