,AUROC,AUPRC,accuracy,f1,recall,mcc,gmean
0,0.7653125000000001,0.742405524982058,0.7161290322580646,0.7441860465116279,0.8,0.4341103613634558,0.7080489625254269
1,0.780491427601426,0.8046340113002628,0.7378640776699029,0.784,0.8546511627906976,0.46660917446612005,0.7108478754894966
2,0.7981122619445371,0.7936319042434861,0.7322580645161291,0.7621776504297995,0.8109756097560976,0.46279499884039377,0.7225890821371361
3,0.7966180315425486,0.8074070906151957,0.7346278317152104,0.7696629213483146,0.8203592814371258,0.46439952881023866,0.7210728281152089
4,0.7980346576500423,0.772077222662046,0.7443365695792881,0.7859078590785907,0.8579881656804734,0.4845676644019692,0.7217488387978201
