,AUROC,AUPRC,accuracy,f1,recall,mcc,gmean
0,0.6823471926083867,0.300389617164857,0.8516129032258064,0.17857142857142858,0.11904761904761904,0.1408552881658502,0.339189845431406
1,0.7555639510921831,0.45561909408596557,0.8414239482200647,0.40963855421686746,0.29310344827586204,0.3740643272265711,0.5326926934934744
2,0.8122870769929593,0.5182222163681383,0.864516129032258,0.43243243243243246,0.3137254901960784,0.40556033083296156,0.5524911066193571
3,0.7729484386347132,0.4862982298341869,0.8381877022653722,0.2857142857142857,0.18518518518518517,0.27705397680825705,0.4252386232578593
4,0.6912694051380683,0.40059430984368094,0.8252427184466019,0.2702702702702703,0.1724137931034483,0.2617044037094457,0.41023450348548135
