,AUROC,AUPRC,accuracy,f1,recall,mcc,gmean
0,0.8391080901856762,0.9246014631853118,0.8129032258064516,0.8849206349206349,0.9612068965517241,0.44061733888302695,0.597805817027398
1,0.9017715494447383,0.972249746504528,0.8576051779935275,0.9153846153846154,0.9596774193548387,0.49323725946627567,0.6517478432567665
2,0.8547916666666666,0.9415164465492526,0.8483870967741935,0.9090909090909091,0.9791666666666666,0.514029373662566,0.6258327785172862
3,0.8998804542737597,0.9670340443263163,0.8511326860841424,0.9098039215686274,0.9707112970711297,0.5271314357720607,0.6556572515881082
4,0.895367603108189,0.9648750770783082,0.8478964401294499,0.9080234833659491,0.9707112970711297,0.5148054998078222,0.6449954475158708
