,AUROC,AUPRC,accuracy,f1,recall,mcc,gmean
0,0.733169017298827,0.5790701143438197,0.7032258064516129,0.5053763440860215,0.43119266055045874,0.3115609364798833,0.6056695031413295
1,0.7419283502874835,0.6489509109555625,0.7119741100323624,0.5658536585365853,0.48739495798319327,0.3691997823606321,0.6446458970599257
2,0.777982456140351,0.6747784890775057,0.7032258064516129,0.5490196078431373,0.4666666666666667,0.3499210696074683,0.6307889796454161
3,0.7463818657367045,0.6598551542397741,0.6796116504854369,0.5123152709359606,0.41935483870967744,0.3072075460619565,0.5984577680063848
4,0.8052953421805882,0.7482789346217638,0.7119741100323624,0.5972850678733032,0.5238095238095238,0.3890799500370978,0.6639288043118026
