,AUROC,AUPRC,accuracy,f1,recall,mcc,gmean
0,0.8893034825870647,0.9927728236499109,0.9434628975265018,0.9706959706959707,0.9888059701492538,0.20771175034210276,0.3630988791223411
1,0.8248427672955975,0.9771700880412844,0.9399293286219081,0.9685767097966729,0.9886792452830189,0.331386818933827,0.46872859839333675
2,0.7507836990595611,0.9683029069592755,0.9328621908127208,0.9648798521256932,1.0,0.356525440341064,0.3692744729379982
3,0.7912547528517111,0.9783901472039611,0.9363957597173145,0.966789667896679,0.9961977186311787,0.317395942403052,0.386561324752848
4,0.7304726368159205,0.9708748302794687,0.9469964664310954,0.9725776965265083,0.9925373134328358,0.23889408291701425,0.36378332625027143
