,AUROC,AUPRC,accuracy,f1,recall,mcc,gmean
0,0.9446956215028939,0.9650679399294237,0.8683531233866805,0.9010477299185099,0.9493049877350777,0.7141451541517221,0.8322860915029214
1,0.9411570285352078,0.9609176157710844,0.8616417139907073,0.8962848297213623,0.9633943427620633,0.7068683009328557,0.81840604092654
2,0.9405724673744746,0.9648272483128315,0.8554465668559629,0.8935361216730038,0.9529602595296026,0.6839656220083525,0.8077455694474771
3,0.9337810385296419,0.9571219274778214,0.8606091894682498,0.8952676493405741,0.9451269451269452,0.697285720323852,0.8229003439345847
4,0.9239220118285758,0.9512226246932173,0.8502839442436758,0.8891437308868502,0.9394184168012925,0.6696885474507153,0.8065171893558767
