,AUROC,AUPRC,accuracy,f1,recall,mcc,gmean
0,0.902815734436285,0.9615933402321797,0.8084349593495935,0.8832455868689997,0.981417756366139,0.447087315399705,0.560744875274338
1,0.8951599381729585,0.9533674108858974,0.7981698017285206,0.8766697732214973,0.9832752613240419,0.4314544112969086,0.5421011172609488
2,0.9049355961587949,0.9593425035638532,0.8179969496695475,0.8893011750154607,0.9835841313269493,0.47096978005260126,0.5771093663308101
3,0.9104961972371763,0.9613615114795785,0.8246059989832232,0.8930895568639603,0.9829467939972715,0.4897946178526944,0.5959165263811568
4,0.8997623419411127,0.9604164483799906,0.7930859176410778,0.872852233676976,0.9769230769230769,0.4171485263374708,0.5445488480660812
