,AUROC,AUPRC,accuracy,f1,recall,mcc,gmean
0,0.8685196896403793,0.9655341995426975,0.8940178991992463,0.9417551126067822,0.9956212370005474,0.45868828091272634,0.5154834968753333
1,0.8751682700848358,0.9720331220006551,0.9010833725859633,0.9458762886597938,0.9924283396430503,0.45627974225771306,0.5315224329101339
2,0.8764616374910492,0.9718334169733622,0.9000942507068803,0.9450777202072539,0.9934640522875817,0.47861866405482095,0.5465655914826411
3,0.8735798509755723,0.9706839742527336,0.8982571832312765,0.9443011861784425,0.9951086956521739,0.45712472593580544,0.5169503563372324
4,0.855437201773761,0.9680845542380281,0.9000942507068803,0.9459459459459459,0.9930406852248393,0.38627127268104433,0.46371165052449376
