,AUROC,AUPRC,accuracy,f1,recall,mcc,gmean
0,0.8946835608687076,0.9086573634740899,0.8256532066508313,0.8511156186612576,0.8719866999168745,0.6421607199303393,0.8161336274349157
1,0.8833538188492468,0.9031807543314088,0.807125890736342,0.8325082508250825,0.8471872376154492,0.6058505516627777,0.799725878880277
2,0.8918997764925798,0.910942499686142,0.8114014251781473,0.8342379958246346,0.8523890784982935,0.6164867268254773,0.8048245843876933
3,0.8809775863665834,0.9090046909556685,0.8109263657957244,0.8356729975227085,0.8295081967213115,0.6132007442609225,0.8071069887013254
4,0.878610699975393,0.904848304648239,0.7961995249406176,0.8214731585518102,0.8301093355761143,0.584294563373168,0.7901863498443179
