,AUROC,AUPRC,accuracy,f1,recall,mcc,gmean
0,0.49308755760368667,0.1949461566002919,0.7894736842105263,0.0,0.0,-0.07812091314506639,0.0
1,0.6041666666666667,0.26282372598162074,0.8157894736842105,0.0,0.0,-0.07118684968143743,0.0
2,0.6176470588235293,0.12878787878787878,0.8918918918918919,0.0,0.0,-0.04950737714883372,0.0
3,0.7169117647058824,0.3906926406926407,0.9210526315789473,0.4,0.25,0.4793012932694108,0.5
4,0.2462121212121212,0.08637566137566137,0.8378378378378378,0.0,0.0,-0.0832250378576479,0.0
