,AUROC,AUPRC,accuracy,f1,recall,mcc,gmean
0,0.5308641975308642,0.19401709401709402,0.9,0.0,0.0,0.0,0.0
1,0.6541666666666667,0.3844444444444445,0.7931034482758621,0.0,0.0,-0.08625819491779428,0.0
2,0.3055555555555556,0.07261904761904761,0.8620689655172413,0.0,0.0,-0.07407407407407407,0.0
3,0.48717948717948717,0.12415824915824915,0.896551724137931,0.0,0.0,0.0,0.0
4,0.405,0.3461279461279461,0.896551724137931,0.4,0.25,0.472455591261534,0.5
