,AUROC,AUPRC,accuracy,f1,recall,mcc,gmean
0,0.8744484629294755,0.9763624655894716,0.9076433121019108,0.95,0.9963833634719711,0.450439830103707,0.502411304357528
1,0.8960977006010877,0.983881047273116,0.9044585987261147,0.9485861182519281,0.9928251121076234,0.3705973556076464,0.4518828085942044
2,0.8921586882433927,0.9779615991611138,0.8869426751592356,0.9386343993085566,0.9926873857404022,0.33250912107841235,0.4142168484446017
3,0.9030466497031383,0.9854132524205615,0.9140127388535032,0.9540034071550255,0.9955555555555555,0.3999472058928215,0.4612922072006942
4,0.8561290820018267,0.9748051824062768,0.8916334661354581,0.9415807560137457,0.9945553539019963,0.31550566723540224,0.3866630589735848
