,AUROC,AUPRC,accuracy,f1,recall,mcc,gmean
0,0.7400284900284901,0.97646886920142,0.9330104923325262,0.9652864910079465,0.9939707149009475,0.05609262181831094,0.15964469482949872
1,0.8084464235227593,0.9832876897816725,0.9572235673930589,0.978017420157611,1.0,0.3341372880609515,0.3415650255319866
2,0.7501547176997048,0.9739060809887818,0.9410815173527038,0.9695960016659725,0.9974293059125964,0.09302114854796155,0.16645230430571764
3,0.7089870612806275,0.9712634035925796,0.9483454398708636,0.973421926910299,1.0,0.20605245652121987,0.21160368475757949
4,0.7769642909282023,0.9827113936293543,0.9539951573849879,0.9763190693809721,0.9949195596951735,0.23967044714788321,0.34652056011714555
