,AUROC,AUPRC,accuracy,f1,recall,mcc,gmean
0,0.7931211088170804,0.9829308522327963,0.9534883720930233,0.9759926131117267,0.9981114258734656,0.34125884754070757,0.3901977515346956
1,0.8343032135874879,0.9851833084713739,0.9499105545617174,0.974025974025974,0.9943181818181818,0.34162112022019797,0.4386897313043766
2,0.8332529768427204,0.9817248776873242,0.9508050089445438,0.9745016226240149,0.9981006647673314,0.3845023565780097,0.42926068782371857
3,0.8041102966009098,0.9865503939682919,0.9597495527728086,0.9793861658268438,0.9981325863678805,0.22863480298465472,0.29145746543701456
4,0.8029318702033122,0.9826254577859215,0.955237242614145,0.9769585253456221,0.9990574929311969,0.32104354270336194,0.3533867380312957
