,AUROC,AUPRC,accuracy,f1,recall,mcc,gmean
0,0.8837065390749601,0.9738693178005677,0.8825112107623319,0.9348582794629537,0.9894736842105263,0.42366950270039677,0.5136727062272308
1,0.8726619132501485,0.9668193157956236,0.8654708520179372,0.9251497005988024,0.9914438502673797,0.37472888841068563,0.4574984293243252
2,0.8850354584180463,0.9718788738941245,0.8780269058295964,0.9318637274549099,0.9904153354632588,0.44137361457356944,0.5251101152794032
3,0.878727369542066,0.9670081563180393,0.8753363228699551,0.9304652326163082,0.9904153354632588,0.423910631251987,0.508781439900266
4,0.8625843609766438,0.9634469127149681,0.8708520179372198,0.927710843373494,0.9903536977491961,0.42065660102255453,0.5057179848373787
