,AUROC,AUPRC,accuracy,f1,recall,mcc,gmean
0,0.8071877039404101,0.9908736428386761,0.9733441033925686,0.9864476386036961,1.0,0.324371775114535,0.3287979746107146
1,0.8546471797213975,0.9956011197240646,0.9749393694421988,0.9873106835857552,0.9983443708609272,-0.00623515208189036,0.0
2,0.8033065352697095,0.9915180100090506,0.973322554567502,0.986469864698647,0.9983402489626556,0.09549902212593454,0.1766299317218998
3,0.7403786307053942,0.9880531102066505,0.9749393694421988,0.9873002867677182,1.0,0.17454575813478795,0.1767766952966369
4,0.8248374162632635,0.9933201769887707,0.9717057396928052,0.985649856498565,0.999168744804655,-0.00478186608319857,0.0
