,AUROC,AUPRC,accuracy,f1,recall,mcc,gmean
0,0.861302113491604,0.9902763027330098,0.9784615384615385,0.9889589905362776,0.9984076433121019,0.5987247972290973,0.6390927088035505
1,0.8816666161906781,0.9926457899445466,0.9776751347190146,0.9884508164078056,0.9959871589085072,0.6730349105504527,0.7382236150502518
2,0.8799811856147061,0.9904012242392024,0.970746728252502,0.984920634920635,0.9951884522854851,0.5316102800494074,0.6186798763016066
3,0.8829754757301314,0.9951342499306425,0.9830638953040801,0.9913928012519562,0.999211356466877,0.535995871790199,0.5677378303597297
4,0.8777369096776432,0.9922348315709675,0.9830638953040801,0.9912974683544303,1.0,0.7160562637740316,0.7223151185146152
