,AUROC,AUPRC,accuracy,f1,recall,mcc,gmean
0,0.7866652734067663,0.9805936687219301,0.9610486891385768,0.9798761609907121,0.996066089693155,0.4391450526722488,0.5143734587580743
1,0.8654774236075146,0.9887408503120214,0.9595505617977528,0.9791021671826625,0.9976340694006309,0.435826171615752,0.48809934623718315
2,0.7927983040581466,0.9818254613698677,0.9565543071161049,0.9775541795665634,0.9944881889763779,0.3630006264359073,0.4628147103185246
3,0.825498083437333,0.9817796451155105,0.9520599250936329,0.9752130131680867,0.9960443037974683,0.33033770382714417,0.41029930067547443
4,0.7750763009800008,0.9803748924158051,0.9610194902548725,0.9798293250581847,0.9921445404556166,0.43491578397114067,0.5559034334801577
