,AUROC,AUPRC,accuracy,f1,recall,mcc,gmean
0,0.7269702127140407,0.9252305135220986,0.8789915966386554,0.9340054995417049,0.988360814742968,0.3022650316784247,0.40967652524120973
1,0.6835919816018688,0.9236868995829558,0.8781512605042017,0.9335167354424576,0.989310009718173,0.3054464500731035,0.4073194471965933
2,0.708127575954778,0.9324343930554859,0.8814129520605551,0.9357045143638851,0.9884393063583815,0.2679771394224551,0.37948784534876256
3,0.7099658998712857,0.9232504643066006,0.8697478991596639,0.9289967934035731,0.9835111542192047,0.22367499865401622,0.36041323451540624
4,0.7129085303186022,0.9262656622762625,0.8889823380992431,0.9398359161349134,0.981904761904762,0.28448157376368116,0.42856229292535464
