,AUROC,AUPRC,accuracy,f1,recall,mcc,gmean
0,0.7935254803675856,0.9810107667320984,0.9720028715003589,0.985539488320356,0.9992481203007518,0.6081363579490014,0.6297039239717168
1,0.862121028377395,0.9895780237817557,0.9734195402298851,0.9862606758262161,0.9984962406015038,0.6268224830799655,0.6594156564746402
2,0.7524833869973282,0.977740661911405,0.964824120603015,0.9817776124953514,0.9947249434815373,0.5161300444228828,0.6014300967411039
3,0.8004735935706085,0.9856672667939279,0.9755747126436781,0.9874353288987435,0.9970149253731343,0.5884184772943402,0.64947209862213
4,0.7827379413741404,0.9827236612902959,0.9705459770114943,0.9848204368752314,0.9970014992503748,0.5402780625268901,0.6008188591020774
