,AUROC,AUPRC,accuracy,f1,recall,mcc,gmean
0,0.8007642520203313,0.9485514882540167,0.8549686660698299,0.9202755905511811,0.9915164369034994,0.2469560995237212,0.33759059012453546
1,0.7863262355078955,0.9480085546692616,0.8692927484333035,0.9283611383709519,0.9926547743966422,0.3078416424350586,0.3889978475073375
2,0.777426254593381,0.9327586596271947,0.8343777976723367,0.9082796232027764,0.9924160346695557,0.19978113833274758,0.28609219690055515
3,0.8204004693780741,0.9564749355534307,0.8666069829901522,0.9264197530864198,0.989451476793249,0.3219870595751598,0.41909697444263094
4,0.80333456379968,0.9487079851288791,0.855863921217547,0.9204152249134948,0.9851851851851852,0.2566623490467526,0.3784118405950029
