,AUROC,AUPRC,accuracy,f1,recall,mcc,gmean
0,0.8011122196356649,0.7896103975013012,0.7508771929824561,0.7248062015503876,0.6702508960573477,0.5055406977271163,0.745041953083888
1,0.8081799945516234,0.7992861872530386,0.7486818980667839,0.7265774378585086,0.7011070110701108,0.49574319713468656,0.745143683753727
2,0.8246387354507791,0.7867785075721222,0.7596491228070176,0.7467652495378928,0.7372262773722628,0.5182807068745946,0.7585086498308498
3,0.7814401246475736,0.7741718654066081,0.6994727592267135,0.6885245901639344,0.6450511945392492,0.4041509561005086,0.6989010515966028
4,0.7933885318833417,0.7234463014270358,0.7381370826010545,0.7235621521335807,0.6964285714285714,0.4768351032051518,0.7363437885849531
