,AUROC,AUPRC,accuracy,f1,recall,mcc,gmean
0,0.9823951108103536,0.9892250807425866,0.9365079365079365,0.9437751004016064,0.914396887159533,0.8734061240098812,0.9405209180878714
1,0.9932922094728669,0.9962105312970918,0.9614512471655329,0.9681050656660413,0.9626865671641791,0.9194913827453195,0.9611107800345268
2,0.9854092526690392,0.9929235929069675,0.9455782312925171,0.9562043795620438,0.9323843416370107,0.8864871345595631,0.9503932506919723
3,0.9841885709159416,0.9922530900942694,0.9297052154195011,0.9443447037701975,0.926056338028169,0.8502813989891799,0.9311669334222443
4,0.9914418149731028,0.9935717414308618,0.9431818181818182,0.9504950495049505,0.933852140077821,0.8846513822759644,0.9450015887852566
