,AUROC,AUPRC,accuracy,f1,recall,mcc,gmean
0,0.8969861600935553,0.874227495073517,0.816711590296496,0.7878315132605305,0.7709923664122137,0.6271016970511442,0.8108816651357703
1,0.9076105732830544,0.8837731319747747,0.8295148247978437,0.7996832937450514,0.7628398791540786,0.6542059562202778,0.8208222038588886
2,0.9015463246910139,0.8665916350077447,0.8219824679703304,0.7874396135265701,0.7725118483412322,0.6347563899820592,0.8145252311038762
3,0.907083789292197,0.8741690842580081,0.8369272237196765,0.8045234248788369,0.7892234548335975,0.6650969543394554,0.8296825268881118
4,0.9064595655277768,0.883475497444889,0.830074173971679,0.7937806873977087,0.7507739938080495,0.65318252228847,0.8180150520043145
