,AUROC,AUPRC,accuracy,f1,recall,mcc,gmean
0,0.859136118215402,0.7961024299785697,0.7425373134328358,0.6310160427807486,0.5130434782608696,0.47799284069704767,0.6851653440852333
1,0.8994610778443114,0.8574696938356652,0.8202247191011236,0.7575757575757576,0.75,0.6148209971492152,0.8041806928957865
2,0.8205585264408792,0.7590732080733497,0.7528089887640449,0.6206896551724138,0.5294117647058824,0.46019240159190894,0.6867734371761149
3,0.8596140671386161,0.8287026868456477,0.7415730337078652,0.6532663316582915,0.5603448275862069,0.4724387222918288,0.7025302523191529
4,0.8831395348837209,0.8160888372936659,0.8202247191011236,0.7209302325581395,0.6526315789473685,0.5975534772288049,0.7718264275546192
