,AUROC,AUPRC,accuracy,f1,recall,mcc,gmean
0,0.8680371352785146,0.9474476773235567,0.8096774193548387,0.882703777335984,0.9568965517241379,0.4300933395616237,0.596463939202724
1,0.8815772078265468,0.9617637207621809,0.8802588996763754,0.9273084479371316,0.9516129032258065,0.5953472055285004,0.7494048405358139
2,0.8459226190476191,0.9262652022106885,0.8548387096774194,0.9112426035502958,0.9625,0.5421887185451211,0.6837397165588672
3,0.9140466228332337,0.971352547071895,0.8770226537216829,0.924901185770751,0.9790794979079498,0.6200588032106609,0.7193840760638243
4,0.8664076509264794,0.929368188569441,0.8737864077669902,0.9218436873747495,0.9623430962343096,0.6116722447731837,0.7415593979617006
