,AUROC,AUPRC,accuracy,f1,recall,mcc,gmean
0,0.7584399431414357,0.33551323729162874,0.8548387096774194,0.18181818181818182,0.11904761904761904,0.15229714772237676,0.33984402124730817
1,0.7847918670146998,0.453550724371556,0.8090614886731392,0.25316455696202533,0.1724137931034483,0.19950284607153443,0.40602685888836876
2,0.8285638579756227,0.5176728409335293,0.8451612903225807,0.3142857142857143,0.21568627450980393,0.285633745213251,0.45719159025579287
3,0.7816267247639797,0.47859775188206616,0.8381877022653722,0.2857142857142857,0.18518518518518517,0.27705397680825705,0.4252386232578593
4,0.7538466822365709,0.4711432408313521,0.8220064724919094,0.3373493975903614,0.2413793103448276,0.28288430320894514,0.4804174582529839
