,AUROC,AUPRC,accuracy,f1,recall,mcc,gmean
0,0.7958958333333334,0.7767744114704707,0.7387096774193549,0.7522935779816514,0.76875,0.4765997050658296,0.7370549504616328
1,0.7969147852656595,0.8142535489033663,0.7249190938511327,0.7645429362880887,0.8023255813953488,0.43836398654338377,0.709682770705684
2,0.8186393250918811,0.8312961052315697,0.7354838709677419,0.7602339181286549,0.7926829268292683,0.4683176786651621,0.7294346038517491
3,0.7983047988529982,0.8269263925640328,0.7281553398058253,0.7485029940119761,0.7485029940119761,0.4527283461246521,0.7260267106074515
4,0.8220836855452242,0.8148778106087828,0.7702265372168284,0.8033240997229917,0.8579881656804734,0.5359967190664419,0.754949853624559
