,AUROC,AUPRC,accuracy,f1,recall,mcc,gmean
0,0.7946517412935323,0.984631265202106,0.9293286219081273,0.9630996309963099,0.9738805970149254,0.13688873415798433,0.36034809041905125
1,0.7450733752620545,0.9737503335536425,0.9257950530035336,0.9611829944547134,0.9811320754716981,0.14494055698895017,0.3301737043624324
2,0.640891675374434,0.9484883713262796,0.9257950530035336,0.961038961038961,0.9923371647509579,0.26158054734794906,0.3678569073487971
3,0.7359315589353612,0.9722583369544984,0.9222614840989399,0.959409594095941,0.9885931558935361,0.08378592497765873,0.22232781606150143
4,0.7434079601990049,0.9770571899575287,0.9328621908127208,0.9651376146788991,0.9813432835820896,0.07466701208934338,0.2557789779714887
