,AUROC,AUPRC,accuracy,f1,recall,mcc,gmean
0,0.9104183510513901,0.964458712285889,0.850609756097561,0.9009433962264151,0.9201651754989677,0.5999248065899919,0.7759687514266194
1,0.8965235388121873,0.954241327425078,0.84799186578546,0.8977777777777778,0.9149825783972125,0.6034734838049517,0.781384465518113
2,0.9054922728935,0.9610838551196641,0.85866802236909,0.9059539918809202,0.9158686730506156,0.6224243414500278,0.7967185616456564
3,0.9107045118494254,0.9631860342694075,0.8627351296390442,0.908968307484828,0.9195088676671214,0.6308760225163424,0.8003350032310577
4,0.9071290906486438,0.9603319414325561,0.8505338078291815,0.8990384615384616,0.9153846153846154,0.6131676653995688,0.7877081764982258
