,AUROC,AUPRC,accuracy,f1,recall,mcc,gmean
0,0.9559149906896528,0.9741138076257925,0.8884873515745999,0.913322632423756,0.9304987735077678,0.7581910467139387,0.8716518856406704
1,0.9479959704347628,0.9646042524771179,0.8853897780072276,0.9107717041800643,0.9425956738768719,0.7544609353350799,0.8639339561212056
2,0.9513347434195976,0.9713223785377455,0.8926174496644296,0.9165329052969502,0.9261962692619627,0.7664000289011927,0.8787882363147493
3,0.9466803014289049,0.9652305244604166,0.8879710893133712,0.9126760563380282,0.9287469287469288,0.7574606425961691,0.8718484346952668
4,0.9385095486050925,0.9616905224834109,0.8662880743417656,0.8968538430904023,0.9095315024232633,0.7074917638208282,0.8475002283815521
