,AUROC,AUPRC,accuracy,f1,recall,mcc,gmean
0,0.8783922469267297,0.9708200071976096,0.904851625058879,0.9470649895178197,0.9890530925013684,0.5330101244544423,0.6171864357196599
1,0.8669422808935981,0.9737645295017604,0.9123881300047103,0.9513343799058085,0.9832341806381828,0.5463028067326503,0.6534715478533165
2,0.8828242835595776,0.975583910134985,0.9132893496701225,0.9516806722689075,0.9869281045751634,0.5695655801332552,0.6593940351747376
3,0.8577143186357351,0.9681582313677937,0.9067357512953368,0.9482758620689655,0.9864130434782609,0.5224931840620043,0.6192022531671209
4,0.8696245510799373,0.9754372847053014,0.9104618284637135,0.9509043927648578,0.9850107066381156,0.48795711243425344,0.5973068989541432
