,AUROC,AUPRC,accuracy,f1,recall,mcc,gmean
0,0.90370756405365,0.9238325865146331,0.828978622327791,0.8482293423271501,0.8362427265170407,0.6528081820497005,0.8277231981704151
1,0.897664283732663,0.9186757599432167,0.8166270783847981,0.8390325271059216,0.8446683459277917,0.6261055057178375,0.8117359431536626
2,0.8908704900701981,0.9106187846496503,0.8171021377672208,0.835960801022582,0.8370307167235495,0.6293082580939892,0.8142393656309489
3,0.8873302769287764,0.9118989229771886,0.8090261282660333,0.8320802005012531,0.8163934426229508,0.6115103511364943,0.8075842220054327
4,0.8866612066211009,0.9072524381318852,0.8137767220902613,0.8320479862896315,0.8166526492851135,0.6238173464548741,0.8133414458938408
