,AUROC,AUPRC,accuracy,f1,recall,mcc,gmean
0,0.4930875576036866,0.2189295162509448,0.8157894736842105,0.0,0.0,0.0,0.0
1,0.5260416666666666,0.18400673400673404,0.7368421052631579,0.0,0.0,-0.14852213144650114,0.0
2,0.5,0.12418300653594772,0.918918918918919,0.0,0.0,0.0,0.0
3,0.7058823529411764,0.1929093567251462,0.8421052631578947,0.0,0.0,-0.08084520834544433,0.0
4,0.36363636363636365,0.10155075187969924,0.8378378378378378,0.0,0.0,-0.0832250378576479,0.0
