,AUROC,AUPRC,accuracy,f1,recall,mcc,gmean
0,0.7530864197530865,0.2569444444444444,0.9,0.0,0.0,0.0,0.0
1,0.7666666666666666,0.5288235294117647,0.8620689655172413,0.3333333333333333,0.2,0.41403933560541256,0.4472135954999579
2,0.3148148148148148,0.07333333333333333,0.8275862068965517,0.0,0.0,-0.09245003270420485,0.0
3,0.35256410256410253,0.11364159190246145,0.7931034482758621,0.0,0.0,-0.11538461538461539,0.0
4,0.52,0.2547313797313797,0.8620689655172413,0.0,0.0,0.0,0.0
