,AUROC,AUPRC,accuracy,f1,recall,mcc,gmean
0,0.8013247404224848,0.9821082592258115,0.9720028715003589,0.9855180096546602,0.9977443609022556,0.6102656954323324,0.6539149226779939
1,0.8468287654620422,0.9859711464920424,0.978448275862069,0.9888392857142857,0.9992481203007518,0.7102980857482061,0.7292858633503451
2,0.7511132424470781,0.9772183782048631,0.9705671213208902,0.9847526961695797,0.9977392614920875,0.6077593252335725,0.6506022771688162
3,0.8254305396096442,0.9873097973859047,0.9762931034482759,0.9878093830809014,0.9977611940298508,0.6009175365768501,0.649715119060428
4,0.7991327612056041,0.9855463553486361,0.9762931034482759,0.9877551020408163,0.9977511244377811,0.6507050871072355,0.6940266252998769
