,AUROC,AUPRC,accuracy,f1,recall,mcc,gmean
0,0.8239083398898505,0.9858135823509901,0.9632958801498127,0.9809412679891093,0.99213217938631,0.5117765820104965,0.6225364507984873
1,0.8844225246009699,0.9916326334551085,0.9670411985018726,0.9829325058184639,0.999211356466877,0.5756660334967033,0.5982695513293623
2,0.8348031496062993,0.9865825179299025,0.9662921348314607,0.9825783972125436,0.9992125984251968,0.5448300098665427,0.5681747370298241
3,0.8430814316277411,0.9858145112651752,0.9602996254681648,0.9794014768752429,0.9968354430379747,0.4980263720094234,0.5557684661651808
4,0.8327495396185596,0.9874052203552544,0.9647676161919041,0.9817475728155339,0.992930086410055,0.5050984378958017,0.6118688382356068
