,AUROC,AUPRC,accuracy,f1,recall,mcc,gmean
0,0.8315142786416726,0.9909425605555309,0.9709208400646203,0.985233798195242,1.0,0.16198909975469544,0.1643989873053573
1,0.8657084950902032,0.9950149707391338,0.9749393694421988,0.9873106835857552,0.9983443708609272,-0.00623515208189036,0.0
2,0.8572095435684647,0.9946119137146273,0.9717057396928052,0.9856380796060731,0.9966804979253112,0.06988063369194887,0.17648304609838866
3,0.7003501037344397,0.9871936601929229,0.9741309620048505,0.9868852459016394,0.9991701244813278,0.12019351134176487,0.17670332874635242
4,0.8507774680944696,0.9944017665749427,0.9708973322554567,0.985233798195242,0.99833748960931,-0.0067653172008939055,0.0
