,AUROC,AUPRC,accuracy,f1,recall,mcc,gmean
0,0.8443833236826868,0.9899900734345397,0.9815384615384616,0.990506329113924,0.9968152866242038,0.6754823891035151,0.7373719746964537
1,0.8783957721311972,0.989961154327374,0.9799846035411856,0.9896331738437002,0.9959871589085072,0.713254389256897,0.7754680763604604
2,0.8784313120720498,0.9916906526660376,0.9761354888375674,0.9876444798724592,0.9935846030473136,0.6496421010621979,0.744388668748391
3,0.8926808792103389,0.9959484772158345,0.9830638953040801,0.9913928012519562,0.999211356466877,0.535995871790199,0.5677378303597297
4,0.8951472986571359,0.9939548277056325,0.9846035411855273,0.9920823436262867,1.0,0.7458802226912854,0.7518094115561123
