,AUROC,AUPRC,accuracy,f1,recall,mcc,gmean
0,0.7463117560016784,0.9752711236733508,0.9386602098466506,0.9682274247491639,0.9974160206718347,0.1865502035653178,0.2528575179860007
1,0.8293539722929038,0.9874160057240742,0.9556093623890234,0.9771878888428038,0.9991518235793045,0.2839741837464575,0.3160936291005095
2,0.7551770922593545,0.9767631290317396,0.9402744148506861,0.969140950792327,0.9957155098543273,0.10919235688190766,0.20368639189678406
3,0.7589335744485762,0.978826929676564,0.9491525423728814,0.9738045738045739,0.9991467576791809,0.2403505707787214,0.27306261346361693
4,0.8460538993839236,0.9902410144667759,0.9548022598870056,0.9767634854771784,0.9966130397967824,0.23622682510409473,0.3210886180926267
