,AUROC,AUPRC,accuracy,f1,recall,mcc,gmean
0,0.8700205304811416,0.9937816475644354,0.9661515820456218,0.9827327327327328,0.996953541507997,0.19835934215726347,0.2944343938894422
1,0.8714975093399752,0.9947654130619018,0.9683357879234168,0.9838649155722327,0.997716894977169,0.21913331349028234,0.3011669568644863
2,0.7974856354171356,0.9885209586634011,0.9631811487481591,0.9812171299774606,0.9992348890589136,0.15570245110179076,0.1979537368272672
3,0.8625477099236641,0.9933268688541604,0.9668630338733432,0.9830890642615558,0.9984732824427481,0.2646646874850136,0.3225021450902091
4,0.8430130846526424,0.9919121772006304,0.9624447717231223,0.9808054196462176,0.9984674329501916,0.2159004572211044,0.2745105329044519
