,AUROC,AUPRC,accuracy,f1,recall,mcc,gmean
0,0.8335314050291927,0.9583133047983577,0.8603401969561325,0.9228486646884273,0.9893955461293743,0.30069798686155097,0.3990151330321131
1,0.797232104010442,0.948667030574404,0.864816472694718,0.9249875807252856,0.9769150052465897,0.3061148784666115,0.4566048164844214
2,0.8018898482090002,0.9402482110919619,0.8504923903312444,0.9156991418475517,0.9826652221018418,0.34604494080927967,0.46669823221264534
3,0.8352120939754825,0.9618967293059718,0.8594449418084154,0.921929388363998,0.9778481012658228,0.28921255159421677,0.43696768015679416
4,0.835905007998031,0.9572942429985826,0.8728737690241719,0.9287863590772317,0.9798941798941799,0.399686667880777,0.5283520607380392
