,AUROC,AUPRC,accuracy,f1,recall,mcc,gmean
0,0.8385669243450009,0.9873278507172243,0.9579606440071556,0.9782709200184928,0.9990557129367328,0.4411147249957005,0.469181116201003
1,0.8889830767350928,0.9922519917746022,0.9543828264758497,0.9763560500695411,0.9971590909090909,0.41701092727364264,0.47451549607123494
2,0.8645554825042003,0.9865514055393253,0.9543828264758497,0.9762680316426244,0.9962013295346629,0.4601662435779496,0.5252343642695125
3,0.8217513955936984,0.9885693546851642,0.9660107334525939,0.9825206991720331,0.9971988795518207,0.44045614012027307,0.5045829656729143
4,0.8433671065032987,0.9884976587892096,0.9570277529095792,0.9778801843317972,1.0,0.36969442280099524,0.3779644730092272
