,AUROC,AUPRC,accuracy,f1,recall,mcc,gmean
0,0.8059774701291831,0.9827729164028811,0.946923076923077,0.972520908004779,0.9959216965742251,0.2843305769560869,0.3668569381251648
1,0.8788473360655737,0.9895559845403621,0.9453846153846154,0.9716792979656961,0.9983606557377049,0.32813886050492774,0.3705058571250048
2,0.8554354508196721,0.987976636677071,0.9392307692307692,0.9684126349460216,0.9926229508196721,0.2355405115251554,0.3522468862210978
3,0.8290730505827226,0.9841227540696417,0.9384615384615385,0.9680511182108626,0.9950738916256158,0.2181828204726311,0.3115772451107298
4,0.8558197122026908,0.9875332183227449,0.947652040030793,0.9729083665338646,0.9991816693944353,0.3325758849639763,0.3602275019596761
