,AUROC,AUPRC,accuracy,f1,recall,mcc,gmean
0,0.7490193925418931,0.933501109081837,0.8932773109243698,0.9413394919168592,0.988360814742968,0.42591340854023246,0.5229805475698105
1,0.6940314723937491,0.9227014047521531,0.8815126050420168,0.9348729792147806,0.9834791059280855,0.3505183149628921,0.47541238665731017
2,0.716632214268397,0.9292454565928152,0.8881412952060556,0.9389628269848554,0.9855491329479769,0.3452630260875717,0.4640957981382269
3,0.75697100574029,0.9405409427397939,0.8798319327731092,0.933826931975937,0.9786614936954413,0.33844032542271957,0.48362582839368345
4,0.7238540596094554,0.9342996802912507,0.9015979814970564,0.9464530892448513,0.9847619047619047,0.39835284929518655,0.5188597929643933
