,AUROC,AUPRC,accuracy,f1,recall,mcc,gmean
0,0.8797046413502109,0.9765695550473455,0.9219745222929936,0.9571678321678322,0.9900542495479204,0.5647287680987549,0.6448432249858306
1,0.8935343319657794,0.9840128999597442,0.9140127388535032,0.9528795811518325,0.979372197309417,0.4896107344491022,0.6236750099854378
2,0.9163789017536731,0.9840696743257985,0.9036624203821656,0.9469530907496712,0.9872029250457038,0.48059305646054784,0.5789313317641677
3,0.8914028837998303,0.9841658697510047,0.9251592356687898,0.959412780656304,0.9875555555555555,0.5199830974674791,0.6200549922258701
4,0.8718639906053165,0.9769907544343344,0.90199203187251,0.9460762823323103,0.9791288566243194,0.4465491659230691,0.5823876334218239
