,AUROC,AUPRC,accuracy,f1,recall,mcc,gmean
0,0.9004338118022328,0.9771635489579014,0.9049327354260089,0.9455292908530318,0.968421052631579,0.5839909850897704,0.722745077168273
1,0.9048276886512181,0.9736348006368251,0.9004484304932735,0.9426948890036139,0.9764705882352941,0.5876781844530952,0.7026095151070431
2,0.9008041678768516,0.9779741611399841,0.8968609865470852,0.9408740359897172,0.9744408945686901,0.5615245148939911,0.6860106845441567
3,0.9096385177655147,0.9789712750346568,0.8968609865470852,0.9408131755018013,0.9733759318423855,0.56261890064136,0.6896570711495824
4,0.9027831760950733,0.9766298604507155,0.8986547085201794,0.9412987012987013,0.9710610932475884,0.5881154331619389,0.7156871168223872
