,AUROC,AUPRC,accuracy,f1,recall,mcc,gmean
0,0.8049735801648006,0.8140821797140152,0.7403508771929824,0.7175572519083969,0.6738351254480287,0.4826300611953735,0.7361024398184415
1,0.8223891131528764,0.8192315613052517,0.7451669595782073,0.7238095238095238,0.7011070110701108,0.4886099860272695,0.7419795773849814
2,0.8414628131781418,0.8386238717789654,0.787719298245614,0.7703984819734345,0.7408759124087592,0.5751678730974524,0.7846833464727054
3,0.787715783746352,0.7894104957435703,0.7223198594024605,0.7158273381294964,0.6791808873720137,0.44837932978004474,0.7222808782681682
4,0.8121539792387542,0.7813743357706764,0.7469244288224957,0.7410071942446043,0.7357142857142858,0.4936583932387641,0.7466683290944938
