,AUROC,AUPRC,accuracy,f1,recall,mcc,gmean
0,0.9806187616308577,0.9896821922462534,0.9501133786848073,0.9565217391304348,0.9416342412451362,0.8986632209358008,0.951741140992989
1,0.9901216461047364,0.9943640013125807,0.9523809523809523,0.9607476635514018,0.9589552238805971,0.9002396290560853,0.9505389450643412
2,0.9863656583629894,0.9935261924086605,0.9455782312925171,0.9562043795620438,0.9323843416370107,0.8864871345595631,0.9503932506919723
3,0.9897057504261235,0.9949802851256503,0.9546485260770975,0.9640287769784173,0.9436619718309859,0.9042968911003385,0.9589680018643079
4,0.9952797091280219,0.9970116426573634,0.9704545454545455,0.9748549323017408,0.980544747081712,0.9391380997844183,0.9683384754036124
