,AUROC,AUPRC,accuracy,f1,recall,mcc,gmean
0,0.9742729477459852,0.9481813457080233,0.9447186574531096,0.8884462151394422,0.8544061302681992,0.8529742686804547,0.9132113225881887
1,0.982783231493539,0.9652664554509222,0.947680157946693,0.8982725527831094,0.8731343283582089,0.8637444985156876,0.9224242369994985
2,0.9676366843033509,0.9436602499441932,0.9516288252714709,0.8964059196617337,0.8724279835390947,0.8654413915305347,0.9230566413523464
3,0.9836996626607633,0.9650729246379072,0.9545903257650543,0.9045643153526971,0.8790322580645161,0.875440270291588,0.9277107683219767
4,0.975473097381342,0.9527641773152228,0.9456521739130435,0.8919449901768173,0.8730769230769231,0.8560207496632467,0.9206165211697738
