,AUROC,AUPRC,accuracy,f1,recall,mcc,gmean
0,0.910973397545097,0.8770238762334672,0.8504043126684636,0.8318181818181818,0.8381679389312977,0.6971882552327864,0.8490495221263231
1,0.9070712138252439,0.8887494910866439,0.8268194070080862,0.8057445200302343,0.8051359516616314,0.6495142820320524,0.8244767938029998
2,0.902126196450144,0.8732850136677007,0.8267026298044504,0.797478329393223,0.7993680884676145,0.646041599239671,0.8228680286560733
3,0.905871511566337,0.8644970499635998,0.8369272237196765,0.809748427672956,0.8161648177496038,0.6671383155084082,0.8340299083647114
4,0.909192124312468,0.891786723514302,0.8442346594740391,0.816812053925456,0.7972136222910217,0.6820940218556647,0.8378347524634339
