,AUROC,AUPRC,accuracy,f1,recall,mcc,gmean
0,0.8689968741119636,0.8210861519486436,0.7798507462686567,0.7177033492822966,0.6521739130434783,0.5476240685102993,0.7557678186701425
1,0.8905988023952096,0.8350000266995076,0.8089887640449438,0.7411167512690355,0.73,0.590008797235332,0.7906262203843745
2,0.8377302436125966,0.7887952264245697,0.7415730337078652,0.6424870466321243,0.6078431372549019,0.4429296795198254,0.707820670092433
3,0.8722311029915506,0.8426089478666573,0.7865168539325843,0.7298578199052133,0.6637931034482759,0.5638445077225708,0.7646341927566328
4,0.894124847001224,0.8484883918094936,0.8239700374531835,0.7486631016042781,0.7368421052631579,0.6134569861337134,0.8016201464790702
