,AUROC,AUPRC,accuracy,f1,recall,mcc,gmean
0,0.7503960396039603,0.7603980207374024,0.6915422885572139,0.696078431372549,0.7029702970297029,0.3830841012906558,0.6913897612636435
1,0.7051127214170693,0.7195469640437435,0.625,0.6666666666666666,0.6944444444444444,0.24066320925000578,0.614341483978738
2,0.776984126984127,0.7241503045911171,0.736318407960199,0.7389162561576355,0.78125,0.477008925030149,0.7369903404419639
3,0.6900000000000001,0.6656780926057232,0.6,0.5876288659793815,0.57,0.20036097492521526,0.5992495306631453
4,0.7935697115384616,0.7489784712811457,0.715,0.7246376811594203,0.78125,0.43740227515356433,0.7147148436210821
