,AUROC,AUPRC,accuracy,f1,recall,mcc,gmean
0,0.7785858133810696,0.5122067397266516,0.8687258687258688,0.37037037037037035,0.24390243902439024,0.38474668519005745,0.4904548740113465
1,0.7260013425822331,0.43733629782648936,0.8532818532818532,0.32142857142857145,0.21951219512195122,0.30002439292046895,0.46202876000604465
2,0.7581632653061225,0.39789756180036473,0.806949806949807,0.21875,0.14285714285714285,0.17565905044614977,0.37069524678149646
3,0.8235623181919892,0.42899996119194506,0.8494208494208494,0.2641509433962264,0.17073170731707318,0.25665134396239864,0.40843095190050344
4,0.7494655004859085,0.4621593076709297,0.8223938223938224,0.3235294117647059,0.22448979591836735,0.28000029836480106,0.4646910841547379
