,AUROC,AUPRC,accuracy,f1,recall,mcc,gmean
0,0.7648755860079336,0.7596091315672153,0.722007722007722,0.7446808510638298,0.7446808510638298,0.4395961053011179,0.7193678356325514
1,0.7852399186310877,0.788014332603924,0.7181467181467182,0.7574750830564784,0.8321167883211679,0.43737879972775556,0.7007747981325658
2,0.721931722562808,0.7562031807330153,0.6525096525096525,0.7019867549668874,0.75177304964539,0.2933535029058844,0.6335379680919402
3,0.7794987922705314,0.7922160664419255,0.7142857142857143,0.7482993197278912,0.7638888888888888,0.4187262398436221,0.7058246282165999
4,0.8275249789334296,0.8098426571539175,0.7915057915057915,0.82,0.8661971830985915,0.5785896630302275,0.7791523391749189
