,AUROC,AUPRC,accuracy,f1,recall,mcc,gmean
0,0.760558967289134,0.6746622000783585,0.694980694980695,0.4968152866242038,0.38613861386138615,0.33002018429077745,0.5870196369305911
1,0.7897814417177915,0.6824351788469505,0.749034749034749,0.6766169154228856,0.7083333333333334,0.4735064319304509,0.7399635209048745
2,0.7419990301854771,0.6940240711388815,0.6718146718146718,0.5728643216080402,0.504424778761062,0.32201288046351656,0.6357914877194153
3,0.7631492439184746,0.6332833000183014,0.722007722007722,0.5909090909090909,0.5777777777777777,0.3807729819430603,0.6793662204867574
4,0.8402624478783419,0.7885770642430582,0.7606177606177607,0.6804123711340206,0.6111111111111112,0.5011363648494901,0.7281272155947557
