,AUROC,AUPRC,accuracy,f1,recall,mcc,gmean
0,0.8967217484008528,0.9935838683958789,0.9609929078014184,0.9798165137614679,0.996268656716418,0.4641190195694699,0.5335243083808481
1,0.8301526717557253,0.9831987119324449,0.9290780141843972,0.9630996309963099,0.9961832061068703,0.14127187490452708,0.22317965925537103
2,0.861003861003861,0.9843003717285845,0.9395017793594306,0.9682242990654205,1.0,0.46181602916722575,0.4767312946227962
3,0.8733778625954198,0.9891939463504102,0.9397163120567376,0.9683426443202979,0.9923664122137404,0.3998735797051463,0.49808794710717014
4,0.8301230604601391,0.9872697808255596,0.9537366548042705,0.9761467889908257,0.9962546816479401,0.29451042321056825,0.37725601039384005
