,AUROC,AUPRC,accuracy,f1,recall,mcc,gmean
0,0.93392853553626,0.9575204391613952,0.8784590341833967,0.9039451114922813,0.9149305555555556,0.7389689415932278,0.8649266248702202
1,0.9473203705863934,0.9628115616772116,0.8773072747014115,0.8981064021641119,0.9013574660633484,0.7439810195396224,0.8707843817873774
2,0.9492092427083748,0.9661894039228187,0.8811074918566775,0.9049891540130152,0.9181338028169014,0.7468114103794349,0.8684896251211429
3,0.9461277111857663,0.9639336344793203,0.8843648208469055,0.9078321073128516,0.8996569468267581,0.7529555118193789,0.8785755593855235
4,0.9329112898703338,0.9530066434075324,0.8664495114006515,0.8929503916449086,0.9039647577092511,0.7159066029040941,0.8536964403682471
