,AUROC,AUPRC,accuracy,f1,recall,mcc,gmean
0,0.8933301506450403,0.901933459150678,0.8187221396731055,0.8334849863512284,0.8200537153088631,0.6350991352016973,0.8185620864282254
1,0.8985830961391681,0.9217443810321406,0.8226844972758791,0.8374205267938238,0.8210151380231523,0.6432234117165422,0.822893812445753
2,0.8949963515063066,0.9113677921311636,0.8151635282457879,0.8326603858232391,0.8337825696316262,0.6262445707498654,0.812758825702849
3,0.9017221140919398,0.9230948836430146,0.8380386329866271,0.8571428571428571,0.8464193270060397,0.6705349349934825,0.8365239133220548
4,0.889938951638562,0.905724008756424,0.817641228939544,0.8331822302810517,0.8205357142857143,0.6325599946349815,0.8172769763434475
