,AUROC,AUPRC,accuracy,f1,recall,mcc,gmean
0,0.8755456916473374,0.9728708064079967,0.913235294117647,0.9516789516789517,0.9797639123102867,0.5524563650982812,0.6711677633643038
1,0.888595608301607,0.9756931481790994,0.9186274509803921,0.9543203082003302,0.9785553047404063,0.5996364779036304,0.7149724518846468
2,0.8659822660098523,0.9666657521427677,0.9053921568627451,0.9465817879878218,0.9771428571428571,0.557711229628664,0.6794231108424249
3,0.8707168982001349,0.968659955711944,0.9122549019607843,0.9508376819555068,0.9857630979498861,0.5794325676551559,0.6717362481582608
4,0.8790689956858841,0.9753843499605015,0.9097596861206474,0.9499728113104948,0.9825646794150731,0.5253990966987193,0.6376350743441137
