,AUROC,AUPRC,accuracy,f1,recall,mcc,gmean
0,0.33870967741935487,0.15516566512807115,0.8157894736842105,0.0,0.0,0.0,0.0
1,0.7239583333333334,0.30835557811364267,0.8421052631578947,0.0,0.0,0.0,0.0
2,0.4705882352941176,0.09656084656084657,0.918918918918919,0.0,0.0,0.0,0.0
3,0.5698529411764706,0.18371980676328503,0.868421052631579,0.0,0.0,-0.05638838744346009,0.0
4,0.36363636363636365,0.10304460864805692,0.8378378378378378,0.0,0.0,-0.0832250378576479,0.0
