,AUROC,AUPRC,accuracy,f1,recall,mcc,gmean
0,0.7085789129011133,0.9245090740359201,0.8844519966015293,0.9366852886405959,0.9882121807465619,0.3637078898127815,0.46640216893064024
1,0.7228907456180182,0.9219111209254177,0.8666100254885302,0.9263256687001408,0.986013986013986,0.316023740091891,0.4299739787215296
2,0.7082556365485676,0.9341693623436128,0.9005947323704333,0.9463548830811555,0.9913544668587896,0.3613512178063132,0.45177692530233676
3,0.7244927271302849,0.9371637516101423,0.8844519966015293,0.9372114496768237,0.9873540856031129,0.30067749214278783,0.4150782753517697
4,0.7026866515837105,0.9300134434960345,0.8962585034013606,0.943778801843318,0.9846153846153847,0.3384955814228784,0.4660413824283704
