,AUROC,AUPRC,accuracy,f1,recall,mcc,gmean
0,0.7783256629410475,0.9838354128383757,0.9610859728506788,0.9799159271368519,0.9962013295346629,0.4236111111111111,0.49904942879805575
1,0.8660287081339715,0.9889671354665323,0.9538461538461539,0.9761124121779859,0.9971291866028709,0.3860342354936663,0.44657120072903733
2,0.8029744651483781,0.9763365340712915,0.9457013574660633,0.9717514124293786,0.9971014492753624,0.37278534977578526,0.4303207913137047
3,0.774070421506319,0.984802151662417,0.9565610859728507,0.9775910364145658,0.9943019943019943,0.33080808080808083,0.43727785443714473
4,0.803098576378292,0.9862351959998892,0.9565217391304348,0.9776119402985075,0.9971455756422455,0.31875395879383545,0.38795945628323614
