,AUROC,AUPRC,accuracy,f1,recall,mcc,gmean
0,0.884492344538534,0.9950649671101488,0.96875,0.9840546697038725,0.9976905311778291,0.2890010026795965,0.36472647855213897
1,0.8470452801227936,0.9939597169279666,0.9709605361131795,0.9851992409867173,0.9961627014581734,0.27567051006468946,0.38655453071814594
2,0.8058466301500357,0.9883771270354527,0.9590773809523809,0.9790794979079498,0.9961300309597523,0.09268052205392935,0.1957362855948074
3,0.8389559164733179,0.9912294114508927,0.9672375279225615,0.9832699619771863,1.0,0.3406623843846423,0.34641016151377546
4,0.8095021748197581,0.990090286863843,0.960536113179449,0.9798555682250095,0.9984508133230054,0.07225583088821205,0.13856759065267957
