,AUROC,AUPRC,accuracy,f1,recall,mcc,gmean
0,0.8803569621534104,0.9796718138535225,0.9074074074074074,0.9488206497552292,0.970856102003643,0.47983490757044805,0.6412997989230664
1,0.9070169260886173,0.9830434727300171,0.9138486312399355,0.9524655708573967,0.9852941176470589,0.5325885473002191,0.6348817734902779
2,0.8884367671830103,0.9823085486944538,0.9154589371980676,0.9537648612945839,0.9800904977375565,0.4891571606908969,0.6215408618134889
3,0.891538446486691,0.9785715703580038,0.9186795491143317,0.9550511793502447,0.9728014505893019,0.5402820769436317,0.6898571358724869
4,0.864604532839963,0.9729740648814929,0.895245769540693,0.9418084153983886,0.973172987974098,0.44642154750654445,0.5990471928950579
