,AUROC,AUPRC,accuracy,f1,recall,mcc,gmean
0,0.8728918650793651,0.9704571608489941,0.8885869565217391,0.9363024339720352,0.9658119658119658,0.5107194926596369,0.6653298562846985
1,0.8955705293133165,0.9737933323070418,0.8966455122393472,0.940809968847352,0.9731471535982814,0.5562880349027622,0.6852737262831944
2,0.8706621032523512,0.9657340835840548,0.9003623188405797,0.9427083333333334,0.9752155172413793,0.583066171764062,0.7022455096885583
3,0.8742642919289626,0.9698388997018119,0.8812330009066183,0.9315211709357031,0.9519230769230769,0.49237766891946855,0.6794933355071395
4,0.8661469767654593,0.9625949203782121,0.8776065276518585,0.9288350026357406,0.9670691547749726,0.5174023789731738,0.66196919169808
