,AUROC,AUPRC,accuracy,f1,recall,mcc,gmean
0,0.807072299024596,0.9517694573905604,0.8557258791704238,0.9196787148594378,0.9775880469583778,0.28500249949622253,0.43308255261733786
1,0.8104668601248537,0.9458047509200018,0.8628158844765343,0.9232323232323232,0.98068669527897,0.3542356922903152,0.48376389574660905
2,0.7959181834564787,0.943502664052024,0.8575293056807936,0.9202020202020202,0.9795698924731183,0.3328244369857546,0.46786568584797167
3,0.7889306434599156,0.9522299098957164,0.8637184115523465,0.9240824534942182,0.9694092827004219,0.30512751284013145,0.4798277864415005
4,0.8096593630268198,0.9471552004724632,0.8601083032490975,0.9217566885411408,0.9838362068965517,0.3499492724864432,0.4675791571479996
