,AUROC,AUPRC,accuracy,f1,recall,mcc,gmean
0,0.9263790198520255,0.9961202583385806,0.9883268482490273,0.9939686369119421,0.9959709911361805,0.8148483763458076,0.8772764374449706
1,0.8707677451987186,0.9909111412281985,0.9727414330218068,0.9859381277621535,0.9967506092607636,0.5816660426049982,0.6432305464758047
2,0.8334763882715387,0.9851703585668115,0.9789719626168224,0.9891522699879469,1.0,0.6928471663422245,0.7004041959724749
3,0.9006519501315338,0.9950154011663874,0.9836448598130841,0.991636798088411,0.9967974379503602,0.6413067163193304,0.7159879065839527
4,0.8563793636082792,0.9914068083239526,0.9867601246105919,0.9932135728542915,0.9991967871485944,0.7462724613444749,0.7676391731232022
