,AUROC,AUPRC,accuracy,f1,recall,mcc,gmean
0,0.8060237519505427,0.9823501059263557,0.9621212121212122,0.9802683504340963,0.99122106943336,0.530357854258384,0.6436160664225412
1,0.8330977236479629,0.984052343722234,0.9659090909090909,0.982304364923319,0.9960127591706539,0.5612091627497766,0.626393376963383
2,0.7776403338585138,0.9830009617668233,0.9636363636363636,0.9812646370023419,0.9984114376489277,0.4549124549659413,0.495490675248216
3,0.834462864491016,0.985383194502379,0.9590909090909091,0.9788235294117648,0.9976019184652278,0.45978162735468675,0.5101411360888861
4,0.7462073073868148,0.9783579697174787,0.9673995451099318,0.9831702544031311,0.9976171564733916,0.5268477135987328,0.5766619912546666
