,AUROC,AUPRC,accuracy,f1,recall,mcc,gmean
0,0.7802090211525763,0.9886047025111995,0.9705882352941176,0.9850498338870431,0.9991575400168492,0.1842527725107943,0.23239732286880252
1,0.8157028234047385,0.9949428609806169,0.9836467702371219,0.9917355371900827,0.9991673605328892,0.31549292782482,0.3691207046727686
2,0.848768472906404,0.994574652688818,0.9722222222222222,0.9858686616791354,0.9974768713204374,0.24701713534662967,0.33763494594359705
3,0.8030410369437446,0.9901941928641568,0.9746524938675388,0.9871422646204894,0.9991603694374476,0.19897405450353128,0.2498950241398185
4,0.827140948894276,0.992412203123093,0.9730171708912511,0.9863013698630136,0.9991589571068125,0.19270220265212193,0.2424336121506272
