,AUROC,AUPRC,accuracy,f1,recall,mcc,gmean
0,0.8471512200776676,0.9886703546086432,0.9486780715396579,0.9734939759036144,0.9975308641975309,0.27332209796458434,0.335257876646087
1,0.8562762459393075,0.986918550712387,0.9401244167962675,0.9688888888888889,0.997504159733777,0.28788888976948773,0.3446019373224736
2,0.8266042539542529,0.9844971449608824,0.9416342412451362,0.9697214372224465,0.9991680532445923,0.3009925015233035,0.3291557744378779
3,0.8409764962982786,0.9863701717978264,0.947900466562986,0.9730382293762575,0.9975247524752475,0.3088310207197018,0.3671520696201845
4,0.8730909090909091,0.9882910674733019,0.9424124513618677,0.970137207425343,0.9933884297520661,0.23265263220054946,0.3452631048494002
