,AUROC,AUPRC,accuracy,f1,recall,mcc,gmean
0,0.8125644934333958,0.9824540810003004,0.9774872912127814,0.9883239171374765,1.0,0.7148446832211199,0.723240570679579
1,0.8078371266201955,0.9875130790827322,0.9767610748002905,0.9880149812734083,0.9969765684051398,0.636174478712499,0.6928389099625036
2,0.7787797652956591,0.9790853135845932,0.9702251270878722,0.9845690628528415,0.9984732824427481,0.6136523129578725,0.6459662657935304
3,0.8281223279940717,0.9882404954137314,0.9818445896877269,0.9906472128694351,1.0,0.7200772640536387,0.726843784311631
4,0.7727114783213004,0.9827761067701771,0.9745639534883721,0.9868766404199475,0.9992406985573272,0.6293241521409865,0.650697376404642
