,AUROC,AUPRC,accuracy,f1,recall,mcc,gmean
0,0.7721083738400354,0.9796532863810937,0.9512195121951219,0.9749163879598662,0.9982876712328768,0.19721359766854166,0.2537826948563922
1,0.8055048555048556,0.9811525262504115,0.9446704637917006,0.9713322091062394,0.9974025974025974,0.2879428377231162,0.3482897088713953
2,0.8134537162578579,0.982501901723164,0.9471114727420668,0.9726546066470341,0.997411561691113,0.27486113348480723,0.3376238924671929
3,0.8178551008739688,0.9869705725186866,0.950366151342555,0.9744449099287809,0.9974271012006861,0.21058805057405944,0.28135543543296526
4,0.8195227204661167,0.9869817840687933,0.951179820992677,0.9747899159663865,0.9948542024013722,0.27658861386522543,0.3769907544151206
