,AUROC,AUPRC,accuracy,f1,recall,mcc,gmean
0,0.9843609484328046,0.9919707733928612,0.95,0.9591078066914498,0.945054945054945,0.8954721582376853,0.9515470894946271
1,0.9904139433551198,0.9947841766008042,0.9545454545454546,0.9629629629629629,0.9629629629629629,0.9041394335511983,0.9520073963938889
2,0.9871511766361413,0.9927755169584161,0.9431818181818182,0.9534450651769087,0.9588014981273408,0.8806550574765623,0.9387281957236161
3,0.9876914600550964,0.9933827016487053,0.9454545454545454,0.9553903345724907,0.9345454545454546,0.8867640353219118,0.9489794431235454
4,0.9951869835590765,0.9965322957887344,0.9590909090909091,0.9645669291338582,0.9496124031007752,0.916844205496029,0.9610016390560093
