,AUROC,AUPRC,accuracy,f1,recall,mcc,gmean
0,0.9733011326636825,0.9462408733477845,0.9387351778656127,0.8724279835390947,0.8185328185328186,0.8354793431360518,0.8956714709650468
1,0.9763664607309112,0.9586668307544494,0.9515810276679841,0.9021956087824351,0.8593155893536122,0.8720451112770342,0.9195369396509636
2,0.9752289251118129,0.9542953083345093,0.950544015825915,0.8927038626609443,0.8421052631578947,0.8633508547541262,0.9110327716057489
3,0.98843373877603,0.9704466502033015,0.9545454545454546,0.9017094017094017,0.8577235772357723,0.8741915115402482,0.9194598403020161
4,0.9778390804597701,0.9446357705752724,0.9446092977250248,0.8884462151394422,0.8544061302681992,0.8528792493013668,0.9131814623292362
