,AUROC,AUPRC,accuracy,f1,recall,mcc,gmean
0,0.8478726442033124,0.7877838693986394,0.7698744769874477,0.7150259067357513,0.6699029126213593,0.5268595899516882,0.7526367129644186
1,0.9240809391411802,0.8700818358984533,0.8284518828451883,0.757396449704142,0.7710843373493976,0.6250106455764118,0.8138437653443485
2,0.8412939643942683,0.782746567197725,0.7782426778242678,0.7253886010362695,0.7142857142857143,0.5396824089844813,0.7665763569557611
3,0.8862172606268784,0.8591318771348105,0.799163179916318,0.7473684210526316,0.696078431372549,0.5865697116100532,0.7808352806506645
4,0.8978561441665373,0.8380352091292623,0.8158995815899581,0.725,0.7073170731707317,0.5871796474211867,0.7856290393159473
