,AUROC,AUPRC,accuracy,f1,recall,mcc,gmean
0,0.7654455445544555,0.7157662159168884,0.7014925373134329,0.7,0.693069306930693,0.40310922071075134,0.7014835763728129
1,0.7348027375201288,0.7594502282672256,0.655,0.6698564593301436,0.6481481481481481,0.31020972565839644,0.6555535085532603
2,0.7918154761904762,0.7213444796150068,0.7562189054726368,0.7537688442211056,0.78125,0.514226355605088,0.7569125885243729
3,0.6935,0.6951961879963046,0.655,0.6461538461538462,0.63,0.31038822807949046,0.654522726878143
4,0.7832532051282051,0.7340136297799078,0.74,0.7475728155339806,0.8020833333333334,0.4868279208318115,0.7399838659017315
