,AUROC,AUPRC,accuracy,f1,recall,mcc,gmean
0,0.856658728704891,0.9431678482132847,0.8764478764478765,0.9248826291079812,0.9563106796116505,0.5892345211423679,0.7357363195164768
1,0.7507177033492822,0.9019283148999773,0.861003861003861,0.918918918918919,0.9760765550239234,0.4846876711021677,0.6090230627070627
2,0.8536440677966102,0.9454753663317512,0.8223938223938224,0.892018779342723,0.95,0.4274567500078256,0.6085548315894366
3,0.7841323606044815,0.9088982868457025,0.8185328185328186,0.8914549653579676,0.9554455445544554,0.38529514042422525,0.5643419603262001
4,0.8900903248219559,0.9618909500153229,0.8455598455598455,0.9052132701421801,0.9455445544554455,0.5059701301875849,0.681526248027208
