,AUROC,AUPRC,accuracy,f1,recall,mcc,gmean
0,0.723555583406442,0.6186511376503614,0.6756756756756757,0.5116279069767442,0.43564356435643564,0.2894872121672746,0.6009976248962793
1,0.7832630368098159,0.6920515122360391,0.7297297297297297,0.6236559139784946,0.6041666666666666,0.4136783324462051,0.6968193881585826
2,0.7533337374227179,0.6754903090487917,0.7065637065637066,0.62,0.5486725663716814,0.3963139562331338,0.6743306195470603
3,0.7452333990795529,0.584231297382255,0.694980694980695,0.5433526011560693,0.5222222222222223,0.31551135344081593,0.6410769210258052
4,0.8360620554329163,0.8037959445058535,0.7683397683397684,0.7029702970297029,0.6574074074074074,0.5179201593591335,0.7465068682151369
