,AUROC,AUPRC,accuracy,f1,recall,mcc,gmean
0,0.7643768180801074,0.4635111390454673,0.833976833976834,0.29508196721311475,0.21951219512195122,0.23116939738034328,0.45654779782446275
1,0.7188968449317521,0.4003982355670427,0.8571428571428571,0.39344262295081966,0.2926829268292683,0.35004340251901084,0.5309823621966873
2,0.7741496598639456,0.45788950423374963,0.803088803088803,0.2608695652173913,0.1836734693877551,0.19263434179649896,0.4171959708987022
3,0.7545871559633028,0.38791718494912236,0.8532818532818532,0.36666666666666664,0.2682926829268293,0.32424086472348335,0.5083769073076028
4,0.7068999028182702,0.4279982261194696,0.8108108108108109,0.3466666666666667,0.2653061224489796,0.265092173813578,0.4988811583001506
