,AUROC,AUPRC,accuracy,f1,recall,mcc,gmean
0,0.9187100213219617,0.9953078307360937,0.9539007092198581,0.9760589318600368,0.9888059701492538,0.3832573063591014,0.5315223339345351
1,0.8091603053435115,0.9745968138976128,0.9326241134751773,0.9648798521256932,0.9961832061068703,0.24065903113877327,0.31562370096475173
2,0.8752193752193752,0.9839485036469211,0.9323843416370107,0.9644859813084112,0.9961389961389961,0.36160730005835284,0.42557746782011513
3,0.908587786259542,0.9921258961792836,0.925531914893617,0.961038961038961,0.9885496183206107,0.1722373957825835,0.31441208919515334
4,0.7831728196896737,0.9765109902765282,0.9466192170818505,0.9723756906077348,0.9887640449438202,0.2166236708700435,0.3758350787520315
