,AUROC,AUPRC,accuracy,f1,recall,mcc,gmean
0,0.8884414818755497,0.8914403744958574,0.8187221396731055,0.8345388788426763,0.8263205013428827,0.6342979999752697,0.8177723553993045
1,0.8862382330492304,0.9073823806580485,0.8098068350668648,0.8254545454545454,0.8085485307212823,0.6173834115508848,0.8099649889330344
2,0.8834373278134354,0.892783684112942,0.8072348860257681,0.8256387270282385,0.8274932614555256,0.6101363429962768,0.8045898918360612
3,0.8923390252222244,0.9131117483457305,0.8231797919762258,0.8445798868088812,0.8369283865401208,0.6397088669983272,0.8206310982421094
4,0.8823093978682786,0.896382310391334,0.8102081268582755,0.8263038548752835,0.8133928571428571,0.6176226013965216,0.8098065625739164
