,AUROC,AUPRC,accuracy,f1,recall,mcc,gmean
0,0.8939784788793859,0.9541109914403888,0.8219032429558746,0.8870151770657673,0.9570596797671034,0.5070814366331511,0.660345952643002
1,0.8845955078513218,0.9461843113512706,0.8128654970760234,0.8789546079779917,0.9362637362637363,0.49122436151135623,0.6748559964138513
2,0.9055407698336821,0.9529630321188554,0.8410419989367358,0.8989523487664751,0.9679767103347889,0.566639366198044,0.6936313997695647
3,0.9099391261800599,0.9534893163962697,0.8399787347155768,0.897931502204137,0.9622093023255814,0.5618464558967146,0.6984077809601217
4,0.8964842753389008,0.9531373522722821,0.8265957446808511,0.8882030178326474,0.9508076358296622,0.5319984781712214,0.6894953356730059
