,AUROC,AUPRC,accuracy,f1,recall,mcc,gmean
0,0.9319864025566811,0.9506196970323908,0.8686923494302767,0.8974576271186441,0.9192708333333334,0.7167971377629396,0.8491459842433934
1,0.9426493611743831,0.9583899525357676,0.8637350705754615,0.8894760017613386,0.9140271493212669,0.713922270899107,0.8488557017433326
2,0.947468629054782,0.9662224822713879,0.8751357220412594,0.9014567266495287,0.926056338028169,0.7333386171258369,0.8570583041308026
3,0.9425969531194495,0.9625441867338445,0.8811074918566775,0.9065300896286812,0.9108061749571184,0.743290837134731,0.869402862602485
4,0.9296369221566587,0.9475522400699014,0.8659066232356135,0.8933966335779024,0.9118942731277533,0.7139753713921977,0.8498779286265394
