,AUROC,AUPRC,accuracy,f1,recall,mcc,gmean
0,0.9153838905304534,0.9540305007517499,0.8420569329660239,0.8916194076874606,0.9619306594153637,0.628814723654064,0.755038658109971
1,0.9144023204629265,0.95011310609268,0.8393021120293848,0.8911691542288557,0.9649831649831649,0.6169584972192529,0.741637700848203
2,0.9035122916050402,0.9442354673718261,0.8328741965105602,0.8854625550660793,0.9436619718309859,0.5961546038658663,0.7476994532529606
3,0.9237137650798203,0.9586258186370387,0.8443526170798898,0.8932955618508026,0.9581363943281567,0.6300901102041456,0.7598396017572407
4,0.9209159167312525,0.9578351454091427,0.8411386593204775,0.8935384615384615,0.9647840531561461,0.6129632981367978,0.7380730102762664
