,AUROC,AUPRC,accuracy,f1,recall,mcc,gmean
0,0.8656548622821809,0.9648522992881301,0.9088235294117647,0.9495387954422138,0.983698707138842,0.5170818174990716,0.6260765916643399
1,0.8820225902092248,0.9697011138422709,0.9068627450980392,0.9483695652173914,0.9847629796839729,0.5170712590085768,0.6211451655347792
2,0.8649231527093595,0.9588829880115175,0.8950980392156863,0.9418162044589451,0.9897142857142858,0.4811502298627182,0.5663955692682452
3,0.8521076630626583,0.9598770736476975,0.8941176470588236,0.941240478781284,0.9851936218678815,0.4651724098453437,0.5710387139868571
4,0.8623135470135198,0.9670653255607466,0.8974987739087789,0.9436505796710704,0.984251968503937,0.4337363405869596,0.5492598903321118
