,AUROC,AUPRC,accuracy,f1,recall,mcc,gmean
0,0.5987654320987655,0.4407407407407407,0.9,0.4,0.3333333333333333,0.3563483225498992,0.5665577237325317
1,0.65,0.3408317173023055,0.7931034482758621,0.0,0.0,-0.08625819491779428,0.0
2,0.39814814814814814,0.08193979933110368,0.8275862068965517,0.0,0.0,-0.09245003270420485,0.0
3,0.39102564102564097,0.12433862433862433,0.8620689655172413,0.0,0.0,-0.06419407387663693,0.0
4,0.625,0.4099702380952381,0.896551724137931,0.4,0.25,0.472455591261534,0.5
