,AUROC,AUPRC,accuracy,f1,recall,mcc,gmean
0,0.8574862637362639,0.9626069946365621,0.8840579710144928,0.9340885684860968,0.969017094017094,0.47957553979131506,0.6308638233518892
1,0.8861283191367122,0.9695445922633951,0.8839528558476881,0.934020618556701,0.9731471535982814,0.4863634373995397,0.6248123141368014
2,0.8719937793887147,0.9648545328737381,0.884963768115942,0.93456980937661,0.9773706896551724,0.4992862524119894,0.623479734105388
3,0.8627264701366498,0.9629266847873856,0.8785131459655485,0.9310699588477366,0.9668803418803419,0.447314949942499,0.6087207646724109
4,0.8545554335894622,0.9563602190953366,0.8676337262012692,0.9240374609781478,0.9747530186608123,0.45819801853370196,0.5918630467272217
