,AUROC,AUPRC,accuracy,f1,recall,mcc,gmean
0,0.9302340487876346,0.9958014647485691,0.9859922178988327,0.9927536231884058,0.9935535858178888,0.783682225265226,0.87621113476003
1,0.8305718621154761,0.9862238764540215,0.9742990654205608,0.9867203219315895,0.9959382615759546,0.6158371030102328,0.6854065938233906
2,0.8585135570099474,0.9886032850459809,0.9789719626168224,0.9891172914147521,0.9967506092607636,0.697296670017481,0.75113145192578
3,0.8507034198787602,0.9916601659113372,0.985202492211838,0.9924151696606787,0.9951961569255404,0.6954472731476375,0.7909183713048286
4,0.8787457522397282,0.9931475773598575,0.9844236760124611,0.9919935948759008,0.9951807228915662,0.7113094947537536,0.7987091841389625
