,AUROC,AUPRC,accuracy,f1,recall,mcc,gmean
0,0.7365377171611376,0.9846472078393648,0.9697712418300654,0.9846153846153847,0.9974726200505476,0.19257220544748518,0.2843873386465664
1,0.7909317992581939,0.994378021873302,0.9828291087489779,0.9913115432354158,0.9975020815986678,0.3159340281743739,0.42586854173103866
2,0.827285834434699,0.9918862005968092,0.9705882352941176,0.9850249584026622,0.9957947855340622,0.21474642795529963,0.3373501420582922
3,0.8113455079764904,0.9920030717239505,0.9746524938675388,0.9871422646204894,0.9991603694374476,0.19897405450353128,0.2498950241398185
4,0.7522757631227428,0.9862840056046269,0.9721995094031071,0.9858803986710963,0.9983179142136249,0.1645317608333992,0.24233155632116252
