,AUROC,AUPRC,accuracy,f1,recall,mcc,gmean
0,0.8489885816959369,0.9880120556505934,0.947900466562986,0.9729947601773479,0.9934156378600824,0.2998133483207269,0.40975753143523946
1,0.8422272403137627,0.984411612525422,0.942457231726283,0.9700404858299595,0.9966722129783694,0.343546532882017,0.40756844271409787
2,0.8288645430306919,0.9835314319608787,0.9392996108949416,0.9683954619124797,0.9941763727121464,0.2825825146767778,0.3791257615128784
3,0.8196637231290697,0.9815113215138624,0.9486780715396579,0.9734513274336283,0.9983498349834984,0.3233137697522733,0.3673038794549207
4,0.8836418732782367,0.9896589172037769,0.9408560311284047,0.9692556634304207,0.9900826446280991,0.24179920530659924,0.3810670822993259
