,AUROC,AUPRC,accuracy,f1,recall,mcc,gmean
0,0.7076954442673389,0.9204071864269161,0.8674596431605778,0.9268978444236177,0.9715127701375246,0.2664068317421598,0.4421816172899857
1,0.6960085369176278,0.9123726336910125,0.8606627017841971,0.9222011385199241,0.971028971028971,0.30757116421908004,0.4756107784409947
2,0.7155096909080636,0.9372020109333992,0.8878504672897196,0.9387186629526463,0.9711815561959655,0.3118215737944607,0.49274272094977856
3,0.712829368291855,0.9286019255972928,0.8725573491928632,0.9299065420560748,0.9678988326848249,0.26590923757071083,0.4559286021308997
4,0.6939090780542986,0.9254594548691607,0.8809523809523809,0.9351851851851852,0.9711538461538461,0.24377139075417822,0.4308848624701062
