,AUROC,AUPRC,accuracy,f1,recall,mcc,gmean
0,0.793421162344701,0.9802488108371885,0.9537878787878787,0.9759178839320963,0.9864325618515563,0.42219994116314347,0.5819158902471868
1,0.843156444831086,0.9857548947277761,0.9651515151515152,0.9819324430479183,0.9968102073365231,0.5451943692851994,0.6020601623022926
2,0.7710321748981106,0.9808143380927368,0.9575757575757575,0.9780736100234926,0.9920571882446386,0.36650062072825756,0.49391141808285427
3,0.8320763678911943,0.9855922411714761,0.9515151515151515,0.9747832939322301,0.9888089528377298,0.3766106036724576,0.5218052569146105
4,0.7367553613979348,0.9762959927609164,0.9598180439727066,0.9792075323656336,0.9912629070691025,0.41388512293092183,0.5453245566822851
