,AUROC,AUPRC,accuracy,f1,recall,mcc,gmean
0,0.8092401500938086,0.9820762345794907,0.9753086419753086,0.9871698113207548,0.9969512195121951,0.6844661120849089,0.7326799351897413
1,0.8023921502757481,0.9856562064109808,0.9745824255628177,0.9868766404199475,0.9947089947089947,0.6043672230190352,0.6920505475869821
2,0.7596160419277658,0.9754940739237886,0.9658678286129266,0.9822306238185256,0.9916030534351145,0.5683823528730715,0.6773488117531551
3,0.8277803112352505,0.9885909716483782,0.9745824255628177,0.98685692827638,0.9924471299093656,0.6115448301537031,0.7240937033788323
4,0.7916811448721413,0.9838569019717707,0.970203488372093,0.9845922585494176,0.9946848899012908,0.5624062902867941,0.6492123291060166
