,AUROC,AUPRC,accuracy,f1,recall,mcc,gmean
0,0.7887617582090294,0.9379535246396921,0.8503155996393147,0.916076845298281,0.9669156883671292,0.2746640761051967,0.45606940815595126
1,0.7979510095591105,0.9411640179503644,0.8628158844765343,0.9223697650663942,0.9688841201716738,0.37703389495188017,0.540153904673025
2,0.7928966180092509,0.9401948563034521,0.8458070333633905,0.913065582104728,0.9655913978494624,0.282293401239734,0.46451546157751583
3,0.7897514504219408,0.9524375429102799,0.8546931407942239,0.9191361125062782,0.9651898734177216,0.24708634651719516,0.43936087067869883
4,0.800454980842912,0.9414116742735671,0.8564981949458483,0.9192483494159471,0.9752155172413793,0.3399369535805949,0.4882479035548135
