,AUROC,AUPRC,accuracy,f1,recall,mcc,gmean
0,0.8812582220198342,0.9797175308294941,0.9025764895330113,0.9464364763169544,0.9735883424408015,0.43398907813801063,0.5929363946525992
1,0.9066409234148204,0.9818165042100083,0.9057971014492754,0.9482071713147411,0.984375,0.4756018774192603,0.5875120888504802
2,0.8900254318459557,0.9811713978748989,0.9146537842190016,0.9535087719298245,0.983710407239819,0.47338701834364166,0.5931593621167894
3,0.8982793819341628,0.9820149330796843,0.9154589371980676,0.9536423841059603,0.9791477787851315,0.4998525777153481,0.6336568721225608
4,0.8672698889916743,0.9726484121062963,0.8928283642224013,0.9407572383073497,0.9768732654949122,0.4193490256629388,0.5634570181352314
