,AUROC,AUPRC,accuracy,f1,recall,mcc,gmean
0,0.8541271063211017,0.9913904042294438,0.96875,0.9840182648401826,0.9953810623556582,0.3345686000503521,0.44617957424240257
1,0.8573772064466616,0.993489905624162,0.9731943410275503,0.9863325740318907,0.9969301611665388,0.35574171062235377,0.4465266310460192
2,0.8231721838532984,0.9900477082565697,0.9568452380952381,0.9778794813119756,0.9922600619195047,0.13141451979074606,0.2762746768539077
3,0.8314694508894044,0.9898264636786102,0.9627699180938198,0.9809160305343512,0.9938128383604021,0.2683993120082526,0.3987606476793621
4,0.774511410355717,0.9841074891258161,0.9583023082650782,0.9786585365853658,0.994577846630519,0.11730148240049333,0.23954016605104186
