,AUROC,AUPRC,accuracy,f1,recall,mcc,gmean
0,0.8282369804108936,0.8079888947901251,0.7787610619469026,0.7591522157996147,0.7406015037593985,0.5554024526021715,0.7758179746636127
1,0.8024366937410415,0.7574068895023712,0.7256637168141593,0.7001934235976789,0.6804511278195489,0.4483715231236858,0.7219059413775752
2,0.8396070372412411,0.8480357054495649,0.7539823008849558,0.7486437613019892,0.7366548042704626,0.5081255083337743,0.7536937261716677
3,0.8008298235058163,0.8032965087984609,0.7292035398230089,0.720292504570384,0.6840277777777778,0.46171411403161255,0.7286453783870763
4,0.8165743770450541,0.7518936500795539,0.7358156028368794,0.7285974499089253,0.7299270072992701,0.4712618386986903,0.7356308729747527
