,AUROC,AUPRC,accuracy,f1,recall,mcc,gmean
0,0.9712783358201685,0.9400707191569513,0.932806324110672,0.8540772532188842,0.7683397683397684,0.8197293498216669,0.8718811822911249
1,0.975561839106134,0.9579600814754714,0.9426877470355731,0.8796680497925311,0.8060836501901141,0.8485463789661113,0.89361633721204
2,0.9738431862984079,0.9446330347796367,0.9426310583580614,0.8722466960352423,0.8016194331983806,0.841047866721971,0.8900428485955584
3,0.9862446666242121,0.9620053201587597,0.9377470355731226,0.8577878103837472,0.7723577235772358,0.8268360225067128,0.8748140512563891
4,0.9748224776500638,0.9343526676932041,0.9228486646884273,0.8347457627118644,0.7547892720306514,0.7927108796774878,0.8606392230697362
