,AUROC,AUPRC,accuracy,f1,recall,mcc,gmean
0,0.9853479853479854,0.9924234695521408,0.9431818181818182,0.9529190207156308,0.9267399267399268,0.8836687933951922,0.9481525311607388
1,0.9823202614379085,0.9794486085687235,0.9545454545454546,0.9625468164794008,0.9518518518518518,0.9051314215854633,0.9553313310416008
2,0.9830811196986426,0.9785998970532811,0.9386363636363636,0.9487666034155597,0.9363295880149812,0.872791350979932,0.9392584790364477
3,0.9896528925619835,0.9942455450467259,0.9522727272727273,0.9606003752345216,0.9309090909090909,0.903187730326975,0.958970982018026
4,0.9952189283584633,0.9964618652230892,0.9590909090909091,0.9644268774703557,0.9457364341085271,0.917334016966963,0.9617437382038283
