,AUROC,AUPRC,accuracy,f1,recall,mcc,gmean
0,0.896059812846409,0.8654703364661556,0.8193033381712627,0.8047058823529412,0.8078740157480315,0.6365980028248758,0.8184040485461317
1,0.895104405398523,0.8680639402604858,0.8251088534107403,0.8073541167066347,0.8015873015873016,0.6472925734116802,0.8229683902766974
2,0.8870767713594119,0.8449100962070692,0.8242556281771968,0.802610114192496,0.8013029315960912,0.6442366951633399,0.8217535393563417
3,0.8899191860652307,0.8446558405818103,0.8265602322206096,0.8042588042588042,0.8252100840336134,0.6494129656747119,0.8263972914634721
4,0.8783792994743076,0.835528749309589,0.8111837327523602,0.7886178861788617,0.7809983896940419,0.6181396114644245,0.8080211165048661
