,AUROC,AUPRC,accuracy,f1,recall,mcc,gmean
0,0.7309394982784063,0.7367648339092719,0.6485148514851485,0.6536585365853659,0.6261682242990654,0.2994549964071573,0.64949183662582
1,0.6768053375196232,0.6692385855863692,0.6386138613861386,0.6812227074235808,0.75,0.27825894657029215,0.6247448458762822
2,0.754618710691824,0.6821362030397375,0.6633663366336634,0.6633663366336634,0.6979166666666666,0.32999213836477986,0.6641807030389457
3,0.6930926216640502,0.6927368307644501,0.6039603960396039,0.6190476190476191,0.625,0.20679503631069493,0.6029265362905047
4,0.738061938061938,0.7123589754195178,0.6368159203980099,0.683982683982684,0.8681318681318682,0.33950434877820823,0.6218627555283294
