,AUROC,AUPRC,accuracy,f1,recall,mcc,gmean
0,0.7114427860696518,0.5516515735176664,0.6838709677419355,0.3466666666666667,0.23853211009174313,0.231012808008978,0.4698203979751766
1,0.748827952233525,0.6671891865982308,0.686084142394822,0.389937106918239,0.2605042016806723,0.30895875719494803,0.4981611475913016
2,0.7529605263157895,0.6587352887025412,0.6935483870967742,0.45714285714285713,0.3333333333333333,0.32434643969149873,0.5540916385036405
3,0.7461203138622493,0.6563778730782442,0.6601941747572816,0.36363636363636365,0.24193548387096775,0.2636593589665929,0.4770221491460719
4,0.7987683233584872,0.7073981979505217,0.7055016181229773,0.5081081081081081,0.373015873015873,0.3843953706835243,0.5903861581786369
