,AUROC,AUPRC,accuracy,f1,recall,mcc,gmean
0,0.8027188328912467,0.9033769757995941,0.7838709677419354,0.8709055876685935,0.9741379310344828,0.31804136417565076,0.4607733859221712
1,0.8647210470650449,0.9486450030751693,0.8673139158576052,0.9236499068901304,1.0,0.5304286815333465,0.5725983343138682
2,0.8199404761904762,0.9188904952640711,0.8290322580645161,0.8994307400379506,0.9875,0.4358661860431749,0.5311712126450916
3,0.8552898983861327,0.9490479603056459,0.8284789644012945,0.9001883239171374,1.0,0.4458440400223865,0.49280538030458115
4,0.8786013150029888,0.9538288809721739,0.8317152103559871,0.9011406844106464,0.9916317991631799,0.4514583825560733,0.532281289535411
