,AUROC,AUPRC,accuracy,f1,recall,mcc,gmean
0,0.7511666666666668,0.7554158604735346,0.6645161290322581,0.7142857142857143,0.8125,0.33624445600867786,0.6416125518306719
1,0.7813189611271429,0.7867640135066549,0.7378640776699029,0.7885117493472585,0.877906976744186,0.4696499992817251,0.7024401536152143
2,0.7635733377881725,0.7489265653444861,0.6967741935483871,0.7602040816326531,0.9085365853658537,0.41582563177944876,0.6457020773827392
3,0.7990849287340812,0.8180898951186467,0.7055016181229773,0.7660668380462725,0.8922155688622755,0.4189948147979797,0.6584385832925412
4,0.8030008453085375,0.7938868038975297,0.7702265372168284,0.8136482939632546,0.9171597633136095,0.5470640105560904,0.7373904778485005
