,AUROC,AUPRC,accuracy,f1,recall,mcc,gmean
0,0.7381840796019901,0.32557797814932926,0.867741935483871,0.1276595744680851,0.07142857142857142,0.17378229663314568,0.26626213096882495
1,0.743440032971562,0.5217502870860173,0.8284789644012945,0.18461538461538463,0.10344827586206896,0.2610148478121045,0.3209924163227569
2,0.7850707850707851,0.534777968803835,0.8516129032258064,0.17857142857142858,0.09803921568627451,0.2885359133980998,0.3131121455425747
3,0.7505446623093682,0.46456327453483254,0.8414239482200647,0.1694915254237288,0.09259259259259259,0.27869002252497443,0.3042903097250923
4,0.65496634153043,0.35503729024193,0.8252427184466019,0.15625,0.08620689655172414,0.2326731949749685,0.29302464534677236
