,AUROC,AUPRC,accuracy,f1,recall,mcc,gmean
0,0.845787289752807,0.9641439267175347,0.8813000471031559,0.9354838709677419,1.0,0.3614285968633786,0.3855498004780299
1,0.8260718952442235,0.9623270918590079,0.8869524258125294,0.9389623601220752,0.9983775013520823,0.3289807635095322,0.36717488996065206
2,0.8424135777076953,0.9656520691366249,0.883129123468426,0.9365728900255754,0.9972766884531591,0.33904567559458154,0.38722112727844493
3,0.8398938008910739,0.9639280840144351,0.8813000471031559,0.9358778625954198,0.9994565217391305,0.3092026018202434,0.3361736925679085
4,0.820078950918073,0.964700092946104,0.8934967012252591,0.942929292929293,0.9994646680942184,0.3124546646602455,0.3378048368134133
