,AUROC,AUPRC,accuracy,f1,recall,mcc,gmean
0,0.8513520737142437,0.9375385644311793,0.7596544715447154,0.8591842810360226,0.9931176875430144,0.23676415711597668,0.3166637975581592
1,0.8522569489926908,0.9325899100745227,0.7529232333502797,0.8549253731343284,0.9979094076655052,0.2492349846408439,0.3031710880027484
2,0.8617179775433084,0.9409455513930256,0.768174885612608,0.8647686832740213,0.9972640218878249,0.2661814854949269,0.323517159965569
3,0.8611746493370694,0.9435816950104311,0.7727503812913066,0.8672408672408672,0.9959072305593452,0.2798562161349145,0.34535536337676187
4,0.8529801669466474,0.939418202088995,0.7493645144890696,0.8523510032943995,0.9951048951048951,0.23722034420367955,0.3074201828261196
