,AUROC,AUPRC,accuracy,f1,recall,mcc,gmean
0,0.9056276639846454,0.9417454594421962,0.8110480123902942,0.8638392857142857,0.9493049877350777,0.5883259136666585,0.7383218204849266
1,0.8967887987141612,0.9312440910619973,0.7976251935983479,0.8543833580980683,0.956738768718802,0.5691294900458697,0.7170535076609555
2,0.9007755474452555,0.9413015662751265,0.7909137842023748,0.85310119695321,0.9537712895377128,0.5395622436998192,0.6944816770967022
3,0.8972657268746655,0.9313881201908817,0.7965926690758905,0.855253490080823,0.9533169533169533,0.557840407645164,0.7103653215731681
4,0.885453717634932,0.9269532855587882,0.7893649974186887,0.851528384279476,0.9450726978998385,0.5313622773143586,0.696692675873103
