,AUROC,AUPRC,accuracy,f1,recall,mcc,gmean
0,0.8745524657634033,0.9269489754876834,0.799200355397601,0.8704128440366973,0.98828125,0.5230299302486986,0.6232186151806541
1,0.8852583881278285,0.9389242508108162,0.799200355397601,0.8715179079022172,0.9864864864864865,0.5102958762302989,0.6135783107964119
2,0.8842563369693187,0.9304418693263791,0.7862222222222223,0.8606201101130108,0.9926470588235294,0.5164783624428374,0.6114640480872872
3,0.8757268662782821,0.9300609931187618,0.788982674366948,0.8636233132357163,0.9862295081967213,0.5013396998903398,0.6078622005533668
4,0.872671346283902,0.9288221436762221,0.7915555555555556,0.8677755850014096,0.9833865814696485,0.4782877633703159,0.5894195495776449
