,AUROC,AUPRC,accuracy,f1,recall,mcc,gmean
0,0.599078341013825,0.23785817357245928,0.8157894736842105,0.0,0.0,0.0,0.0
1,0.6041666666666666,0.2094341960721271,0.8421052631578947,0.0,0.0,0.0,0.0
2,0.5784313725490197,0.1180035650623886,0.918918918918919,0.0,0.0,0.0,0.0
3,0.7169117647058824,0.1948135198135198,0.8947368421052632,0.0,0.0,0.0,0.0
4,0.3484848484848485,0.0990140374331551,0.8648648648648649,0.0,0.0,-0.058025885318565944,0.0
