,AUROC,AUPRC,accuracy,f1,recall,mcc,gmean
0,0.41975308641975306,0.11798941798941799,0.9,0.0,0.0,0.0,0.0
1,0.6166666666666666,0.36,0.8275862068965517,0.0,0.0,0.0,0.0
2,0.25925925925925924,0.06847826086956521,0.896551724137931,0.0,0.0,-0.05143444998736397,0.0
3,0.5128205128205128,0.15181159420289855,0.896551724137931,0.0,0.0,0.0,0.0
4,0.51,0.36420454545454545,0.8620689655172413,0.0,0.0,0.0,0.0
