,AUROC,AUPRC,accuracy,f1,recall,mcc,gmean
0,0.8485684147076553,0.9738906885428916,0.8813694267515924,0.9368911478187208,1.0,0.07664963145805753,0.08164965809277261
1,0.8727983970995133,0.9805023381514109,0.8909235668789809,0.942120828052387,1.0,0.15894823457015916,0.16843038421330378
2,0.8605807208793194,0.9728883835170157,0.8742038216560509,0.9326513213981245,1.0,0.14688551995908936,0.15713484026367722
3,0.8816692111959289,0.9821862041324719,0.8972929936305732,0.9457755359394704,1.0,0.11703259718171372,0.1235604126430431
4,0.8124799829187572,0.9677050527724478,0.8780876494023905,0.9350869749681799,1.0,0.0,0.0
