,AUROC,AUPRC,accuracy,f1,recall,mcc,gmean
0,0.7809033013029683,0.9871511933102508,0.970113085621971,0.984829848298483,1.0,0.0,0.0
1,0.7663850194108243,0.9915347473068693,0.9765561843168957,0.9881390593047035,1.0,0.0,0.0
2,0.7355938796680499,0.986177020547522,0.9741309620048505,0.9868959868959869,1.0,0.0,0.0
3,0.7146654564315352,0.9884737898932373,0.9741309620048505,0.9868959868959869,1.0,0.0,0.0
4,0.770573566084788,0.9901761236786786,0.9725141471301536,0.9860655737704918,1.0,0.0,0.0
