,AUROC,AUPRC,accuracy,f1,recall,mcc,gmean
0,0.6501634311711831,0.9564681875463295,0.9378531073446328,0.9679032930387661,1.0,0.10964996217076958,0.11322770341445958
1,0.7668221656771275,0.9811792311351729,0.9523809523809523,0.9755895738518825,1.0,0.12598561345670142,0.12909944487358055
2,0.7133021517661621,0.9684751182946785,0.9410815173527038,0.9696465696465697,0.9991431019708654,-0.0070594440060835805,0.0
3,0.7043196984361471,0.9742269035397404,0.9467312348668281,0.9726141078838174,1.0,0.11886830834220018,0.12216944435630522
4,0.7493503459955035,0.9814184546245044,0.9539951573849879,0.9764365440264572,1.0,0.12824800843845774,0.13130643285972254
