,AUROC,AUPRC,accuracy,f1,recall,mcc,gmean
0,0.7416533987274978,0.9324901201924386,0.8781512605042017,0.9342999546896239,1.0,0.27783766949425165,0.29673273237950815
1,0.7131147046218665,0.9336811356526481,0.8789915966386554,0.9345454545454546,0.9990281827016521,0.3024269274414378,0.33420441627070563
2,0.6937692199721829,0.9218805037009822,0.87973086627418,0.9353818346136467,0.9971098265895953,0.21594270361768245,0.26951278204444173
3,0.6876818622696411,0.9233475424580295,0.8747899159663866,0.9323034984098137,0.9951503394762367,0.23686139914428223,0.30640187254283907
4,0.7020417951353204,0.9332228849273538,0.896551724137931,0.9446195407474111,0.9990476190476191,0.3193201563943845,0.3495506830595624
