,AUROC,AUPRC,accuracy,f1,recall,mcc,gmean
0,0.7734171773731316,0.9804673367498553,0.9446153846153846,0.971473851030111,1.0,0.15977433801196336,0.1643989873053573
1,0.7627254098360656,0.9767150928182053,0.9407692307692308,0.9694080254270957,1.0,0.18781296163526964,0.19364916731037085
2,0.7542110655737704,0.9777062991892318,0.9392307692307692,0.9686134286849424,0.9991803278688525,0.12110343974296074,0.15804906895240262
3,0.772332692538748,0.9800247825783157,0.9384615384615385,0.9681782020684169,0.9991789819376026,0.15698146706293598,0.19119447849630297
4,0.7720471018343359,0.9757375958321858,0.9422632794457275,0.9702262802699484,1.0,0.15643547678355896,0.16116459280507606
