,AUROC,AUPRC,accuracy,f1,recall,mcc,gmean
0,0.7561178598293882,0.9814633596078294,0.9525939177101967,0.9755872869645325,1.0,0.3112040253154119,0.31889640207164033
1,0.8106060606060606,0.984779565889262,0.9463327370304114,0.9723247232472325,0.9981060606060606,0.19616794115924005,0.2537596094612761
2,0.8139162831470523,0.9774493275820502,0.9463327370304114,0.9722735674676525,0.9990503323836657,0.27102634933921116,0.30367751099080276
3,0.7917933130699089,0.9876826988112044,0.9588550983899821,0.9789762340036563,1.0,0.1428299288623714,0.14586499149789456
4,0.7830214083748486,0.980959765884291,0.955237242614145,0.9769797421731123,1.0,0.3198764548702394,0.32732683535398854
