,AUROC,AUPRC,accuracy,f1,recall,mcc,gmean
0,0.773659723831915,0.9889987921480774,0.9668874172185431,0.9831523773867465,1.0,0.1449784867004144,0.14744195615489714
1,0.7931541441815414,0.990808099748845,0.96759941089838,0.9835205992509364,0.9992389649923896,0.10142262752769056,0.1506982961983969
2,0.7249051112411299,0.9853897854952057,0.9631811487481591,0.9812312312312312,1.0,0.13742406218310724,0.14002800840280097
3,0.7396628498727736,0.9826682361074688,0.9646539027982327,0.9820089955022488,1.0,0.0,0.0
4,0.7604279621195692,0.9844228796091751,0.9617083946980854,0.980465815176559,1.0,0.13470304004502687,0.13736056394868904
