,AUROC,AUPRC,accuracy,f1,recall,mcc,gmean
0,0.737597664582343,0.927453327090861,0.8460161145926589,0.9164237123420796,1.0,0.0985958842671065,0.10721125348377948
1,0.7555856985642259,0.9427042463069102,0.8540734109221128,0.9211417513304305,0.9989506820566632,0.07622133543426993,0.11037357197687732
2,0.7396460443868604,0.9196382032059748,0.8299015219337511,0.906679764243615,1.0,0.13076225429150348,0.1435916317235476
3,0.7661348712955334,0.9434451226999873,0.8531781557743957,0.9203109815354713,0.9989451476793249,0.1564236313290528,0.18832288284123316
4,0.7781038513596652,0.941040541093849,0.8513876454789615,0.919260700389105,1.0,0.17225438110057933,0.1867718419094071
