,AUROC,AUPRC,accuracy,f1,recall,mcc,gmean
0,0.8105859887814775,0.9862875636319746,0.9727207465900933,0.9859154929577465,1.0,0.6211299937499416,0.629940788348712
1,0.8446762066456464,0.9827443141978852,0.9748563218390804,0.987012987012987,1.0,0.6513966670670068,0.6599120175960898
2,0.7538192779338219,0.9775662703859208,0.964824120603015,0.981831664812755,0.9977392614920875,0.5014378522460664,0.5498592826852867
3,0.7884041331802526,0.984470614622555,0.978448275862069,0.988929889298893,1.0,0.6432825700322957,0.6504436355879909
4,0.7640619345499664,0.9800113217153588,0.9734195402298851,0.9863216266173752,1.0,0.5935466224297902,0.6017216678143155
