,AUROC,AUPRC,accuracy,f1,recall,mcc,gmean
0,0.8507527504342791,0.9899025812163172,0.9792307692307692,0.9893575088687426,0.9992038216560509,0.6152385894123247,0.639347479676259
1,0.856143432569127,0.9903423367623906,0.9776751347190146,0.9884783472387764,0.9983948635634029,0.6660691177775673,0.6998418480729215
2,0.8444420455246437,0.9858082313468606,0.9699769053117783,0.9845176657403731,0.9943865276663993,0.5207758807232526,0.6184305593959349
3,0.869288694413351,0.9952534567733615,0.9822940723633564,0.9910121141070731,1.0,0.5034549928859804,0.508000508000762
4,0.8626166764981436,0.9909411536647286,0.9830638953040801,0.9912974683544303,1.0,0.7160562637740316,0.7223151185146152
