,AUROC,AUPRC,accuracy,f1,recall,mcc,gmean
0,0.9460875723485775,0.8980232570565525,0.8825271470878578,0.7173396674584323,0.578544061302682,0.6794426779251835,0.75605555135798
1,0.9566913753380747,0.9280824785565766,0.8904244817374136,0.7424593967517401,0.5970149253731343,0.7118495774525042,0.7711101337846125
2,0.951894607450163,0.9234922978326108,0.912142152023692,0.7802469135802469,0.6502057613168725,0.7514382599617428,0.8042562210205721
3,0.9720851781572843,0.9391549484033751,0.8973346495557749,0.74,0.5967741935483871,0.7122316941821707,0.7704893286790316
4,0.9519435351882162,0.9179823271791511,0.8903162055335968,0.7312348668280871,0.5807692307692308,0.7051207912600712,0.761068086146849
