,AUROC,AUPRC,accuracy,f1,recall,mcc,gmean
0,0.9481263745559128,0.9720101994677968,0.9138321995464853,0.9243027888446215,0.9027237354085603,0.8257053038815128,0.9159390487685534
1,0.9813864204986628,0.9895141212936635,0.9387755102040817,0.9502762430939227,0.9626865671641791,0.8711545342703985,0.931712031219488
2,0.9705738434163701,0.9860448152781613,0.9365079365079365,0.9492753623188406,0.9323843416370107,0.8655152986386963,0.9380499573156692
3,0.9648111599533508,0.98340001930787,0.9047619047619048,0.926056338028169,0.926056338028169,0.7922983762447295,0.8956500040511837
4,0.9790138419340435,0.9877768772862234,0.9386363636363636,0.9469548133595285,0.9377431906614786,0.8744325233151035,0.9388163364722528
