,AUROC,AUPRC,accuracy,f1,recall,mcc,gmean
0,0.8406933788007956,0.8113940055654546,0.7014925373134329,0.48717948717948717,0.33043478260869563,0.42737432791006774,0.5691710368810164
1,0.85562874251497,0.8078290327766785,0.7677902621722846,0.6172839506172839,0.5,0.4907666368146878,0.681228196926276
2,0.8157456922162805,0.731387152192307,0.7191011235955056,0.5161290322580645,0.39215686274509803,0.38172732240149704,0.6010487961699137
3,0.8073761132678694,0.7603109943667301,0.6741573033707865,0.43870967741935485,0.29310344827586204,0.3649016532418462,0.5323514216016494
4,0.8318849449204407,0.7511996586734748,0.7490636704119851,0.5562913907284768,0.4421052631578947,0.4241787073218914,0.637275412235865
