,AUROC,AUPRC,accuracy,f1,recall,mcc,gmean
0,0.7548942449581899,0.749237525746104,0.693069306930693,0.69,0.6448598130841121,0.39276955884996834,0.6942246468578943
1,0.6978021978021978,0.679000639519554,0.6534653465346535,0.6788990825688074,0.7115384615384616,0.30578488616329674,0.6489334323996786
2,0.7446933962264151,0.6562180151608106,0.7079207920792079,0.7093596059113301,0.75,0.42003840761592093,0.7087725238509445
3,0.685782967032967,0.6555389487569808,0.6237623762376238,0.6274509803921569,0.6153846153846154,0.2479403878520348,0.6239591018276216
4,0.753996003996004,0.6676396388015825,0.681592039800995,0.6701030927835051,0.7142857142857143,0.3672932976348536,0.6837634587578277
