,AUROC,AUPRC,accuracy,f1,recall,mcc,gmean
0,0.7757086128988088,0.6023220189421021,0.7548387096774194,0.6082474226804123,0.5412844036697247,0.4408950378429723,0.6864892684032613
1,0.7717381689517913,0.6672448341277749,0.7281553398058253,0.6181818181818182,0.5714285714285714,0.4126311002171687,0.6871538773286662
2,0.8078070175438596,0.6879038716173269,0.7548387096774194,0.6666666666666666,0.6333333333333333,0.47528146638404123,0.725718035235908
3,0.7527027027027028,0.6747726533712137,0.7022653721682848,0.5576923076923077,0.46774193548387094,0.3604798147593325,0.6340388245505862
4,0.842419117009281,0.7814750222296657,0.7281553398058253,0.631578947368421,0.5714285714285714,0.42584046958474486,0.6911958886164479
