,AUROC,AUPRC,accuracy,f1,recall,mcc,gmean
0,0.8479774535809018,0.9258747388071987,0.8096774193548387,0.882703777335984,0.9568965517241379,0.4300933395616237,0.596463939202724
1,0.8852459016393444,0.9628074809545173,0.8737864077669902,0.9239766081871345,0.9556451612903226,0.565683297320952,0.719019030307227
2,0.8519047619047619,0.945187644228918,0.8419354838709677,0.9044834307992202,0.9666666666666667,0.49129590873840845,0.6328318816843779
3,0.9085774058577406,0.9683079560858007,0.8867313915857605,0.9304174950298211,0.9790794979079498,0.6532861325062934,0.7479799454561217
4,0.8755230125523014,0.9540594199751508,0.8576051779935275,0.9126984126984127,0.9623430962343096,0.5538129060771312,0.6936652997787585
