,AUROC,AUPRC,accuracy,f1,recall,mcc,gmean
0,0.7785625444207532,0.33866688037298165,0.8516129032258064,0.20689655172413793,0.14285714285714285,0.163264116276505,0.37084586077240445
1,0.7793996428080782,0.45305402086224844,0.8220064724919094,0.32098765432098764,0.22413793103448276,0.27417186141278105,0.46390530605426383
2,0.8314785373608903,0.5305623847014486,0.8548387096774194,0.4444444444444444,0.35294117647058826,0.3844858931496482,0.580162640584402
3,0.7761801016702977,0.5008484198051764,0.8414239482200647,0.3287671232876712,0.2222222222222222,0.307904477193666,0.4648892388056519
4,0.7421692540184092,0.44586788303179875,0.8155339805825242,0.3132530120481928,0.22413793103448276,0.2524909618697365,0.46197637750805365
