,AUROC,AUPRC,accuracy,f1,recall,mcc,gmean
0,0.7768125,0.7463579035115158,0.7193548387096774,0.7306501547987616,0.7375,0.4378559025650367,0.7185053931599957
1,0.8023043625869971,0.8332269796519951,0.7508090614886731,0.7830985915492957,0.8081395348837209,0.49228586918889455,0.7406693399388459
2,0.8187854994988306,0.8132009709432573,0.7548387096774194,0.7738095238095238,0.7926829268292683,0.5072195914890542,0.7514325332243553
3,0.7991692670996036,0.8174194629703038,0.7313915857605178,0.7446153846153846,0.7245508982035929,0.4625851512986273,0.7319559187420579
4,0.8041208791208792,0.7826577033462501,0.7540453074433657,0.7865168539325843,0.8284023668639053,0.501739979482932,0.7418192893071504
