,AUROC,AUPRC,accuracy,f1,recall,mcc,gmean
0,0.7762437810945274,0.9848975870860074,0.9257950530035336,0.9613259668508287,0.9738805970149254,0.054810433562579634,0.2548045783229343
1,0.7580712788259958,0.9700740415111075,0.9328621908127208,0.9650092081031307,0.9886792452830189,0.18485889941585618,0.33144117045999427
2,0.7115116684082202,0.9621863693828159,0.9328621908127208,0.9647495361781077,0.9961685823754789,0.36175280025656825,0.4255837877926099
3,0.8182509505703423,0.975511652423805,0.9328621908127208,0.9648798521256932,0.9923954372623575,0.277001133038622,0.38582290703035454
4,0.8029850746268656,0.9833588164756168,0.9399293286219081,0.9684601113172542,0.9738805970149254,0.3415691685718279,0.5697603581082504
