,AUROC,AUPRC,accuracy,f1,recall,mcc,gmean
0,0.8772161940265389,0.9696518970768971,0.8930758360810175,0.9410236425045466,0.9912424740010947,0.4530439444287388,0.5335235065684784
1,0.8906323402273079,0.977627557279232,0.9024964672633067,0.9464147035982398,0.9886425094645754,0.4706485630915509,0.5634893273326654
2,0.864072474366592,0.9688251243694119,0.8920829406220546,0.9406582016066338,0.988562091503268,0.42308297396590233,0.5192377520339357
3,0.8647007988938393,0.9702336675464749,0.8954309938765898,0.9423975090814738,0.9869565217391304,0.44249636341088705,0.5444590934214245
4,0.8509711848117485,0.9672416708938701,0.9052780395852968,0.948368867197534,0.9882226980728052,0.4406130490307191,0.5401833399592485
