,AUROC,AUPRC,accuracy,f1,recall,mcc,gmean
0,0.9043169070512821,0.9497776973744583,0.8378498445135495,0.8845302119582411,0.91015625,0.615815277723263,0.7881608671125157
1,0.9114503415077304,0.9563495398495157,0.8436250555308752,0.8899312070043778,0.9157014157014157,0.6236685559140515,0.7907952101406879
2,0.903437460105817,0.9425170774932764,0.8333333333333334,0.8791492104415082,0.9117647058823529,0.6158993232063332,0.7860789479066457
3,0.9108025109515422,0.9543239591801428,0.8476232785428698,0.8912147161433556,0.921311475409836,0.6416611065285724,0.7989487515596106
4,0.9125817961334857,0.9588968204299134,0.8448888888888889,0.8909715713839426,0.9111821086261981,0.6246028102669282,0.7948846508591365
