,AUROC,AUPRC,accuracy,f1,recall,mcc,gmean
0,0.8913216773292194,0.9055189171656596,0.8308788598574822,0.8494077834179357,0.8345802161263508,0.6572364408009548,0.830250049833472
1,0.8872547938863137,0.9050105208475632,0.8099762470308789,0.8294970161977835,0.81696053736356,0.6153883368795074,0.8088779226919959
2,0.8786187351162714,0.8995155432696215,0.8123515439429929,0.8272846523830345,0.8071672354948806,0.6230824459564682,0.8129945228792175
3,0.8786616652773919,0.9095846455789519,0.8028503562945368,0.8254101809002945,0.8040983606557377,0.6004819157442621,0.8026127797654641
4,0.8832841806809876,0.906084099657904,0.809501187648456,0.8260303687635575,0.80067283431455,0.6175083787733542,0.8107533098797319
