,AUROC,AUPRC,accuracy,f1,recall,mcc,gmean
0,0.9034752336979399,0.9610128831742406,0.8465447154471545,0.9005270092226614,0.9408121128699243,0.5777396305363625,0.7390663511184555
1,0.8907704802074874,0.9497078178719573,0.835282155566853,0.8913480885311871,0.9261324041811847,0.5597097184426376,0.7393422891414739
2,0.9004787961696308,0.9577840848254171,0.8581596339603457,0.9077075752563678,0.9384404924760602,0.608940632861535,0.7663042278034073
3,0.9066961574804007,0.9578737747443304,0.8617183528215556,0.9095143047238856,0.932469304229195,0.6205373904324509,0.7813314954376447
4,0.9055312471513588,0.9615943768613068,0.838840874428063,0.8939444630311141,0.9342657342657342,0.5702506581236817,0.7391164897357728
