,AUROC,AUPRC,accuracy,f1,recall,mcc,gmean
0,0.6682027649769585,0.30121607171296616,0.7894736842105263,0.0,0.0,-0.07812091314506639,0.0
1,0.6848958333333333,0.40448028673835124,0.868421052631579,0.2857142857142857,0.16666666666666666,0.3796631983009996,0.408248290463863
2,0.7745098039215685,0.20740740740740743,0.918918918918919,0.0,0.0,0.0,0.0
3,0.5882352941176471,0.3619565217391304,0.8947368421052632,0.3333333333333333,0.25,0.30316953129541624,0.492592183071889
4,0.5,0.12692156980950084,0.8648648648648649,0.0,0.0,-0.058025885318565944,0.0
