,AUROC,AUPRC,accuracy,f1,recall,mcc,gmean
0,0.8258995881810204,0.9910237169486396,0.9717285945072698,0.9856144677353063,0.9983347210657785,0.26098034199132625,0.3285240903694235
1,0.8604561543731446,0.994641939428063,0.9765561843168957,0.9881196231052847,0.9983443708609272,0.17939064885224165,0.26239538090721654
2,0.8396913900414937,0.9934890871164601,0.9749393694421988,0.9872794419368075,0.9983402489626556,0.23040494915516288,0.3059320158797522
3,0.7476530082987553,0.9890664811634712,0.973322554567502,0.986469864698647,0.9983402489626556,0.09549902212593454,0.1766299317218998
4,0.8370495330301696,0.9926418846098493,0.9725141471301536,0.9860541427399507,0.999168744804655,0.11630376188007317,0.17142729077852897
