,AUROC,AUPRC,accuracy,f1,recall,mcc,gmean
0,0.8299691617605831,0.9558307490684705,0.8630259623992838,0.9234617308654327,0.9787910922587487,0.34222010578541506,0.48024439888318393
1,0.8076197118214623,0.9524616979577795,0.8639212175470009,0.9243781094527364,0.974816369359916,0.30506465859404996,0.4625841340545587
2,0.8032832203370901,0.9422362213341491,0.8487018800358102,0.9149471565173629,0.9848320693391116,0.3311966252619871,0.44495135089238175
3,0.8286551569170849,0.9612308028822598,0.864816472694718,0.9244622311155578,0.9746835443037974,0.33921626140410344,0.4921677016153841
4,0.8241232927279438,0.9550334516324105,0.8675022381378693,0.9262213359920239,0.9830687830687831,0.3566411134354375,0.4781429150633714
