,AUROC,AUPRC,accuracy,f1,recall,mcc,gmean
0,0.8937311633514164,0.9804677742914724,0.9171974522292994,0.9546643417611159,0.9900542495479204,0.530305232330019,0.6133682538477271
1,0.8943039786279935,0.9833926515178156,0.910031847133758,0.9509761388286334,0.9829596412556054,0.44749798813104047,0.5724100049369057
2,0.9277145823459048,0.986444729688274,0.9004777070063694,0.9452954048140044,0.9872029250457038,0.4569682878125346,0.5574819333690616
3,0.9055572519083969,0.9861301549301955,0.9243630573248408,0.9589277993947255,0.9857777777777778,0.516934262439854,0.625540648263042
4,0.8725282611532211,0.9787394057158448,0.8932270916334661,0.9413823272090989,0.9764065335753176,0.38312242896158605,0.5358902800275768
