,AUROC,AUPRC,accuracy,f1,recall,mcc,gmean
0,0.8251344737886337,0.9838388240972386,0.9484615384615385,0.9732961339178956,0.9959216965742251,0.32241173028799863,0.40187164077685944
1,0.8984272540983607,0.9913382886682213,0.943076923076923,0.9704472843450479,0.9959016393442623,0.29076596665495846,0.37004928781155094
2,0.8338985655737705,0.9853247037449806,0.9407692307692308,0.9692369157011587,0.9942622950819672,0.25228433368681424,0.3525376389624885
3,0.8694531218711202,0.987742506612326,0.9438461538461539,0.9708582834331337,0.9983579638752053,0.3237424211803712,0.36595910744880045
4,0.8658628605437115,0.98703811634127,0.9461123941493457,0.9720223820943246,0.9950900163666121,0.3224291257603641,0.4098807272309861
