,AUROC,AUPRC,accuracy,f1,recall,mcc,gmean
0,0.809186909913454,0.9837186358231497,0.9580524344569289,0.9781591263650546,0.9866247049567269,0.4617083867607004,0.6208061495939948
1,0.8726988087951411,0.9892577147027375,0.9595505617977528,0.9791021671826625,0.9976340694006309,0.435826171615752,0.48809934623718315
2,0.8179043004239854,0.9850356330185913,0.9602996254681648,0.9794334497477687,0.9937007874015747,0.4526630316823158,0.5529503489747102
3,0.8327074790515243,0.9831417485503011,0.9602996254681648,0.9794014768752429,0.9968354430379747,0.4980263720094234,0.5557684661651808
4,0.774612700088857,0.9805549734834831,0.9655172413793104,0.982170542635659,0.99528672427337,0.5036883708515216,0.5853543302675427
