,AUROC,AUPRC,accuracy,f1,recall,mcc,gmean
0,0.8666129849449913,0.9918799469453736,0.9807692307692307,0.9901068460625247,0.9960191082802548,0.6630201294678396,0.7370774382458386
1,0.8446197643780854,0.9868753128455378,0.9761354888375674,0.9876148621654015,0.9919743178170144,0.666295981569312,0.7739043157928024
2,0.899736290173339,0.993482209610618,0.9738260200153964,0.9864325618515563,0.9911788291900562,0.6228198294593997,0.7434869256326988
3,0.894868729011906,0.9964523584195677,0.9822940723633564,0.9909980430528376,0.998422712933754,0.5121181322514201,0.567513738055614
4,0.9113258614108748,0.9946059682821131,0.9807544264819091,0.9900990099009901,0.9976057462090981,0.6727982687315436,0.7214498974591911
