,AUROC,AUPRC,accuracy,f1,recall,mcc,gmean
0,0.7477307361028291,0.9722622270876421,0.9402744148506861,0.9690893901420217,0.9991386735572783,0.22126188522715273,0.2530757808820439
1,0.8623197625106022,0.9888917921895548,0.9548022598870056,0.9767054908485857,0.9957591178965225,0.2960303215727062,0.38647621878257704
2,0.7886853756069694,0.9800975316783033,0.9410815173527038,0.9695452649144765,0.9957155098543273,0.1412538220972125,0.23519678638374378
3,0.7718531913809791,0.9773585795283094,0.9467312348668281,0.9725457570715474,0.9974402730375427,0.17242510074837322,0.2440259679156436
4,0.8266080761482086,0.9879719749517777,0.9556093623890234,0.9771689497716894,0.9966130397967824,0.26415048324141943,0.34681534584473733
