,AUROC,AUPRC,accuracy,f1,recall,mcc,gmean
0,0.9099553429027114,0.9786186471593953,0.9013452914798207,0.9438202247191011,0.9726315789473684,0.5588168126340042,0.690994706354923
1,0.9203327391562686,0.9802604961999177,0.8959641255605382,0.9402061855670103,0.9754010695187165,0.5660098588446093,0.686617688577406
2,0.9054240487946559,0.9762329104723158,0.8914798206278027,0.9382337927514037,0.9787007454739084,0.5286978648055776,0.6458018091988049
3,0.9131873850324329,0.9809770410048227,0.8914798206278027,0.9375322663913268,0.966986155484558,0.5420459569764966,0.687389699299227
4,0.9095673886670672,0.9784168651665047,0.884304932735426,0.9341500765696784,0.9807073954983923,0.5056707146567652,0.6185334706285783
