,AUROC,AUPRC,accuracy,f1,recall,mcc,gmean
0,0.8333333333333334,0.9874372696189685,0.9676956209619526,0.9832526981764049,0.9932330827067669,0.552415863173795,0.6524349171833486
1,0.8493936454038321,0.9882166084403141,0.9777298850574713,0.9884457696608274,0.9969924812030075,0.7019349770052222,0.750212194091104
2,0.7673551643031673,0.9781138520119451,0.9676956209619526,0.9832526981764049,0.9954785229841748,0.5651634543175784,0.6381545376694203
3,0.8400760619977038,0.9894506598129695,0.9727011494252874,0.9859259259259259,0.9932835820895523,0.551174096925737,0.662824991231583
4,0.8257832290751176,0.9863416043449473,0.9719827586206896,0.9855072463768116,0.9940029985007496,0.5865062041460011,0.6802393209634618
