,AUROC,AUPRC,accuracy,f1,recall,mcc,gmean
0,0.7329087592799322,0.9244359253919462,0.8815126050420168,0.9345707656612529,0.976721629485936,0.3580635581259815,0.5079389135163888
1,0.7132384453337679,0.9226210042396729,0.8705882352941177,0.9285714285714286,0.9727891156462585,0.2905053901071286,0.4598650831556016
2,0.7117036072937002,0.9260951468196973,0.8873002523128679,0.9383057090239411,0.9816955684007708,0.3489245155699924,0.48378365575843063
3,0.7108717798559132,0.9284692363804932,0.873109243697479,0.9297347603536529,0.9689621726479146,0.31471488456644064,0.4937246890633183
4,0.7292497430626927,0.9320197058711758,0.8898233809924306,0.9397146801656696,0.9723809523809523,0.33477452189469986,0.5087585061109579
