,AUROC,AUPRC,accuracy,f1,recall,mcc,gmean
0,0.8628383028440645,0.9897977050524935,0.9534883720930233,0.9759481961147086,0.996222851746931,0.35497064985910987,0.43097153488951107
1,0.8754734848484849,0.9910993698253765,0.9508050089445438,0.974477958236659,0.9943181818181818,0.36122097443181234,0.4566027489856272
2,0.840857622908905,0.9856353216859973,0.9481216457960644,0.972998137802607,0.9924026590693258,0.36790812361840736,0.47855615997160406
3,0.8041599618570832,0.9860822594230663,0.964221824686941,0.9816345270890725,0.9981325863678805,0.3855334949695934,0.4371861981555219
4,0.8479786589470849,0.9884519817847603,0.9525514771709938,0.9755872869645325,0.998114985862394,0.24168856756106655,0.2985253916369585
