,AUROC,AUPRC,accuracy,f1,recall,mcc,gmean
0,0.8092167658180295,0.7991941160316371,0.7456140350877193,0.725897920604915,0.6881720430107527,0.49247876524795764,0.7423008856824154
1,0.8273359914807201,0.8186186817226087,0.7574692442882249,0.7396226415094339,0.7232472324723247,0.5133273872467855,0.7552125342683972
2,0.8426649733675281,0.8224679224635469,0.7719298245614035,0.7627737226277372,0.7627737226277372,0.5431791280331426,0.7715391994188562
3,0.7796841766829896,0.7860284327103544,0.6994727592267135,0.6896551724137931,0.6484641638225256,0.40366278867823,0.699069117260111
4,0.829387048937222,0.7837517135950257,0.7627416520210897,0.7522935779816514,0.7321428571428571,0.5257010834644742,0.7616697971439883
