,AUROC,AUPRC,accuracy,f1,recall,mcc,gmean
0,0.9774190918725034,0.9434404007071898,0.9279368213228035,0.8525252525252526,0.8084291187739464,0.8071328613867316,0.885270144178119
1,0.9828758890113192,0.9632888752528663,0.9466929911154985,0.8953488372093024,0.8619402985074627,0.8608229312424979,0.9177537045229954
2,0.9702073646518091,0.9325836012098692,0.947680157946693,0.8879492600422833,0.8641975308641975,0.8544045160553488,0.9174698042719671
3,0.9812697659709045,0.9594490447032341,0.9417571569595261,0.8773388773388774,0.8508064516129032,0.8399020127434899,0.9090318009266403
4,0.9748542348608841,0.9491976348560885,0.941699604743083,0.883629191321499,0.8615384615384616,0.8452653101242764,0.913886325556565
