,AUROC,AUPRC,accuracy,f1,recall,mcc,gmean
0,0.9843829301302656,0.9909302706585659,0.9410430839002267,0.9482071713147411,0.9260700389105059,0.8812321860852509,0.9438427377043124
1,0.9900138038133034,0.994267561682796,0.9478458049886621,0.957169459962756,0.9589552238805971,0.8905134758917888,0.944689419081593
2,0.9860209074733097,0.9931514987680595,0.9501133786848073,0.960431654676259,0.9501779359430605,0.8933489353770268,0.950088963805973
3,0.9897618193235848,0.9947683895010188,0.9523809523809523,0.962432915921288,0.9471830985915493,0.8983312364255743,0.9544553517009574
4,0.9944611001254492,0.9959159999139099,0.9659090909090909,0.9707602339181286,0.9688715953307393,0.9298988295626229,0.9653035445984144
