,AUROC,AUPRC,accuracy,f1,recall,mcc,gmean
0,0.9022062818257995,0.8755513269482378,0.8315363881401617,0.8091603053435115,0.8091603053435115,0.6583762281420639,0.8289462077808479
1,0.8969795870362611,0.8677835947117627,0.8207547169811321,0.7953846153846154,0.7809667673716012,0.6363521433893815,0.8160924819434012
2,0.8969240776879472,0.8668022711807186,0.830074173971679,0.7990430622009569,0.7914691943127962,0.6519597423917841,0.824458832738422
3,0.8995927489999869,0.8591613165613574,0.8382749326145552,0.808,0.8003169572107766,0.6684168385308225,0.8326811111106259
4,0.9009149217128845,0.8765656126028543,0.8293998651382333,0.7964601769911505,0.7662538699690402,0.6515140732929863,0.8202897428099373
