,AUROC,AUPRC,accuracy,f1,recall,mcc,gmean
0,0.6977865223807183,0.7097657346241033,0.6386138613861386,0.6439024390243903,0.616822429906542,0.27960922564789026,0.6395706872920973
1,0.6090070643642073,0.6149314116736369,0.599009900990099,0.6161137440758294,0.625,0.19668927257451732,0.5976143046671968
2,0.6910377358490567,0.6113651370487675,0.6534653465346535,0.631578947368421,0.625,0.30460469871775014,0.651558364144604
3,0.5937009419152277,0.6259890046726853,0.5841584158415841,0.5757575757575758,0.5480769230769231,0.17086151783829145,0.584080406713891
4,0.7623376623376624,0.7159272482947451,0.7014925373134329,0.6808510638297872,0.7032967032967034,0.40173454105402895,0.7016464154456233
