,AUROC,AUPRC,accuracy,f1,recall,mcc,gmean
0,0.719125,0.7016477198528497,0.667741935483871,0.6943620178041543,0.73125,0.33446374952321145,0.6623820649745885
1,0.7424461042267866,0.7746899803152811,0.7055016181229773,0.7436619718309859,0.7674418604651163,0.3994915916241382,0.6940834422585791
2,0.7326678917474105,0.7440797682117248,0.6709677419354839,0.7034883720930233,0.7378048780487805,0.33755185478003885,0.6630617256243735
3,0.7479126254533188,0.7520142198693999,0.6763754045307443,0.6951219512195121,0.6826347305389222,0.35080661200659136,0.6757900926354341
4,0.7162299239222316,0.730450810446041,0.6699029126213593,0.7017543859649122,0.7100591715976331,0.3324163213505155,0.6642673081190071
