,AUROC,AUPRC,accuracy,f1,recall,mcc,gmean
0,0.6969738463645077,0.5788683132570955,0.7354838709677419,0.594059405940594,0.5504587155963303,0.4024776068522658,0.6782955820420978
1,0.7076957098628924,0.5900022643898777,0.6763754045307443,0.5689655172413793,0.5546218487394958,0.3104414907618047,0.6460850700453581
2,0.7282017543859649,0.6082137025963037,0.6935483870967742,0.5814977973568282,0.55,0.3424109464195101,0.6567463661670951
3,0.6370967741935485,0.5496162270748959,0.6213592233009708,0.4657534246575342,0.4112903225806452,0.18425044398531729,0.5598838464667807
4,0.7446439413652529,0.6908431617017889,0.7022653721682848,0.6068376068376068,0.5634920634920635,0.37237147974555984,0.670493828571254
