,AUROC,AUPRC,accuracy,f1,recall,mcc,gmean
0,0.7497236958443856,0.892350311363437,0.7774193548387097,0.8622754491017964,0.9310344827586207,0.3222128759216517,0.5462677805469224
1,0.8099550502379694,0.9422666229253958,0.8187702265372169,0.8918918918918919,0.9314516129032258,0.35012172382548434,0.57959759194466
2,0.788452380952381,0.9171715530296054,0.8354838709677419,0.9001956947162426,0.9583333333333334,0.46978889154642833,0.6300982538650695
3,0.7967722653915122,0.9124975277044781,0.8252427184466019,0.8937007874015748,0.9497907949790795,0.43616439597658396,0.6163735214880923
4,0.8178123132098027,0.9295737654965546,0.8187702265372169,0.889763779527559,0.9456066945606695,0.4131338426005135,0.6039321242980169
