,AUROC,AUPRC,accuracy,f1,recall,mcc,gmean
0,0.890049751243781,0.9931969481568181,0.950530035335689,0.9744525547445255,0.996268656716418,0.2835208836179873,0.36446648802807974
1,0.7610062893081762,0.9796482064016099,0.9434628975265018,0.9705882352941176,0.9962264150943396,0.33676715806764573,0.4074772826171498
2,0.6875653082549634,0.9591654516557198,0.9257950530035336,0.9611829944547134,0.9961685823754789,0.22766630928548148,0.30093318231121113
3,0.7876425855513307,0.9742396256247148,0.9328621908127208,0.9650092081031307,0.9961977186311787,0.2407232298012062,0.31562599997959273
4,0.750497512437811,0.9718490931299847,0.9540636042402827,0.9762340036563071,0.996268656716418,0.372504805180878,0.44637846200649467
