,AUROC,AUPRC,accuracy,f1,recall,mcc,gmean
0,0.7416307933549313,0.9324744582794757,0.8723504474799811,0.9278295605858855,0.9534756431308156,0.3899039404320748,0.5952580656127158
1,0.7621499883543283,0.9455605953170717,0.868111163447951,0.9254526091586794,0.9399675500270417,0.3584139917010944,0.6001720943975772
2,0.7367909867909868,0.937090835011291,0.8685202639019792,0.925817601701675,0.9482570806100218,0.35878057551238113,0.5815407020919414
3,0.750600130588416,0.9407681304974134,0.8723504474799811,0.9284015852047556,0.9548913043478261,0.3563678921095515,0.5661683061859629
4,0.7395715658669004,0.940515631379303,0.8803016022620169,0.9332632685233841,0.9507494646680942,0.36099423436872213,0.5868270169586077
