,AUROC,AUPRC,accuracy,f1,recall,mcc,gmean
0,0.8053521672602382,0.9097258992504592,0.8028455284552846,0.8690074274139096,0.8857536132140399,0.4726032555255326,0.709882813618761
1,0.8045964213670064,0.9031968996160544,0.7966446365022878,0.863013698630137,0.8780487804878049,0.4700213154278528,0.7118241097182879
2,0.8055450962332895,0.9103101260181315,0.8057956278596848,0.8706838185511171,0.8796169630642955,0.4814492448391417,0.721666761576838
3,0.8219740600654081,0.9213373593368693,0.8149466192170819,0.8778523489932886,0.8922237380627558,0.49780642951758364,0.724818103313682
4,0.7949173731296636,0.9029848589008657,0.7905439755973563,0.8591934381408065,0.879020979020979,0.4530273382815223,0.6984263393418824
