,AUROC,AUPRC,accuracy,f1,recall,mcc,gmean
0,0.8303877112470862,0.9082137371183805,0.7894269213682807,0.8468992248062015,0.853515625,0.5099945743919246,0.7458400072626612
1,0.8277689454160042,0.9091381224058095,0.7867614393602843,0.8485804416403786,0.8655083655083655,0.4897548700995377,0.7273175136895876
2,0.8173245365182484,0.8801251007692125,0.7822222222222223,0.8399738732854344,0.8596256684491979,0.5010604752328843,0.7351199101423468
3,0.8351524183714943,0.9071107463673079,0.8018658374055975,0.8555699481865285,0.8662295081967213,0.5407196184017983,0.7599252192142423
4,0.8213054732865371,0.9034045118408555,0.7884444444444444,0.8486005089058524,0.8523961661341853,0.49764549220769305,0.7399490149126045
