,AUROC,AUPRC,accuracy,f1,recall,mcc,gmean
0,0.8660214699125766,0.9080081272847792,0.820340733092411,0.8585365853658536,0.8634505314799673,0.6125225493770234,0.8028478139942374
1,0.8746601469206652,0.9091217373811669,0.8208569953536397,0.8565522943365027,0.8618968386023295,0.6181729839453562,0.8060070800196211
2,0.8712040569932906,0.9157768648263706,0.8296334537945276,0.867682437850842,0.8775344687753447,0.628948902554231,0.8089569568936369
3,0.8699435850273839,0.9162223468524116,0.8244708311822406,0.8612244897959184,0.864045864045864,0.6224919313196577,0.808744853379062
4,0.8402518252476998,0.8992447885309219,0.7971089313371192,0.8422320353271778,0.8473344103392568,0.5581754383235438,0.7746248647839378
