,AUROC,AUPRC,accuracy,f1,recall,mcc,gmean
0,0.6606060606060606,0.2132168229610685,0.8157894736842105,0.0,0.0,-0.09174698042719671,0.0
1,0.44285714285714284,0.07771260997067449,0.8918918918918919,0.0,0.0,-0.05714285714285714,0.0
2,0.32727272727272727,0.11603440419229893,0.7368421052631579,0.0,0.0,-0.15151515151515152,0.0
3,0.6285714285714286,0.282719754568494,0.7837837837837838,0.0,0.0,-0.08050764858994133,0.0
4,0.5375,0.22573426573426575,0.8648648648648649,0.0,0.0,0.0,0.0
