,AUROC,AUPRC,accuracy,f1,recall,mcc,gmean
0,0.46296296296296297,0.1,0.8333333333333334,0.0,0.0,-0.0890870806374748,0.0
1,0.5833333333333333,0.25982905982905985,0.7586206896551724,0.2222222222222222,0.2,0.08215838362577492,0.4183300132670378
2,0.49074074074074076,0.09583333333333333,0.7931034482758621,0.0,0.0,-0.10886621079036346,0.0
3,0.48717948717948717,0.12794612794612795,0.8275862068965517,0.0,0.0,-0.09245003270420485,0.0
4,0.36,0.12448275862068965,0.8620689655172413,0.0,0.0,0.0,0.0
