,AUROC,AUPRC,accuracy,f1,recall,mcc,gmean
0,0.7173845950354922,0.9707049337776353,0.94,0.9688498402555911,0.9893964110929854,0.19942419829537575,0.34688902540112376
1,0.7138217213114755,0.9669747375140015,0.9338461538461539,0.9655448717948718,0.9877049180327869,0.17888873290531948,0.33334187147534966
2,0.6972848360655737,0.9694688073955939,0.9361538461538461,0.9667334669338677,0.9885245901639345,0.22052361637907733,0.36867618738879926
3,0.74610517041131,0.9743136192941004,0.9361538461538461,0.9667067789811472,0.9893267651888341,0.24015057352252953,0.38049904942456836
4,0.7486662273896316,0.9771333742153923,0.9384141647421094,0.9680255795363709,0.9909983633387889,0.18665519086581242,0.32087516095565227
