,AUROC,AUPRC,accuracy,f1,recall,mcc,gmean
0,0.7662174244180271,0.987073764950481,0.9668874172185431,0.9831144465290806,0.9977151561309977,0.21390063753414645,0.29454683780948154
1,0.7535630275356303,0.9885350299030622,0.96759941089838,0.9835082458770614,0.9984779299847792,0.14353914927184946,0.213038401359599
2,0.6923803951572978,0.9814408032619989,0.9624447717231223,0.9808486669170109,0.9992348890589136,0.0934161393330993,0.13997442967177784
3,0.6864185750636131,0.9809081703406701,0.9639175257731959,0.9815858699736941,0.9969465648854962,0.15328735695986687,0.249618028806702
4,0.6717848622858381,0.9773300012435711,0.9624447717231223,0.9808198570891312,0.9992337164750957,0.1995399003367234,0.23782430289135745
