,AUROC,AUPRC,accuracy,f1,recall,mcc,gmean
0,0.7901084990958409,0.9601184580516934,0.8869426751592356,0.937112488928255,0.9566003616636528,0.3882459683874505,0.5976042182647004
1,0.8260089686098654,0.9704521136200923,0.8901273885350318,0.9396853146853147,0.9641255605381166,0.3419453144401382,0.5422398981211739
2,0.8116550432211616,0.9618644904274147,0.8845541401273885,0.9354120267260579,0.9597806215722121,0.40727851341791615,0.6011645997762215
3,0.8175131467345208,0.9689942980904341,0.89171974522293,0.9404553415061296,0.9546666666666667,0.35013733977470535,0.5789874464134138
4,0.7369785179649597,0.944738763050982,0.8693227091633466,0.927689594356261,0.9546279491833031,0.26707808925116044,0.49329153253054336
