,AUROC,AUPRC,accuracy,f1,recall,mcc,gmean
0,0.8282788071800811,0.9901324246702593,0.9753846153846154,0.9873617693522907,0.9952229299363057,0.5431362715835396,0.6380726080594288
1,0.837184651261395,0.9864102134364353,0.9776751347190146,0.9884508164078056,0.9959871589085072,0.6730349105504527,0.7382236150502518
2,0.8236845351921535,0.984837062075467,0.9753656658968437,0.9872712808273667,0.9951884522854851,0.6262418838372232,0.7054035909624664
3,0.7773481225195888,0.9919173580210248,0.9807544264819091,0.9902229174814235,0.998422712933754,0.44789865751299174,0.507599718582945
4,0.8543322113883203,0.9898245944917521,0.9822940723633564,0.9909054962435745,1.0,0.7007049741617701,0.7071067811865476
