,AUROC,AUPRC,accuracy,f1,recall,mcc,gmean
0,0.646542582367353,0.8887825193506527,0.8218442256042973,0.8981054787506401,0.9300106044538706,0.20410348837707926,0.46812437426938946
1,0.6270826401863179,0.8965538340793722,0.8155774395702775,0.8944672131147541,0.9160545645330536,0.17014023932758068,0.4607130836438071
2,0.6651830092370241,0.8901164778992561,0.8093106535362579,0.889922480620155,0.9328277356446371,0.20053087803512493,0.45470956309120525
3,0.6844992884428133,0.9056241957438237,0.8487018800358102,0.9138194798572157,0.9451476793248945,0.31179696823572134,0.5392723528621748
4,0.6501415036298758,0.8932913361423831,0.8334825425246195,0.9051020408163265,0.9386243386243386,0.24362890788922786,0.49001347216571567
