,AUROC,AUPRC,accuracy,f1,recall,mcc,gmean
0,0.6637936854423114,0.9814058904399776,0.9709208400646203,0.9852216748768473,0.9991673605328892,0.18431669446673016,0.23239846495898228
1,0.7556805206668189,0.9915201105448638,0.9765561843168957,0.9881293491608678,0.9991721854304636,0.1267455914577368,0.18561846161065348
2,0.7154823651452282,0.9872204155106792,0.9717057396928052,0.9856380796060731,0.9966804979253112,0.06988063369194887,0.17648304609838866
3,0.6650933609958506,0.98399906046034,0.9717057396928052,0.9856380796060731,0.9966804979253112,0.06988063369194887,0.17648304609838866
4,0.7611363747494011,0.9907337943299493,0.973322554567502,0.9864587607714403,0.999168744804655,0.19276323462966508,0.24243479957987188
