,AUROC,AUPRC,accuracy,f1,recall,mcc,gmean
0,0.8018181818181818,0.9502999117995043,0.8645739910313901,0.9226037929267042,0.9473684210526315,0.392915789247495,0.6061881843392659
1,0.8110338680926914,0.9483119535005458,0.8663677130044843,0.9225169006760271,0.948663101604278,0.4488401481162022,0.6452578512447474
2,0.8041860296253267,0.9481155127003634,0.8654708520179372,0.922360248447205,0.9488817891373802,0.4313766418480163,0.6316341198366765
3,0.828044825249298,0.9572910911208826,0.8600896860986547,0.9186652763295099,0.9382321618743344,0.42493738134729986,0.644831323197102
4,0.7890239449724981,0.9352402780132674,0.8663677130044843,0.9232354456465739,0.9603429796355841,0.4328336737130731,0.6077521571127696
