,AUROC,AUPRC,accuracy,f1,recall,mcc,gmean
0,0.781203007518797,0.981254146669748,0.968413496051687,0.9836674090571641,0.9962406015037594,0.5489761982808118,0.6160521318397407
1,0.797586708707252,0.9818328278818261,0.9741379310344828,0.9866369710467706,0.9992481203007518,0.6387884644541364,0.6596638837209532
2,0.7328560663149962,0.9711935534093443,0.9633883704235463,0.9810479375696767,0.9947249434815373,0.48814882069491927,0.5758254780404497
3,0.7954793340987371,0.9839685293587177,0.9734195402298851,0.9863216266173752,0.9955223880597015,0.5491357471155671,0.6340645767472337
4,0.7453083802926124,0.977485064934468,0.9741379310344828,0.9866468842729971,0.9970014992503748,0.6127359276140764,0.6685295106130416
