,AUROC,AUPRC,accuracy,f1,recall,mcc,gmean
0,0.7356636417470911,0.9779362090808721,0.9499105545617174,0.974169741697417,0.9971671388101983,0.24735266147742943,0.31844438710018647
1,0.7795851661779082,0.98151538843315,0.9481216457960644,0.9730983302411874,0.9933712121212122,0.310569704577419,0.41981338660158574
2,0.7751040981810211,0.9793737760615555,0.947227191413238,0.9726218097447796,0.9952516619183286,0.32407056912421095,0.4103988356765163
3,0.6876651369767766,0.9741058089944995,0.9561717352415027,0.977491961414791,0.9934640522875817,0.1944512025738857,0.3250963936080755
4,0.7582301063686548,0.9817538772216613,0.9507609668755596,0.9746893695352048,0.998114985862394,0.1689626511059572,0.23123677404599743
