,AUROC,AUPRC,accuracy,f1,recall,mcc,gmean
0,0.6659820225711699,0.9630908999287037,0.9362389023405973,0.9669040636782572,0.9939707149009475,0.16898754846613429,0.2765127226035203
1,0.6948826689284704,0.9727581213827429,0.9531880548829701,0.9758935993349959,0.9957591178965225,0.24642544547731024,0.34083998751309624
2,0.6050414167380749,0.9572030698408683,0.937046004842615,0.9674185463659147,0.9922879177377892,0.08111238866080771,0.20333551068552
3,0.6140543018694922,0.9588289884012233,0.9459241323648103,0.9720483938256154,0.9940273037542662,0.210778858718446,0.3222632447234705
4,0.6399602908114106,0.9676335243628662,0.9499596448748991,0.9742738589211618,0.9940728196443692,0.10811840536205794,0.22675440378695563
