,AUROC,AUPRC,accuracy,f1,recall,mcc,gmean
0,0.9683640669937404,0.9823569265508428,0.9297052154195011,0.9388560157790927,0.9260700389105059,0.8566779814801537,0.93041612561673
1,0.9833275817444569,0.9874976959691548,0.9455782312925171,0.9547169811320755,0.9440298507462687,0.88691381179855,0.9460013061448048
2,0.9860320284697509,0.9934921568329249,0.9433106575963719,0.9544626593806922,0.9323843416370107,0.8812306861691861,0.947322505182698
3,0.9773705929846596,0.9890572205734436,0.9387755102040817,0.9511754068716094,0.926056338028169,0.8715719231368275,0.9437508410330872
4,0.9875188705322021,0.9915597140699182,0.9545454545454546,0.9612403100775194,0.9649805447470817,0.9063370406757079,0.9523530068769877
