,AUROC,AUPRC,accuracy,f1,recall,mcc,gmean
0,0.9443527349800278,0.8748547575492204,0.9180651530108588,0.8281573498964804,0.7662835249042146,0.7791992994865515,0.8624764668236288
1,0.9646949814684964,0.9276459237210575,0.9348469891411648,0.8715953307392996,0.835820895522388,0.8294151144772496,0.9006325200610544
2,0.9412324301213189,0.8646730987005283,0.9239881539980257,0.8372093023255814,0.8148148148148148,0.7881832632042343,0.8837151016885367
3,0.9557558507273878,0.9152956705110646,0.9299111549851925,0.8517745302713987,0.8225806451612904,0.8068262344658171,0.8908133289846837
4,0.9512070376432079,0.8998953871829269,0.9347826086956522,0.8685258964143426,0.8384615384615385,0.8261749781250871,0.9009451302158054
