,AUROC,AUPRC,accuracy,f1,recall,mcc,gmean
0,0.7714691673770957,0.7468246857639377,0.6940298507462687,0.6057692307692307,0.5478260869565217,0.36573401063915306,0.663633337891584
1,0.7856886227544911,0.6696668458120778,0.7265917602996255,0.6473429951690821,0.67,0.42516584397079693,0.7138073676306741
2,0.8020796197266785,0.7267335401157909,0.7191011235955056,0.6192893401015228,0.5980392156862745,0.39781247678917664,0.6890623284246145
3,0.8131993605846084,0.7764190459199132,0.7153558052434457,0.6513761467889908,0.6120689655172413,0.4149782571987137,0.697432737206685
4,0.80734394124847,0.7043759896657487,0.7640449438202247,0.6631016042780749,0.6526315789473685,0.48176410951244586,0.7340303056387272
