,AUROC,AUPRC,accuracy,f1,recall,mcc,gmean
0,0.840185676392573,0.9355984349974767,0.8129032258064516,0.8849206349206349,0.9612068965517241,0.44061733888302695,0.597805817027398
1,0.8661753040719197,0.9551023569942227,0.8737864077669902,0.9245647969052224,0.9637096774193549,0.55955204638638,0.6998243339300626
2,0.8207142857142857,0.9187209167384497,0.8225806451612904,0.8919449901768173,0.9458333333333333,0.4268285127082502,0.6150880695748645
3,0.8752540346682606,0.9611552025504643,0.8414239482200647,0.9048543689320389,0.9748953974895398,0.4887354528371949,0.6132137326322874
4,0.8555289898386131,0.947217136377248,0.8349514563106796,0.899009900990099,0.9497907949790795,0.4748716526838136,0.6485534964645935
