,AUROC,AUPRC,accuracy,f1,recall,mcc,gmean
0,0.8401741293532339,0.9898186760463835,0.9399293286219081,0.9688073394495413,0.9850746268656716,0.18415283810635985,0.3624131393618194
1,0.7408805031446541,0.9625840537783982,0.9328621908127208,0.9652650822669104,0.9962264150943396,-0.01551989438230481,0.0
2,0.6671020550330895,0.9493534696017942,0.9257950530035336,0.9613259668508287,1.0,0.20510883085611992,0.21320071635561044
3,0.7790874524714829,0.9758084874932859,0.9257950530035336,0.9613259668508287,0.9923954372623575,0.10608948665151972,0.22275495923349917
4,0.7915422885572139,0.9835704778756629,0.9434628975265018,0.9709090909090909,0.996268656716418,-0.014088140635779988,0.0
