,AUROC,AUPRC,accuracy,f1,recall,mcc,gmean
0,0.893638501676334,0.9122761210400065,0.8223277909738718,0.8417935702199661,0.8270989193682461,0.6398641768171308,0.8215128577502816
1,0.8958802984454892,0.917487813258894,0.8218527315914489,0.8406289842753931,0.8303946263643996,0.6390092961011731,0.820499406373934
2,0.8952601611740906,0.9096178876470029,0.8251781472684085,0.8394415357766143,0.8208191126279863,0.6485954048303044,0.8257218169964845
3,0.8935746040566824,0.9187078487108857,0.8156769596199525,0.8377926421404682,0.8213114754098361,0.6252449414288095,0.8145829787602444
4,0.8918754889250443,0.913440859619018,0.8180522565320665,0.8348426045709357,0.8141295206055509,0.6336115413845299,0.81862440437172
