,AUROC,AUPRC,accuracy,f1,recall,mcc,gmean
0,0.8914323806565186,0.9764556729084584,0.9081488459726802,0.9486166007905138,0.9852216748768473,0.5561007615119586,0.6527187796839847
1,0.8871475210510317,0.9761464026640985,0.9128591615638247,0.9511486664906258,0.9740400216333153,0.56350269274728,0.6978681901452864
2,0.882700496671085,0.9754215856542514,0.907163053722903,0.948198790428609,0.9820261437908496,0.5362276838866609,0.6472296788169956
3,0.8700770087571055,0.9732017977148659,0.8996702779086199,0.9439326138457489,0.9744565217391304,0.493815760197788,0.6347181925068923
4,0.865106897772682,0.9746341095449766,0.9147031102733271,0.9528277299973938,0.9785867237687366,0.5314445378754099,0.6598147550396105
