,AUROC,AUPRC,accuracy,f1,recall,mcc,gmean
0,0.6296296296296295,0.5,0.9,0.0,0.0,0.0,0.0
1,0.5916666666666667,0.2471428571428571,0.8275862068965517,0.0,0.0,0.0,0.0
2,0.5,0.11490683229813664,0.9310344827586207,0.0,0.0,0.0,0.0
3,0.4487179487179487,0.11974380395433026,0.896551724137931,0.0,0.0,0.0,0.0
4,0.48,0.16628527841342486,0.8620689655172413,0.0,0.0,0.0,0.0
