,AUROC,AUPRC,accuracy,f1,recall,mcc,gmean
0,0.8506986986324051,0.9932671596887218,0.9676232523914643,0.9834958739684921,0.9984767707539984,0.23303110752900413,0.2946592388201782
1,0.8297616576726166,0.9916078844312125,0.96759941089838,0.9835082458770614,0.9984779299847792,0.14353914927184946,0.213038401359599
2,0.8321331593080995,0.9911489130853949,0.9609720176730486,0.9800676946220384,0.9969395562356542,0.10364066471625563,0.19772624730163277
3,0.8243400127226463,0.9913402581483632,0.9668630338733432,0.9831017649267744,0.999236641221374,0.2517355303075483,0.2885649322107265
4,0.8146389069616135,0.9896932407877359,0.9624447717231223,0.9808198570891312,0.9992337164750957,0.1995399003367234,0.23782430289135745
