,AUROC,AUPRC,accuracy,f1,recall,mcc,gmean
0,0.839086797038504,0.9905417852787843,0.970113085621971,0.9848173984407058,0.9991673605328892,0.11105967068639402,0.16433053050984062
1,0.8122002740351679,0.9914977948820374,0.9773645917542442,0.9885433715220949,1.0,0.1835799439046644,0.18569533817705186
2,0.8465248962655603,0.9945635339135874,0.9725141471301536,0.9860541427399507,0.9975103734439834,0.08041767254691252,0.17655650418527344
3,0.6979253112033195,0.9855701653724817,0.9725141471301536,0.9860655737704918,0.9983402489626556,-0.0065578727415796685,0.0
4,0.8160603393477093,0.9930193168061956,0.9717057396928052,0.985649856498565,0.999168744804655,-0.00478186608319857,0.0
