,AUROC,AUPRC,accuracy,f1,recall,mcc,gmean
0,0.8935744424352019,0.9800845916212801,0.9203821656050956,0.956140350877193,0.9855334538878843,0.55861928779003,0.6585094682012318
1,0.8929396049995229,0.9837232957630327,0.9084394904458599,0.9494060712714474,0.967713004484305,0.47954784963313635,0.6523183221872461
2,0.914316586543887,0.9837192042026116,0.9140127388535032,0.9524229074889868,0.9881170018281535,0.5513360254619386,0.6392696407585725
3,0.9028261238337575,0.9856011135008139,0.9259554140127388,0.9592997811816193,0.9742222222222222,0.5587157371471644,0.705879825038298
4,0.8842389950535569,0.9768479058167939,0.902788844621514,0.9459219858156028,0.9682395644283122,0.48063076445220526,0.646275459049062
