,AUROC,AUPRC,accuracy,f1,recall,mcc,gmean
0,0.7557875665684534,0.9341606404681875,0.9,0.9452873563218391,0.997090203685742,0.47218174771688703,0.5192815474528966
1,0.7286094562048423,0.9286917072016075,0.8823529411764706,0.9356617647058824,0.989310009718173,0.3446823713586522,0.4434332479751864
2,0.7194203064987431,0.9257140362862839,0.8881412952060556,0.9388505747126437,0.9836223506743738,0.3507292400320555,0.47748501085036726
3,0.7344460101629363,0.9263220817843633,0.880672268907563,0.9344413665743305,0.9815712900096993,0.33704161293356755,0.4714260877683915
4,0.7345666324083591,0.9395485899525655,0.8999158957106812,0.9459336665152204,0.9914285714285714,0.3654571544061356,0.4548019457592421
