,AUROC,AUPRC,accuracy,f1,recall,mcc,gmean
0,0.8298096050014208,0.789626551732997,0.7201492537313433,0.6411483253588517,0.5826086956521739,0.4212402145936059,0.6926726473735175
1,0.8699401197604789,0.8112374749349232,0.7940074906367042,0.717948717948718,0.7,0.5563284242300061,0.7714982701460343
2,0.8317884729649435,0.761768995952712,0.7378277153558053,0.5930232558139535,0.5,0.42515736423452116,0.6651497894641796
3,0.8763701758392326,0.8454022393457584,0.7827715355805244,0.7184466019417476,0.6379310344827587,0.5578241983087778,0.7552057289776157
4,0.871358629130967,0.8041766810303773,0.8089887640449438,0.711864406779661,0.6631578947368421,0.5736104118346109,0.768050832161097
