,AUROC,AUPRC,accuracy,f1,recall,mcc,gmean
0,0.7211881188118812,0.7091920576583939,0.6417910447761194,0.6571428571428571,0.6831683168316832,0.2841830582287156,0.6402351053316351
1,0.7131139291465378,0.7141559481380932,0.655,0.7012987012987013,0.75,0.30059642411136384,0.6384423980690614
2,0.7678075396825396,0.6902231173679197,0.7164179104477612,0.7164179104477612,0.75,0.4357142857142857,0.7171371656006361
3,0.7254,0.7142058841698641,0.635,0.6368159203980099,0.64,0.27001350101258437,0.6349803146555018
4,0.7909154647435898,0.7536480255047534,0.735,0.7464114832535885,0.8125,0.4796509376075915,0.7342087577794206
