,AUROC,AUPRC,accuracy,f1,recall,mcc,gmean
0,0.7951676884240894,0.8080596789222191,0.7297297297297297,0.7535211267605634,0.7588652482269503,0.45446388663875326,0.726186640543238
1,0.8092616967811415,0.7934859603288945,0.7297297297297297,0.7602739726027398,0.8102189781021898,0.45777120724787823,0.719728320168256
2,0.7518331530232,0.7902729846623364,0.667953667953668,0.7013888888888888,0.7163120567375887,0.3282022262228892,0.6611140320951485
3,0.7939009661835749,0.7988518840248032,0.722007722007722,0.7551020408163265,0.7708333333333334,0.4344664569872358,0.7137368491643629
4,0.8178042614662333,0.7847836748453829,0.7683397683397684,0.7972972972972973,0.8309859154929577,0.5304293208843719,0.7584839757668744
