,AUROC,AUPRC,accuracy,f1,recall,mcc,gmean
0,0.8834493496977468,0.9631401264318062,0.8725868725868726,0.9223529411764706,0.9514563106796117,0.5777299066851411,0.7338665926831551
1,0.8490430622009569,0.9481958765182428,0.8725868725868726,0.9261744966442953,0.9904306220095693,0.5356324751349345,0.6134848297746541
2,0.8446610169491525,0.9404223497950672,0.8223938223938224,0.892018779342723,0.95,0.4274567500078256,0.6085548315894366
3,0.7945110300503735,0.9153701567631314,0.8185328185328186,0.8919540229885058,0.9603960396039604,0.38075829456522914,0.5507113217239453
4,0.8791036998436685,0.9545265649139602,0.8571428571428571,0.9121140142517815,0.9504950495049505,0.5466472640356906,0.707290995539337
