,AUROC,AUPRC,accuracy,f1,recall,mcc,gmean
0,0.8384426046095323,0.6175524558538462,0.8725868725868726,0.4406779661016949,0.3170731707317073,0.4222072018889409,0.5565975658427559
1,0.7967106735287537,0.5275509166145836,0.8648648648648649,0.36363636363636365,0.24390243902439024,0.3641021912205856,0.4893129519171253
2,0.815354713313897,0.4847171803298693,0.8185328185328186,0.25396825396825395,0.16326530612244897,0.23329663938682837,0.39824688710695405
3,0.8494070261803536,0.4861194657930999,0.8416988416988417,0.3050847457627119,0.21951219512195122,0.25582962061965875,0.4587480409201866
4,0.7935374149659863,0.47933018797770155,0.8146718146718147,0.3142857142857143,0.22448979591836735,0.25378478099952956,0.46238491069296406
