,AUROC,AUPRC,accuracy,f1,recall,mcc,gmean
0,0.9131130063965885,0.9950587525491201,0.9397163120567376,0.9686924493554327,0.9813432835820896,0.17339602404207888,0.3744220848916156
1,0.8341603053435115,0.9772486188110381,0.9290780141843972,0.9632352941176471,1.0,0.0,0.0
2,0.8702176202176203,0.9853158836634145,0.9288256227758007,0.9628252788104089,1.0,0.2905035459314771,0.30151134457776363
3,0.841412213740458,0.9851122216999498,0.9326241134751773,0.9648798521256932,0.9961832061068703,0.24065903113877327,0.31562370096475173
4,0.8745318352059924,0.9915655788599668,0.9501779359430605,0.974169741697417,0.9887640449438202,0.3056188627123429,0.46030208519060456
