,AUROC,AUPRC,accuracy,f1,recall,mcc,gmean
0,0.9141652957575026,0.9629308423409033,0.8585858585858586,0.9051355206847361,0.9235807860262009,0.6298435758161417,0.7939104425929397
1,0.9037716159809184,0.9604281882281558,0.84688995215311,0.8953488372093024,0.9025641025641026,0.6105388139919898,0.7946351620381308
2,0.9115239629179838,0.9604257066356214,0.8628389154704944,0.9073941134242641,0.9199417758369723,0.6441291757330069,0.8070926926002148
3,0.9259368524061709,0.9676879766289239,0.8740031897926634,0.9143476689555475,0.9193313953488372,0.6763252326060403,0.8306344930616479
4,0.9134980638284604,0.9638326601258417,0.8617021276595744,0.9044819985304923,0.9038179148311307,0.6540031091997167,0.823854263348834
