,AUROC,AUPRC,accuracy,f1,recall,mcc,gmean
0,0.8977168713750675,0.9790674680498401,0.9176470588235294,0.9540481400437637,0.9803260258572232,0.5799229483109906,0.6933779033798931
1,0.8839914423368485,0.97621427119061,0.913235294117647,0.9515731874145007,0.9813769751693002,0.562819827315517,0.6738471219312652
2,0.8944295566502463,0.9759964300674153,0.9034313725490196,0.9458642484198956,0.9834285714285714,0.5390412604842093,0.6432093178748153
3,0.8766933892649748,0.9710685930753451,0.9029411764705882,0.945364238410596,0.9755125284738041,0.5353926490499479,0.6656594637923663
4,0.8632520072921919,0.9716740091707561,0.9038744482589505,0.9465357337697763,0.9758155230596175,0.49707878438451997,0.6354413691914005
