,AUROC,AUPRC,accuracy,f1,recall,mcc,gmean
0,0.9479367663611514,0.967792586911584,0.8882257189365166,0.9112068965517242,0.9175347222222222,0.7605526648843152,0.8775790100026517
1,0.9486643295247333,0.9637514476932405,0.8881650380021715,0.906871609403255,0.9076923076923077,0.7669282070852566,0.882952699275396
2,0.9598131458724015,0.9728914659164155,0.8979370249728555,0.9179755671902269,0.926056338028169,0.7831541219805938,0.8886169629995452
3,0.9547243395211467,0.9705917958709527,0.9066232356134636,0.9262435677530018,0.9262435677530018,0.7990246328417591,0.8991150357963521
4,0.9420271794328583,0.9624668665300216,0.8735070575461455,0.8982088248143294,0.905726872246696,0.7313898256819399,0.8627341432592689
