,AUROC,AUPRC,accuracy,f1,recall,mcc,gmean
0,0.9241618004667321,0.9615451720201059,0.8516988062442608,0.8918647472380314,0.9055064581917063,0.6568507708021656,0.8184401260540123
1,0.9241282473605706,0.9590238713450696,0.8549127640036731,0.8961209730440499,0.9178451178451178,0.6581036083237763,0.8129584632203941
2,0.9079528114831639,0.9532623431346094,0.8360881542699724,0.881198003327787,0.8879946344735077,0.6171871243629695,0.8015027128703162
3,0.9295286929514647,0.9652713472899033,0.8631772268135904,0.9009966777408638,0.9155975692099932,0.6806880920055942,0.8296627084851057
4,0.9270702413450954,0.9646631833716973,0.8604224058769513,0.9010416666666666,0.9196013289036545,0.6661686768581284,0.8182580809362775
