,AUROC,AUPRC,accuracy,f1,recall,mcc,gmean
0,0.8989102661404574,0.9844543221646914,0.9114331723027376,0.9512843224092117,0.9781420765027322,0.4911115011440867,0.6276733959032449
1,0.9173928093964858,0.9845969311741269,0.9178743961352657,0.9544642857142858,0.9825367647058824,0.5638908994286154,0.6730436309650231
2,0.9077484559236385,0.9848662838662007,0.9227053140096618,0.9575596816976127,0.9800904977375565,0.5458372687183156,0.6713408598130288
3,0.9107339694880542,0.9838699097577965,0.9251207729468599,0.9585376727596968,0.9746146872166818,0.5821581741389832,0.7203191082117176
4,0.8913303654024052,0.9791069229210246,0.9049153908138597,0.9468468468468468,0.9722479185938946,0.515203029196685,0.6614465687924102
