,AUROC,AUPRC,accuracy,f1,recall,mcc,gmean
0,0.8392295966228893,0.9870630818117452,0.9767610748002905,0.9879518072289156,1.0,0.7039917581935143,0.7125253031944253
1,0.7986198594664204,0.9848289522380779,0.9767610748002905,0.9880329094988781,0.99848828420257,0.6316845070452396,0.666162570816387
2,0.7424062891648626,0.9736738570881269,0.9694989106753813,0.984174830444612,0.9969465648854962,0.6045957044411036,0.6568973929018024
3,0.8619606110699425,0.990043718819466,0.981118373275236,0.9902621722846442,0.9984894259818731,0.7076199395986832,0.7391503709126244
4,0.8170276565898357,0.9851247483416614,0.9731104651162791,0.9861267341582303,0.9984813971146546,0.6029762536031054,0.6373083431511226
