,AUROC,AUPRC,accuracy,f1,recall,mcc,gmean
0,0.934673254985755,0.9855783361410203,0.907608695652174,0.9464847848898216,0.9636752136752137,0.6147503011068622,0.7573745431529889
1,0.9379199660280269,0.9812913743668586,0.9184043517679057,0.9524815205913411,0.9688506981740065,0.6693779253007585,0.790725408404217
2,0.9234730113636364,0.9817803849871568,0.9103260869565217,0.9479768786127167,0.9719827586206896,0.6349683601482117,0.7542087369989274
3,0.928841035876964,0.9847863543073269,0.9038984587488668,0.9440928270042194,0.9561965811965812,0.6050015022033468,0.7642147991068741
4,0.9316827890596414,0.9819116100088086,0.9066183136899365,0.9450666666666667,0.9725576289791438,0.647017903334668,0.7599053179221518
