,AUROC,AUPRC,accuracy,f1,recall,mcc,gmean
0,0.8386612394827629,0.957321758358272,0.8620378719567178,0.9222955815134586,0.9690501600853789,0.353354359114609,0.5200313479152237
1,0.8485265070230199,0.9622668753730939,0.8772563176895307,0.9307535641547862,0.98068669527897,0.44864666904225825,0.5684899671607124
2,0.8352315732564426,0.9572432121248661,0.8656447249774571,0.9240183579806222,0.9741935483870968,0.39691278160012405,0.542116953372183
3,0.8502933808016878,0.9676869584868305,0.8709386281588448,0.9276681841173495,0.9672995780590717,0.3651246890962451,0.5386927449091193
4,0.8342552681992337,0.9547346532661656,0.8655234657039711,0.9237071172555044,0.9719827586206896,0.4044640804269638,0.554792339736126
