,AUROC,AUPRC,accuracy,f1,recall,mcc,gmean
0,0.8470935130581299,0.992521243724042,0.9714052287581699,0.9854469854469855,0.9983150800336984,0.26089347485841907,0.3285208586958181
1,0.9070660812958897,0.9978933817773391,0.9803761242845462,0.9900579950289975,0.9950041631973355,0.2609694014958576,0.4253349831063288
2,0.8774600504625736,0.9955347381556923,0.9705882352941176,0.9850498338870431,0.9974768713204374,0.14272091825703978,0.23874395984227087
3,0.8003647145256089,0.9906873763374482,0.9746524938675388,0.9871422646204894,0.9991603694374476,0.19897405450353128,0.2498950241398185
4,0.8835526641270469,0.9957616954330863,0.9738348323793949,0.9866999168744804,0.9983179142136249,0.27285775582931837,0.34270857354036754
