,AUROC,AUPRC,accuracy,f1,recall,mcc,gmean
0,0.9326331404292726,0.9967936231939174,0.9875486381322958,0.9935691318327974,0.9959709911361805,0.800772486929358,0.8642790309570951
1,0.851884493355609,0.9904758492357468,0.9727414330218068,0.9859154929577465,0.9951259138911455,0.5899198679966261,0.67128463065002
2,0.8700013794583326,0.9893624629439878,0.9750778816199377,0.98714859437751,0.9983753046303818,0.6224537215793775,0.6582227644724759
3,0.9219604254832438,0.996410956009278,0.9828660436137072,0.9912350597609562,0.9959967974379503,0.6264760383545488,0.7157003034767137
4,0.9017402945113789,0.9956234114317307,0.9836448598130841,0.9916167664670659,0.9975903614457832,0.6792551274260034,0.7329147568295364
