,AUROC,AUPRC,accuracy,f1,recall,mcc,gmean
0,0.7821268780380026,0.980016290871523,0.9560975609756097,0.9773679798826488,0.9982876712328768,0.3552024886126254,0.4012656732408489
1,0.8490756990756991,0.9861857711176982,0.950366151342555,0.9742071881606765,0.9974025974025974,0.41188584311938964,0.46438627849519376
2,0.8172747442376433,0.9835353648022834,0.9454841334418226,0.9717180244829042,0.9930974978429681,0.2822330398347196,0.39504199553017955
3,0.8079446758692042,0.9842275831655145,0.9560618388934092,0.9773109243697479,0.9974271012006861,0.3773974532603506,0.43587396631872427
4,0.823014511693757,0.9866534173320225,0.950366151342555,0.9742941424357353,0.9914236706689536,0.3025428836600167,0.43456024201132754
