,AUROC,AUPRC,accuracy,f1,recall,mcc,gmean
0,0.8924215208279873,0.9954993517116936,0.9717261904761905,0.9855732725892179,0.9992301770592764,0.3904286949635442,0.42147469718370234
1,0.8504412893323099,0.9942910806255297,0.9679821295606851,0.9837182885270731,0.9969301611665388,0.06121121048461302,0.15787100439651186
2,0.8898844963086449,0.9945968781295093,0.9620535714285714,0.9806157354618016,0.9984520123839009,0.17785392942865413,0.24000625140703277
3,0.8923897911832946,0.9949098091063767,0.9650037230081906,0.9821360699353858,0.9992266047950503,0.24628743211292453,0.2827333167201984
4,0.8696448787463505,0.9934805150829049,0.9627699180938198,0.9809741248097412,0.9984508133230054,0.2180441277954199,0.27713518130535914
