,AUROC,AUPRC,accuracy,f1,recall,mcc,gmean
0,0.875818698197415,0.9905611896270472,0.947900466562986,0.9729511505853855,0.9917695473251029,0.31888566214093833,0.4422218814467484
1,0.8925550669519056,0.9880457239557856,0.9362363919129082,0.9667207792207793,0.9908485856905158,0.2658576999973791,0.39159368540887335
2,0.8499689272898583,0.9869955230540151,0.9439688715953307,0.9708029197080292,0.9958402662229617,0.3656587081128629,0.4381429081322612
3,0.889477968067077,0.991246578303481,0.9502332814930016,0.9742351046698873,0.9983498349834984,0.3602193968473334,0.4023612404732368
4,0.9070633608815428,0.993280703249187,0.9470817120622568,0.9724919093851133,0.9933884297520661,0.3419481106471246,0.4457327517138641
