,AUROC,AUPRC,accuracy,f1,recall,mcc,gmean
0,0.7257200578270379,0.9269613384526832,0.8912489379779099,0.9401869158878504,0.9882121807465619,0.41890085303236874,0.5169645546533516
1,0.7359912814458269,0.9241705164409136,0.8819031435853866,0.9344648750589345,0.99000999000999,0.42702543163185985,0.514176689268153
2,0.7533904051534158,0.9400539107194457,0.9107901444350043,0.9514563106796117,0.9884726224783862,0.46144180265729273,0.5590454230635586
3,0.7438794296607736,0.9339624623775156,0.8963466440101954,0.9433085501858736,0.9873540856031129,0.41019173193064157,0.5148412371700315
4,0.7238935237556562,0.9296253396639949,0.8954081632653061,0.9430291801760075,0.9788461538461538,0.3517320004355262,0.5019053064588814
