,AUROC,AUPRC,accuracy,f1,recall,mcc,gmean
0,0.9831305408994653,0.9588590264489437,0.9476284584980237,0.8950495049504951,0.8725868725868726,0.8606951812448043,0.9216347402471952
1,0.9833440785432541,0.9654291830300639,0.9496047430830039,0.9005847953216374,0.8783269961977186,0.8673609723466706,0.9252277222842081
2,0.9765934671556056,0.9489373349230276,0.9455984174085065,0.8865979381443299,0.8704453441295547,0.8510837401567152,0.9188257928989233
3,0.9849020357044301,0.9670622349306947,0.9486166007905138,0.8925619834710744,0.8780487804878049,0.859010554547331,0.923488315734888
4,0.9805185185185186,0.9625827670236585,0.9495548961424333,0.899803536345776,0.8773946360153256,0.8666297982427194,0.9247525643307353
