,AUROC,AUPRC,accuracy,f1,recall,mcc,gmean
0,0.9761027395757934,0.981264739704098,0.9386363636363636,0.9499072356215214,0.9377289377289377,0.8712519960446974,0.9389235881220555
1,0.9914596949891068,0.9952809391530807,0.95,0.959409594095941,0.9629629629629629,0.8943644173801392,0.9460386391442015
2,0.9911346366175229,0.9950949830488244,0.9522727272727273,0.96045197740113,0.9550561797752809,0.9003762572887098,0.9515099454042277
3,0.9946666666666667,0.9969336766804711,0.9522727272727273,0.9613259668508287,0.9490909090909091,0.8995480115115939,0.9533238936903825
4,0.9967842235284097,0.9976910207283605,0.9659090909090909,0.9709864603481625,0.9728682170542635,0.9296747415242735,0.9644193999199665
