,AUROC,AUPRC,accuracy,f1,recall,mcc,gmean
0,0.8575099942889778,0.8118876035215321,0.7573221757322176,0.7070707070707071,0.6796116504854369,0.5016965734555169,0.7447704601176454
1,0.9219956750077232,0.8708180757774614,0.8410041841004184,0.7738095238095238,0.7831325301204819,0.6513653972163178,0.8262753316508844
2,0.8709292227529309,0.8312157338439299,0.8158995815899581,0.78,0.7959183673469388,0.6222032389735727,0.8126763812025554
3,0.8772362959782453,0.8462789651490498,0.799163179916318,0.75,0.7058823529411765,0.5864521805640204,0.7830317274104459
4,0.8841463414634146,0.823501737713104,0.8158995815899581,0.7441860465116279,0.7804878048780488,0.6024689153540226,0.8069913552091627
