,AUROC,AUPRC,accuracy,f1,recall,mcc,gmean
0,0.7571287128712871,0.7350987845934817,0.7164179104477612,0.7272727272727273,0.7524752475247525,0.4336791976499736,0.7153203256701376
1,0.7237822061191626,0.7388173500179916,0.665,0.6731707317073171,0.6388888888888888,0.3336189753806323,0.6666666666666666
2,0.7869047619047619,0.7212654802817913,0.7164179104477612,0.7272727272727273,0.7916666666666666,0.4422794779898336,0.7160296171935995
3,0.6638999999999999,0.6298539265874759,0.62,0.62,0.62,0.24,0.62
4,0.7661758814102564,0.7461674222569749,0.72,0.7142857142857143,0.7291666666666666,0.4403524229639896,0.7202986382085754
