,AUROC,AUPRC,accuracy,f1,recall,mcc,gmean
0,0.88766257556329,0.9566015328750725,0.8841698841698842,0.9295774647887324,0.9611650485436893,0.6159944266264769,0.7497938899791612
1,0.764976076555024,0.9221370199394782,0.8532818532818532,0.9144144144144144,0.9712918660287081,0.450951012457862,0.5913248445400674
2,0.8456779661016951,0.9206597433713495,0.8262548262548263,0.8936170212765957,0.945,0.44703795499750026,0.6327904304061174
3,0.7716258467952057,0.9033451231256509,0.8108108108108109,0.8863109048723898,0.9455445544554455,0.3610345997220667,0.5614102939489222
4,0.88787562966823,0.9597692486079946,0.8725868725868726,0.920863309352518,0.9504950495049505,0.6034537292953271,0.7529687638633027
