,AUROC,AUPRC,accuracy,f1,recall,mcc,gmean
0,0.7383130718135104,0.6181361405198867,0.7104247104247104,0.5508982035928144,0.45544554455445546,0.368089961616007,0.630709291037263
1,0.7802275051124745,0.6636079691816855,0.7374517374517374,0.6344086021505376,0.6145833333333334,0.4304665944492711,0.7054781261691021
2,0.7718511334707236,0.7040255563206028,0.7104247104247104,0.6113989637305699,0.5221238938053098,0.4060383216502409,0.6685984457674339
3,0.7503616042077582,0.5949581840477872,0.722007722007722,0.5813953488372093,0.5555555555555556,0.37488410668229327,0.6710898629898667
4,0.8323522197694382,0.8070698546683923,0.7760617760617761,0.7040816326530612,0.6388888888888888,0.5341091601456486,0.7473278371954577
