,AUROC,AUPRC,accuracy,f1,recall,mcc,gmean
0,0.7763853828585167,0.7672598049165711,0.7065637065637066,0.7285714285714285,0.723404255319149,0.40932861623818856,0.7046801455020849
1,0.773752542778509,0.7779945848957357,0.722007722007722,0.7551020408163265,0.8102189781021898,0.4425358463045946,0.7104411140430117
2,0.73740834234884,0.769592815446005,0.6872586872586872,0.7254237288135593,0.7588652482269503,0.36574070020304283,0.6757258032821454
3,0.7557669082125604,0.7628792575862409,0.6988416988416989,0.7328767123287672,0.7430555555555556,0.3880836210669276,0.6914767505985704
4,0.804773082942097,0.7822664184996049,0.7837837837837838,0.8181818181818182,0.8873239436619719,0.5658371224433187,0.7641762430514336
