,AUROC,AUPRC,accuracy,f1,recall,mcc,gmean
0,0.7576079659879168,0.3843428805308878,0.8378378378378378,0.2222222222222222,0.14634146341463414,0.19097052288723804,0.3763541226007335
1,0.7464757216379503,0.37628595110941926,0.8455598455598455,0.2,0.12195121951219512,0.2064902511341172,0.3459965064230064
2,0.7520894071914479,0.4288454318448838,0.803088803088803,0.19047619047619047,0.12244897959183673,0.14610496608064,0.34319711036045564
3,0.7021145670172297,0.36431170327230233,0.8455598455598455,0.23076923076923078,0.14634146341463414,0.22337427415029817,0.3781335846387222
4,0.7047619047619048,0.4166671129257014,0.806949806949807,0.21875,0.14285714285714285,0.17565905044614977,0.37069524678149646
