,AUROC,AUPRC,accuracy,f1,recall,mcc,gmean
0,0.943230277185501,0.9969182093308186,0.9574468085106383,0.9779411764705882,0.9925373134328358,0.41883109533419016,0.5325242619376499
1,0.8738549618320609,0.9884395486537952,0.9397163120567376,0.9685767097966729,1.0,0.3753134890378488,0.3872983346207417
2,0.9078624078624078,0.991081147466149,0.9395017793594306,0.9682242990654205,1.0,0.46181602916722575,0.4767312946227962
3,0.8636450381679389,0.9856775951327195,0.9361702127659575,0.966542750929368,0.9923664122137404,0.34218795820250386,0.44550340340198086
4,0.8477795612627073,0.9895500873419594,0.9501779359430605,0.9742647058823529,0.9925093632958801,0.24863426976660583,0.37654621482549977
