,AUROC,AUPRC,accuracy,f1,recall,mcc,gmean
0,0.8939559359783392,0.9102972306042537,0.8231797919762258,0.8394062078272605,0.8352730528200537,0.6427616562131246,0.8216270534574626
1,0.8981930177458339,0.9179287354632462,0.8301139177810798,0.8451467268623025,0.8334817453250223,0.6573927525094243,0.8296786245425983
2,0.8909179808689869,0.9043684936130034,0.8161546085232904,0.8348909657320872,0.8427672955974843,0.6276929044048124,0.8125548090845485
3,0.9051041394947529,0.9259459439374584,0.8355621594848935,0.8561525129982669,0.8524590163934426,0.6642873763738425,0.8323885863425056
4,0.8908840081132676,0.9054996543468832,0.8230921704658077,0.8408381631743201,0.8419642857142857,0.6417342324760528,0.820485459225518
