,AUROC,AUPRC,accuracy,f1,recall,mcc,gmean
0,0.8698825591888335,0.9727746184310144,0.921078431372549,0.9558541266794626,0.9797639123102867,0.6020765628289403,0.7145126465804281
1,0.8822068410767832,0.9725576561450336,0.9161764705882353,0.9531635168447001,0.981941309255079,0.5804579786086481,0.6874960756846077
2,0.8815822660098522,0.9695712966764689,0.8995098039215687,0.9437276969530607,0.9822857142857143,0.5162643281355457,0.6268287531011048
3,0.8708723010042028,0.9710720103555897,0.9073529411764706,0.9479768786127167,0.9806378132118451,0.5551982774502953,0.6674058405506765
4,0.8622790685647053,0.9692852459162602,0.9102501226091221,0.9501769670569017,0.9814398200224972,0.5303999451354942,0.6460603272499785
