,AUROC,AUPRC,accuracy,f1,recall,mcc,gmean
0,0.900830153685377,0.9548667567345079,0.8559276980329612,0.9046110524463217,0.9352256186317321,0.6171546510311962,0.774276179206753
1,0.8967089757787432,0.9544662054813915,0.8383838383838383,0.8915060670949322,0.915018315018315,0.5785866734510485,0.7626529676605275
2,0.911099052852496,0.9598466330101669,0.861244019138756,0.9070181688635554,0.9264919941775837,0.6363742198311844,0.7963089431236232
3,0.9140448710568732,0.9639739910749496,0.8692185007974481,0.9125799573560768,0.9331395348837209,0.6560908103248065,0.805343511658637
4,0.9067923335544481,0.958948880099754,0.8531914893617021,0.9003610108303249,0.9155653450807636,0.6231035709987488,0.7943536604220639
