,AUROC,AUPRC,accuracy,f1,recall,mcc,gmean
0,0.938374336710082,0.9589552678000381,0.8795442213781878,0.9043103448275862,0.9105902777777778,0.741941363105846,0.8682014268817415
1,0.9450456479429262,0.9589213341358455,0.8778501628664495,0.8994188645507376,0.9104072398190045,0.744333749161764,0.8687697937804709
2,0.9517185442684435,0.9669884900217013,0.8865363735070575,0.9100301334481274,0.9304577464788732,0.75800420748708,0.8712789449769234
3,0.9523886853349843,0.9673002426188626,0.8919652551574375,0.9147021003000428,0.9150943396226415,0.767404400734033,0.8830205855309169
4,0.9370710765223785,0.9536419245873449,0.8745928338762216,0.8992586131705189,0.9083700440528635,0.7334940603389432,0.863248220485085
