,AUROC,AUPRC,accuracy,f1,recall,mcc,gmean
0,0.3847926267281106,0.16297319720191414,0.8157894736842105,0.0,0.0,0.0,0.0
1,0.390625,0.14318280167936484,0.8421052631578947,0.0,0.0,0.0,0.0
2,0.5490196078431373,0.3984126984126984,0.918918918918919,0.0,0.0,0.0,0.0
3,0.5036764705882353,0.135973635973636,0.8947368421052632,0.0,0.0,0.0,0.0
4,0.38636363636363635,0.11100228379640145,0.8918918918918919,0.0,0.0,0.0,0.0
