,AUROC,AUPRC,accuracy,f1,recall,mcc,gmean
0,0.2962962962962963,0.10179045092838196,0.9,0.0,0.0,0.0,0.0
1,0.5750000000000001,0.30529614634877794,0.8275862068965517,0.0,0.0,0.0,0.0
2,0.16666666666666669,0.06173913043478261,0.8620689655172413,0.0,0.0,-0.07407407407407407,0.0
3,0.30769230769230765,0.0981191222570533,0.896551724137931,0.0,0.0,0.0,0.0
4,0.66,0.31279761904761905,0.8620689655172413,0.0,0.0,0.0,0.0
