,AUROC,AUPRC,accuracy,f1,recall,mcc,gmean
0,0.7996667990370059,0.9516559471615123,0.8593327321911632,0.920892494929006,0.9690501600853789,0.3346218437119479,0.503518187495364
1,0.818532359539602,0.9482354917484656,0.8691335740072202,0.9261334691798268,0.9753218884120172,0.40555930016958425,0.5470342662850753
2,0.784910194028954,0.9413350880135801,0.8566275924256087,0.9197375063099444,0.9795698924731183,0.32628953637762054,0.4619803486016944
3,0.7922699103375528,0.947707781909462,0.8528880866425993,0.9180492709904474,0.9630801687763713,0.2404930588074653,0.43888043218543504
4,0.7911937260536399,0.9419912879158423,0.8583032490974729,0.9200203769740194,0.9730603448275862,0.3564475279193682,0.509394501953731
