,AUROC,AUPRC,accuracy,f1,recall,mcc,gmean
0,0.7619682910269087,0.9746630586179708,0.9568181818181818,0.9775502166207168,0.9904229848363927,0.441718599669321,0.5702749489579257
1,0.845494417862839,0.9868563139734626,0.9643939393939394,0.9815758526068209,0.9984051036682615,0.5273267471413448,0.5636260738886857
2,0.737405434966601,0.979102995061446,0.9613636363636363,0.9801324503311258,0.9992057188244639,0.3971266178976191,0.424481610698043
3,0.8266488258668427,0.9842807470830264,0.9575757575757575,0.9779874213836478,0.9944044764188649,0.4469789985789795,0.5368735247436639
4,0.7648332009531376,0.981386837896074,0.9643669446550417,0.9816046966731898,0.9960285941223193,0.4712547428597946,0.5466338612240333
