,AUROC,AUPRC,accuracy,f1,recall,mcc,gmean
0,0.850585920793773,0.9927423134820399,0.9709821428571429,0.9851767388825542,0.9976905311778291,0.3780541112780567,0.4466968840674466
1,0.8807751343054488,0.9947129726643742,0.9694713328369322,0.984463812050019,0.9969301611665388,0.16980911080321526,0.2734406006566882
2,0.8110710883543701,0.9884266738683033,0.9613095238095238,0.9802130898021308,0.9969040247678018,0.18509748816773994,0.2769204307777572
3,0.7747177107501934,0.985941553049415,0.9650037230081906,0.9820952380952381,0.9969064191802011,0.28758062361849995,0.3735865344003022
4,0.7533962938687958,0.9825456603160013,0.9635145197319435,0.9813333333333333,0.9976762199845082,0.2673485379623299,0.33928820628086886
