,AUROC,AUPRC,accuracy,f1,recall,mcc,gmean
0,0.9307651454105926,0.9965928405343688,0.9852140077821012,0.9923664122137404,0.9951651893634166,0.7608911883206511,0.8373404986550345
1,0.8626059500636084,0.9915203530292995,0.9719626168224299,0.985553772070626,0.9975629569455727,0.5623229194487713,0.6135461284024003
2,0.8435234431279984,0.9884985109008304,0.9774143302180686,0.9883299798792756,0.9975629569455727,0.6676715730374461,0.7128761812297602
3,0.9027793663502229,0.9963645737976075,0.9844236760124611,0.9920191540303273,0.9951961569255404,0.6755007550943608,0.7727339090238788
4,0.8841519925857275,0.994784293419402,0.9867601246105919,0.9932027189124351,0.9975903614457832,0.7503829209888423,0.7996755597908343
