,AUROC,AUPRC,accuracy,f1,recall,mcc,gmean
0,0.8075356274856385,0.9852818386623433,0.9512195121951219,0.9748533109807209,0.9957191780821918,0.24178113321451292,0.33529078007429325
1,0.8117292617292616,0.9837472179486298,0.9430431244914564,0.9704142011834319,0.9939393939393939,0.2823459971191451,0.38437969216355294
2,0.7850363613952915,0.9795703872734414,0.9487388120423108,0.9734736842105263,0.997411561691113,0.31777012180774883,0.3774749871923612
3,0.80049143728389,0.9831416047618831,0.9544344995931652,0.9765100671140939,0.9982847341337907,0.3304878150523018,0.37764017910738235
4,0.8103950556780746,0.9836219492418241,0.9495524816924329,0.9739495798319328,0.9939965694682675,0.2429856674001837,0.3552770561113468
