,AUROC,AUPRC,accuracy,f1,recall,mcc,gmean
0,0.8387005158523154,0.9851896166351599,0.9502332814930016,0.9742143432715552,0.9950617283950617,0.3372587215157443,0.4268423608004994
1,0.8389242136122337,0.9813793863624509,0.9416796267496111,0.9695740365111561,0.9941763727121464,0.3442560839003398,0.4351631052095834
2,0.8286289918409077,0.982699930720474,0.9392996108949416,0.968421052631579,0.9950083194675541,0.2743773725443729,0.3631371262478616
3,0.8423479172241548,0.9867422451485699,0.9502332814930016,0.9742143432715552,0.9975247524752475,0.36387672663937365,0.4186177670552222
4,0.8750578512396694,0.9900072234485571,0.9439688715953307,0.9708973322554567,0.9925619834710744,0.2820891998109434,0.39850962015410857
