,AUROC,AUPRC,accuracy,f1,recall,mcc,gmean
0,0.8003597779238806,0.9839431338749828,0.9583710407239819,0.9785046728971962,0.9943019943019943,0.3765171889698892,0.47901388954536933
1,0.8551594896331739,0.9899252161702294,0.9556561085972851,0.9770276605719643,0.9971291866028709,0.42432162766015064,0.4823520258835897
2,0.789392684610076,0.9773542624565976,0.9429864253393665,0.9702689948088721,0.9932367149758454,0.34473434428241434,0.4456987132527635
3,0.7637519175980714,0.9837495502574155,0.951131221719457,0.9747899159663865,0.9914529914529915,0.22348484848484848,0.3653283807378207
4,0.8104859702349964,0.9863016277932114,0.9547101449275363,0.976679104477612,0.9961941008563273,0.27609371264176924,0.36272965935180596
