,AUROC,AUPRC,accuracy,f1,recall,mcc,gmean
0,0.7006091608901409,0.926713956457161,0.8742565845369583,0.9316081330868762,0.9901768172888016,0.2609493952999736,0.36163250712284556
1,0.7097675052220507,0.9237525741959789,0.864910790144435,0.9257356375525455,0.99000999000999,0.2931075598967393,0.3897133979713178
2,0.7192779849692038,0.9377295149911187,0.8954970263381479,0.9438099588853358,0.9923150816522575,0.30257598738966174,0.39143980750836627
3,0.712489880657039,0.9298446451217671,0.8836023789294817,0.9367205542725173,0.9863813229571985,0.29524056903206447,0.4148737529075462
4,0.6868955033936652,0.9242764205481006,0.8988095238095238,0.9455377574370709,0.9932692307692308,0.33883344261712034,0.4186678939563724
