,AUROC,AUPRC,accuracy,f1,recall,mcc,gmean
0,0.8422314727954971,0.9872453801452358,0.9724037763253449,0.9856819894498869,0.9969512195121951,0.6385228867063594,0.6895426333099136
1,0.7558928921362784,0.9816983117336315,0.9767610748002905,0.9880329094988781,0.99848828420257,0.6316845070452396,0.666162570816387
2,0.7549675287683719,0.9746553000397281,0.9680464778503994,0.9834087481146304,0.9954198473282443,0.5854177536503424,0.6563942159663019
3,0.828008322407798,0.987943476695781,0.9796659404502541,0.9895209580838323,0.9984894259818731,0.680512635552679,0.713207140006887
4,0.7852399521254005,0.9821104724441803,0.9731104651162791,0.9861267341582303,0.9984813971146546,0.6029762536031054,0.6373083431511226
