,AUROC,AUPRC,accuracy,f1,recall,mcc,gmean
0,0.8690825956450957,0.9643010081535415,0.8940217391304348,0.9394723228142783,0.9700854700854701,0.534595164252219,0.6754044297094473
1,0.898421302425499,0.9762336147896193,0.8957388939256573,0.9400729546638874,0.9688506981740065,0.5566038916954812,0.6960067162657292
2,0.8834737460815046,0.9702703447234148,0.8985507246376812,0.941908713692946,0.978448275862069,0.571100706003237,0.6833642345894226
3,0.8722203029837761,0.9710011064512922,0.8884859474161378,0.9364341085271318,0.967948717948718,0.5042020362234306,0.6549132827736235
4,0.8716497438712038,0.9626218034873135,0.8821396192203083,0.9312169312169312,0.9659714599341384,0.5405730216158007,0.6840266266057179
