,AUROC,AUPRC,accuracy,f1,recall,mcc,gmean
0,0.8760657002631047,0.9784097614485787,0.9057971014492754,0.9478841870824053,0.9690346083788707,0.4729767271446608,0.6406979219261553
1,0.8970767284186402,0.9791310841271923,0.9122383252818036,0.9515340151178302,0.9834558823529411,0.5239714461291396,0.6342892565403949
2,0.8781946692208606,0.977676359212767,0.9219001610305958,0.9570606463036742,0.9782805429864253,0.5438515589245916,0.6760229056669302
3,0.8758878663161945,0.9782686966780151,0.9146537842190016,0.9528888888888889,0.971894832275612,0.512818269265121,0.6689477900374328
4,0.8583487511563366,0.9699715153460323,0.9008863819500403,0.9449171518137035,0.9759481961147086,0.480174316596429,0.6199028974123015
