,AUROC,AUPRC,accuracy,f1,recall,mcc,gmean
0,0.7946788405929096,0.9902606470383679,0.9697712418300654,0.9846153846153847,0.9974726200505476,0.19257220544748518,0.2843873386465664
1,0.7924078419498903,0.993533004583884,0.9811937857726901,0.9904840711625983,0.9966694421315571,0.2343833070985488,0.36865901505534343
2,0.7546317433617686,0.9851371248744624,0.9763071895424836,0.987941787941788,0.9991589571068125,0.41192012627427804,0.44702549303296174
3,0.7859991603694374,0.9882324074526595,0.9746524938675388,0.9871315898713159,0.998320738874895,0.23032647020161354,0.3059290265233448
4,0.7478355513778262,0.98817303253107,0.9721995094031071,0.9859038142620232,1.0,0.0,0.0
