,AUROC,AUPRC,accuracy,f1,recall,mcc,gmean
0,0.8139537807730028,0.7860968142554503,0.7699115044247787,0.749034749034749,0.7293233082706767,0.5375717104028473,0.7667132591239691
1,0.7899891870143586,0.7576231921548761,0.7115044247787611,0.6797642436149313,0.650375939849624,0.41967427002375685,0.7057719278437765
2,0.829782968272267,0.8402071945103617,0.7575221238938054,0.7531531531531531,0.7437722419928826,0.5151249728007976,0.7573260061327183
3,0.7821399919775371,0.7873048129092058,0.7185840707964601,0.708256880733945,0.6701388888888888,0.44080822667061376,0.7178477240989088
4,0.8073370249181978,0.7753719220980433,0.7375886524822695,0.7299270072992701,0.7299270072992701,0.4747545935061666,0.7373396577927563
