,AUROC,AUPRC,accuracy,f1,recall,mcc,gmean
0,0.9744881477949205,0.942762219355489,0.9446640316205533,0.8857142857142857,0.8378378378378378,0.8517849241942523,0.9067858112693822
1,0.9765314462375689,0.9624632927430204,0.9545454545454546,0.91015625,0.8859315589353612,0.8803530502044882,0.9311318124747052
2,0.967293384488204,0.9273380646554765,0.9564787339268052,0.9083333333333333,0.8825910931174089,0.8804746313560267,0.930194997814622
3,0.9878287588358912,0.9675325111356898,0.9604743083003953,0.9176954732510288,0.9065040650406504,0.8918105849039392,0.9414806575868908
4,0.9772311621966794,0.9540756154982751,0.9475766567754699,0.8974854932301741,0.8888888888888888,0.8623467647094506,0.9276014469827245
