,AUROC,AUPRC,accuracy,f1,recall,mcc,gmean
0,0.9896470794674387,0.9944710030572523,0.9545454545454546,0.9626865671641791,0.945054945054945,0.9056296711146369,0.957475789155928
1,0.9889978213507626,0.9943948002082797,0.9545454545454546,0.9629629629629629,0.9629629629629629,0.9041394335511983,0.9520073963938889
2,0.9869022103873049,0.9924057414776091,0.9545454545454546,0.9624060150375939,0.9588014981273408,0.9049776969717708,0.9533738256339709
3,0.9843746556473828,0.9921521487823557,0.9409090909090909,0.9522058823529411,0.9418181818181818,0.8752146651881273,0.9406052795998007
4,0.9935471505238948,0.9950019429865341,0.9613636363636363,0.9672447013487476,0.9728682170542635,0.9202484750270066,0.9588607403653147
