,AUROC,AUPRC,accuracy,f1,recall,mcc,gmean
0,0.8969457720880448,0.8830962043302945,0.8084179970972424,0.7904761904761904,0.784251968503937,0.6140917135991991,0.8063503112749258
1,0.8958354553942789,0.8728483224541294,0.8178519593613933,0.7970897332255457,0.7825396825396825,0.6323127604133232,0.8144173458833089
2,0.9004924415452462,0.8672469359589647,0.8206245461147422,0.7970419063270336,0.7899022801302932,0.6364462235249363,0.8171546794996027
3,0.8859085396610752,0.8457295086524069,0.8178519593613933,0.791701244813278,0.8016806722689076,0.6300688387048634,0.8157864808534658
4,0.8871092452010326,0.8609178644126777,0.8097312999273784,0.7834710743801653,0.7632850241545893,0.6146770393153412,0.8044730278206114
