,AUROC,AUPRC,accuracy,f1,recall,mcc,gmean
0,0.841804683038264,0.7585697965628523,0.7615062761506276,0.6984126984126984,0.6407766990291263,0.5094152911104528,0.7392867045503003
1,0.9074374420759963,0.8559187046094138,0.8410041841004184,0.7625,0.7349397590361446,0.6442784701426801,0.8121338080710128
2,0.8636561007381676,0.7963198221789629,0.7782426778242678,0.7336683417085427,0.7448979591836735,0.5439595440841432,0.7726415470299567
3,0.8663231716044082,0.8449953689046829,0.7866108786610879,0.7150837988826816,0.6274509803921569,0.563671953636219,0.7535992544233
4,0.89171974522293,0.8178126074545377,0.8284518828451883,0.7453416149068323,0.7317073170731707,0.616315017465864,0.8019705418772176
