,AUROC,AUPRC,accuracy,f1,recall,mcc,gmean
0,0.7891246684350133,0.8877633651694982,0.8096774193548387,0.8817635270541082,0.9482758620689655,0.43402584151210327,0.6139046084353648
1,0.8457165520888418,0.9352998811830511,0.8576051779935275,0.9137254901960784,0.9395161290322581,0.5144090973325357,0.702040540245412
2,0.82375,0.9317737545926286,0.8419354838709677,0.9037328094302554,0.9583333333333334,0.49515046052557765,0.6514635537808404
3,0.8450687387925881,0.9417486194220379,0.8576051779935275,0.912,0.9539748953974896,0.5576299733808519,0.710101311984093
4,0.8213986849970114,0.9330426078406335,0.8381877022653722,0.9007936507936508,0.9497907949790795,0.4874412753164976,0.6589310113393677
