,AUROC,AUPRC,accuracy,f1,recall,mcc,gmean
0,0.7911458333333334,0.7840401029678388,0.7516129032258064,0.7659574468085106,0.7875,0.502627143468101,0.7494998332221295
1,0.7798760821592259,0.8010775380275093,0.7087378640776699,0.75,0.7848837209302325,0.40509829848160833,0.6937164935455095
2,0.7914300033411293,0.7955916665283316,0.7483870967741936,0.7705882352941177,0.7987804878048781,0.4942912373699166,0.7433579369224266
3,0.8069073121362909,0.8376423240509117,0.7378640776699029,0.7552870090634441,0.7485029940119761,0.47319707121073207,0.7368366359315615
4,0.7860101437024513,0.7696174365775458,0.7540453074433657,0.7900552486187845,0.8461538461538461,0.5027109437470672,0.7375337578416624
