,AUROC,AUPRC,accuracy,f1,recall,mcc,gmean
0,0.794194166780775,0.6497217238564467,0.7483870967741936,0.6213592233009708,0.5871559633027523,0.4355642396921826,0.7005406648146965
1,0.7645731977001327,0.618228639433734,0.7022653721682848,0.5929203539823009,0.5630252100840336,0.3605292180772965,0.6667035224959049
2,0.813311403508772,0.7197692040739054,0.7516129032258064,0.6515837104072398,0.6,0.46494214866765454,0.7130365016123501
3,0.7575414123801222,0.6966290942795443,0.7152103559870551,0.5849056603773585,0.5,0.3903994082986465,0.6555377408889055
4,0.8009367681498829,0.7215315931788058,0.7475728155339806,0.6578947368421053,0.5952380952380952,0.4678534661050789,0.7123314405433562
