,AUROC,AUPRC,accuracy,f1,recall,mcc,gmean
0,0.9146766169154229,0.9947584122931763,0.950530035335689,0.974169741697417,0.9850746268656716,0.40653730794018544,0.5730254871776855
1,0.9314465408805033,0.9948194264784196,0.9434628975265018,0.9704797047970479,0.9924528301886792,0.36368488964808704,0.4696222666944808
2,0.9122257053291536,0.9858175066311994,0.9363957597173145,0.966542750929368,0.9961685823754789,0.41531685110317623,0.4758171398130605
3,0.9210076045627376,0.9829870697777412,0.950530035335689,0.9739776951672863,0.9961977186311787,0.5353104645595762,0.5904821771407774
4,0.8007462686567164,0.982636727283045,0.950530035335689,0.9743589743589743,0.9925373134328358,0.32743155756575876,0.4455417631227932
