,AUROC,AUPRC,accuracy,f1,recall,mcc,gmean
0,0.9458568382381571,0.9656596373072164,0.8838409912235415,0.9084249084249084,0.9125102207686018,0.7497035978592596,0.8727560996596464
1,0.9377318980836926,0.9540437170428422,0.8719669592152813,0.8994322789943228,0.9226289517470881,0.725335634140822,0.8532648718391663
2,0.9426184748949348,0.9647447702780693,0.8817759421786268,0.9082164328657315,0.9188969991889699,0.7426128849280558,0.8663253234778178
3,0.9400630950910279,0.9616528214994677,0.8668043366029943,0.8953771289537713,0.9041769041769042,0.7124416284018269,0.852126587153064
4,0.9282953261178559,0.9533213904183747,0.8580278781621063,0.8899559823929571,0.8982229402261712,0.6902357368766461,0.8406879609429313
