,AUROC,AUPRC,accuracy,f1,recall,mcc,gmean
0,0.8956066069347319,0.9444091136367616,0.8338516215015549,0.8806636885768986,0.8984375,0.6089132094020291,0.7902583781243981
1,0.9058956476460064,0.9531589730165091,0.850733007552199,0.8944060339409177,0.9157014157014157,0.6423479433152663,0.8039760381422333
2,0.9001080689087788,0.9420006708579556,0.8368888888888889,0.8805727302310445,0.9044117647058824,0.6261126722974364,0.797324966693062
3,0.9065898929684324,0.9506876037675223,0.8454020435362062,0.8883183568677792,0.9075409836065573,0.6391129716166996,0.805468371941491
4,0.9111508593549591,0.9561832678932487,0.8506666666666667,0.8948027551659361,0.9130990415335464,0.6394070032223853,0.804052722917957
