,AUROC,AUPRC,accuracy,f1,recall,mcc,gmean
0,0.8787943297705478,0.8971499809097615,0.807125890736342,0.8329218106995885,0.8412302576891105,0.6050495981516143,0.8004469282584173
1,0.8868087975645201,0.9139518525516486,0.8052256532066508,0.8285953177257525,0.8320738874895046,0.6031101553679252,0.8005605372073434
2,0.8733008314768681,0.8930850621630965,0.795249406175772,0.8157332193244976,0.8139931740614335,0.5853842624449941,0.7925666754078312
3,0.8747647494674446,0.9042040184968545,0.8004750593824228,0.8271604938271605,0.8237704918032787,0.591242893594437,0.7955838096779799
4,0.8636762205221811,0.8902347039459716,0.7833729216152019,0.8092050209205021,0.8132884777123633,0.5587078621338564,0.7781561608690806
