,AUROC,AUPRC,accuracy,f1,recall,mcc,gmean
0,0.48847926267281105,0.1948903070613597,0.8157894736842105,0.0,0.0,0.0,0.0
1,0.578125,0.24803312629399585,0.8421052631578947,0.0,0.0,0.0,0.0
2,0.803921568627451,0.22053872053872053,0.918918918918919,0.0,0.0,0.0,0.0
3,0.5183823529411764,0.13703007518796992,0.8947368421052632,0.0,0.0,0.0,0.0
4,0.2272727272727273,0.08583877704005141,0.8918918918918919,0.0,0.0,0.0,0.0
