,AUROC,AUPRC,accuracy,f1,recall,mcc,gmean
0,0.08641975308641976,0.07219485495347565,0.9,0.0,0.0,0.0,0.0
1,0.7333333333333334,0.33238095238095233,0.8275862068965517,0.0,0.0,0.0,0.0
2,0.018518518518518545,0.05300127713920817,0.896551724137931,0.0,0.0,-0.05143444998736397,0.0
3,0.7051282051282051,0.20555555555555555,0.896551724137931,0.0,0.0,0.0,0.0
4,0.51,0.4004247876061969,0.8620689655172413,0.0,0.0,0.0,0.0
