,AUROC,AUPRC,accuracy,f1,recall,mcc,gmean
0,0.8116154490542745,0.9825486569164243,0.953076923076923,0.975609756097561,0.9951060358890701,0.42491299453434667,0.5054702745008359
1,0.8335450819672131,0.9851134477483894,0.9438461538461539,0.9707883153261304,0.9942622950819672,0.32265634846691826,0.41712815972952993
2,0.8152920081967213,0.9841892497206761,0.9384615384615385,0.9679743795036029,0.990983606557377,0.2393844083131378,0.369134455045366
3,0.8330129360406905,0.9852936742385914,0.9453846153846154,0.9715886354541817,0.9967159277504105,0.36390574900479383,0.4269965858699426
4,0.8963908431993539,0.9913115432104405,0.9491916859122402,0.9735788630904724,0.9950900163666121,0.38652934173155273,0.4687165437859034
