,AUROC,AUPRC,accuracy,f1,recall,mcc,gmean
0,0.8416834994536243,0.9914774712554539,0.9661515820456218,0.9826937547027841,0.9946686976389947,0.26298938289359863,0.3890535026208942
1,0.8405977584059776,0.9902270682871402,0.9705449189985272,0.984984984984985,0.9984779299847792,0.31198659326196726,0.3689933351180761
2,0.8075295917908097,0.9883476725416144,0.9624447717231223,0.9808198570891312,0.9977046671767407,0.1620406741289839,0.2422571151358117
3,0.8499681933842238,0.9923499352116232,0.9661266568483063,0.9826937547027841,0.9969465648854962,0.2633788466828139,0.3530132017512759
4,0.7442203426588593,0.9798201681234615,0.9631811487481591,0.9811746987951807,0.9984674329501916,0.250984840308799,0.3069121060570236
