,AUROC,AUPRC,accuracy,f1,recall,mcc,gmean
0,0.7366052695510059,0.9711438393164828,0.9386602098466506,0.9682274247491639,0.9974160206718347,0.1865502035653178,0.2528575179860007
1,0.7774455753463387,0.9801771103755843,0.9572235673930589,0.9779442363712026,0.996607294317218,0.35320384306853253,0.42744746728865984
2,0.7165274207369323,0.9702990727325025,0.9467312348668281,0.9724080267558528,0.9965724078834619,0.2998367369030525,0.3720387539333216
3,0.7461349396362895,0.9761201655545289,0.9531880548829701,0.9758333333333333,0.9991467576791809,0.35780055779778636,0.3861688513372891
4,0.7487225904405967,0.9799964405837951,0.9580306698950767,0.9783513738551207,0.9949195596951735,0.35628758958838586,0.4537019133129471
