,AUROC,AUPRC,accuracy,f1,recall,mcc,gmean
0,0.8615280289330922,0.9718389388566411,0.9084394904458599,0.9493615147512109,0.9746835443037974,0.4937289053573057,0.6398180120999993
1,0.8564227331997583,0.9730450194120807,0.9076433121019108,0.9493006993006993,0.9739910313901345,0.4536180827726036,0.6107518659889527
2,0.9026000406256348,0.9818964063371992,0.9044585987261147,0.9470899470899471,0.9817184643510055,0.49447540368108583,0.6129595519138955
3,0.8831993214588634,0.9799723228683427,0.928343949044586,0.9611063094209161,0.9884444444444445,0.5449511828795515,0.6383184014889351
4,0.8629793720270927,0.9735344912579291,0.9035856573705179,0.9466254962505514,0.9736842105263158,0.4722099876248742,0.623057697483022
