,AUROC,AUPRC,accuracy,f1,recall,mcc,gmean
0,0.9057161084529506,0.9767184877491637,0.9076233183856502,0.9467149508535955,0.9631578947368421,0.6056483816901873,0.7524759768217055
1,0.8918538324420677,0.9708958018265854,0.9013452914798207,0.9429460580912863,0.9721925133689839,0.5958416857344414,0.7200712977176575
2,0.9038145028560364,0.9763679911906626,0.9004484304932735,0.9427539969056214,0.9733759318423855,0.5810970644728769,0.7055133280497012
3,0.8894707861361215,0.9737360849973249,0.8887892376681614,0.9357512953367876,0.9616613418530351,0.5353834842697587,0.6934195489936216
4,0.8729461856471503,0.9684111088091835,0.8905829596412556,0.9370485036119711,0.9732047159699893,0.5456125565807313,0.6741800101085318
