,AUROC,AUPRC,accuracy,f1,recall,mcc,gmean
0,0.7963480128893662,0.984016116508763,0.9691313711414213,0.9840208101077667,0.9954887218045113,0.5661758694371579,0.6409653776514715
1,0.860502061605627,0.9897431243015247,0.9748563218390804,0.9869840089252511,0.9977443609022556,0.6530632840643875,0.6948233800534013
2,0.744696398803407,0.9782602512450465,0.9705671213208902,0.9847526961695797,0.9977392614920875,0.6077593252335725,0.6506022771688162
3,0.8202210103329506,0.9893764449171956,0.9770114942528736,0.9881831610044313,0.9985074626865672,0.6141718668246798,0.6499580486329701
4,0.7512666080752727,0.9816793369319218,0.9727011494252874,0.9859363434492968,0.9985007496251874,0.5799865854994128,0.6154199083966435
