,AUROC,AUPRC,accuracy,f1,recall,mcc,gmean
0,0.7840037372147917,0.983765051092444,0.9610486891385768,0.9798605731990705,0.995279307631786,0.4446281570030368,0.5290768425015782
1,0.8380338057347333,0.9836426683069531,0.9640449438202248,0.9814241486068112,1.0,0.5227223640447402,0.5325242619376499
2,0.7742701393095094,0.9792903597284834,0.9617977528089887,0.9802402169701666,0.9960629921259843,0.46709227020016303,0.5395895427280273
3,0.8200826796220361,0.9833665503497218,0.9573033707865168,0.9778296382730455,0.9944620253164557,0.45450450184150804,0.542343669065372
4,0.7839877403319897,0.9801668028630226,0.9662668665667167,0.9825783972125436,0.9968578161822467,0.510335532881496,0.5716980219105837
