,AUROC,AUPRC,accuracy,f1,recall,mcc,gmean
0,0.7846930193439865,0.9420035847736374,0.864816472694718,0.9239294710327456,0.9724284199363733,0.36809846522966994,0.523301810549716
1,0.8094336242418038,0.9544355783717974,0.8683974932855864,0.926019124308002,0.9653725078698846,0.36469990983527967,0.5425134897361507
2,0.7985111302230512,0.9423873677812569,0.8495971351835273,0.9150657229524772,0.980498374864572,0.34299214760416075,0.4715729791999881
3,0.8300564252365616,0.9599880511044252,0.8666069829901522,0.9250879839115134,0.9704641350210971,0.3621448667735843,0.5250093179280892
4,0.8187492309585334,0.9555483905026934,0.8746642793196061,0.9295774647887324,0.9777777777777777,0.4149182780593972,0.5489007102054821
