,AUROC,AUPRC,accuracy,f1,recall,mcc,gmean
0,0.7391858670521995,0.9370544936157688,0.8773109243697479,0.9332113449222323,0.9893307468477207,0.2824753170839025,0.38643620808667845
1,0.6788536177558867,0.9121188157859026,0.8764705882352941,0.9326614750343564,0.989310009718173,0.28873754864146917,0.3919433208085378
2,0.687523127767357,0.9237312316047057,0.8873002523128679,0.9388127853881278,0.9903660886319846,0.32440964549023366,0.42081507471380036
3,0.6992081937912145,0.9169845183819288,0.8747899159663866,0.9313680331644404,0.9806013579049466,0.2870765146023728,0.4301384941306797
4,0.7129873244261735,0.9335571505171348,0.8982338099243061,0.9450748978665456,0.9914285714285714,0.3481651608379012,0.4388389802253921
