,AUROC,AUPRC,accuracy,f1,recall,mcc,gmean
0,0.8650477707006369,0.9915599714452424,0.9807692307692307,0.9901068460625247,0.9960191082802548,0.6630201294678396,0.7370774382458386
1,0.8761924952300192,0.9897274000666973,0.9784449576597383,0.9888535031847133,0.9967897271268058,0.6838954743042848,0.738520986105636
2,0.836314847942755,0.9895896853969417,0.9730561970746728,0.9860613301473516,0.9927826784282278,0.596599346281973,0.7045504518585691
3,0.8698992571486719,0.9937852558833999,0.9815242494226328,0.9906103286384976,0.998422712933754,0.4809513119470914,0.5383908047075753
4,0.8953207953086505,0.9939686623640109,0.9846035411855273,0.9920760697305864,0.9992019154030327,0.7459636769430678,0.7658250980348196
