,AUROC,AUPRC,accuracy,f1,recall,mcc,gmean
0,0.8090689625441869,0.8165207608285554,0.7403508771929824,0.720754716981132,0.6845878136200717,0.4817365569343889,0.7371809052739153
1,0.7941194680403179,0.790954092149675,0.7434094903339191,0.7234848484848485,0.7047970479704797,0.4850473865700646,0.7407435841641651
2,0.796150621424344,0.7918482862108955,0.7140350877192982,0.6953271028037383,0.6788321167883211,0.426652198309151,0.7119204561222654
3,0.7671266755700648,0.7908421414115604,0.7047451669595782,0.7031802120141343,0.6791808873720137,0.41121752503921577,0.7050401860505427
4,0.7892486406327237,0.787050564816778,0.7135325131810193,0.7009174311926606,0.6821428571428572,0.4270384652319851,0.7123738625327102
