,AUROC,AUPRC,accuracy,f1,recall,mcc,gmean
0,0.9709128148691613,0.9428514421364765,0.9417571569595261,0.883629191321499,0.8582375478927203,0.8454913307724133,0.9127592971443886
1,0.9803891615746769,0.957749166974739,0.9427443237907206,0.8897338403041825,0.8731343283582089,0.8513667025673683,0.9192423570902382
2,0.9720699054032387,0.9357140353393085,0.9466929911154985,0.8865546218487395,0.8683127572016461,0.8520572290125641,0.9184246410466125
3,0.9843400801180687,0.9687697163447818,0.9595261599210266,0.9158110882956879,0.8991935483870968,0.8894455905307171,0.9382893402022483
4,0.9740307896890343,0.9451628381359988,0.9407114624505929,0.8832684824902723,0.8730769230769231,0.8436439066241948,0.9174583076726224
