,AUROC,AUPRC,accuracy,f1,recall,mcc,gmean
0,0.8906564517168667,0.8542576923430869,0.8301886792452831,0.804953560371517,0.7938931297709924,0.654846510661399,0.8257408183879043
1,0.8962628913342301,0.8746360193992397,0.8295148247978437,0.8031128404669261,0.7794561933534743,0.6539661371967375,0.8234039920484543
2,0.8951156955673265,0.8619762149796338,0.837491571139582,0.8039056143205858,0.7804107424960506,0.6662550396746487,0.828710717558621
3,0.888328320108204,0.8421096317036065,0.8274932614555256,0.79585326953748,0.7908082408874801,0.6465450189635114,0.8221003663999329
4,0.9047090634027616,0.8803684225958367,0.8334457181389077,0.803187250996016,0.7801857585139319,0.6599058731723357,0.8260223926195697
