,AUROC,AUPRC,accuracy,f1,recall,mcc,gmean
0,0.8664677465188975,0.8208655670525745,0.8022388059701493,0.7511737089201878,0.6956521739130435,0.5940032467676332,0.7834607467435618
1,0.8907784431137725,0.8301574745318762,0.8239700374531835,0.7707317073170732,0.79,0.6285047726277454,0.8167043455400199
2,0.8237670825906119,0.7444997352523568,0.7265917602996255,0.6096256684491979,0.5588235294117647,0.4058707701556275,0.6811702209251538
3,0.8771694450787851,0.8205817309914267,0.8202247191011236,0.7818181818181819,0.7413793103448276,0.6324393206007617,0.8080859909157677
4,0.8746634026927784,0.7743345028233676,0.8202247191011236,0.75,0.7578947368421053,0.6097535470000336,0.8048202396281141
